solid 
 facet normal 6.120049941740e-02 1.071044012052e-01 9.923624066406e-01
   outer loop
     vertex 4.823758384571e+00 1.341300514357e+01 1.355000000000e+01
     vertex 4.644679106330e+00 1.365719303021e+01 1.353468920627e+01
     vertex 4.646113190256e+00 1.355004718267e+01 1.354616487797e+01
   endloop
 endfacet
 facet normal 5.884179207452e-03 3.559434423530e-02 9.993489976447e-01
   outer loop
     vertex 4.823758384571e+00 1.341300514357e+01 1.355000000000e+01
     vertex 4.646113190256e+00 1.355004718267e+01 1.354616487797e+01
     vertex 4.646594190769e+00 1.344229254549e+01 1.355000000000e+01
   endloop
 endfacet
 facet normal 1.920930803115e-01 2.011020651328e-01 9.605509918249e-01
   outer loop
     vertex 4.640213794945e+00 1.383314971595e+01 1.349874369400e+01
     vertex 4.644679106330e+00 1.365719303021e+01 1.353468920627e+01
     vertex 4.823758384571e+00 1.341300514357e+01 1.355000000000e+01
   endloop
 endfacet
 facet normal 3.145880201664e-02 9.978661187384e-01 5.721497050241e-02
   outer loop
     vertex 4.664634733200e+00 1.494500942926e+01 1.204336439583e+01
     vertex 4.494266600523e+00 1.495000000000e+01 1.205000000000e+01
     vertex 4.508680126682e+00 1.493931466494e+01 1.222843409627e+01
   endloop
 endfacet
 facet normal 1.254428699018e-01 9.780361877341e-01 1.664611121955e-01
   outer loop
     vertex 4.834395430725e+00 1.493016828166e+01 1.203671863641e+01
     vertex 4.508680126682e+00 1.493931466494e+01 1.222843409627e+01
     vertex 4.523819987949e+00 1.490751369420e+01 1.240387034179e+01
   endloop
 endfacet
 facet normal 9.074617293225e-02 9.901159799309e-01 1.069367962096e-01
   outer loop
     vertex 4.834395430725e+00 1.493016828166e+01 1.203671863641e+01
     vertex 4.664634733200e+00 1.494500942926e+01 1.204336439583e+01
     vertex 4.508680126682e+00 1.493931466494e+01 1.222843409627e+01
   endloop
 endfacet
 facet normal 1.749997537245e-01 9.624715890292e-01 2.074211332243e-01
   outer loop
     vertex 5.164930172680e+00 1.487287906498e+01 1.202368112677e+01
     vertex 4.834395430725e+00 1.493016828166e+01 1.203671863641e+01
     vertex 4.523819987949e+00 1.490751369420e+01 1.240387034179e+01
   endloop
 endfacet
 facet normal 5.897920346798e-02 2.440475026406e-03 9.982562284504e-01
   outer loop
     vertex 6.175668254269e+00 1.195000000000e+01 1.353956429852e+01
     vertex 5.994219645943e+00 1.206644880050e+01 1.355000000000e+01
     vertex 5.999038130642e+00 1.195000000000e+01 1.355000000000e+01
   endloop
 endfacet
 facet normal 1.731413615400e-01 1.830612902451e-01 9.677347947335e-01
   outer loop
     vertex 6.349840698907e+00 1.195000000000e+01 1.350840239924e+01
     vertex 5.994219645943e+00 1.206644880050e+01 1.355000000000e+01
     vertex 6.175668254269e+00 1.195000000000e+01 1.353956429852e+01
   endloop
 endfacet
 facet normal 1.209794133489e-01 1.490279853097e-02 9.925431417030e-01
   outer loop
     vertex 6.349840698907e+00 1.195000000000e+01 1.350840239924e+01
     vertex 5.979980901915e+00 1.218203748645e+01 1.355000000000e+01
     vertex 5.994219645943e+00 1.206644880050e+01 1.355000000000e+01
   endloop
 endfacet
 facet normal 9.882583326071e-01 1.199669369513e-01 9.462241843867e-02
   outer loop
     vertex 7.498042224557e+00 1.195000000000e+01 1.210465095080e+01
     vertex 7.474133926363e+00 1.228577170835e+01 1.192864690513e+01
     vertex 7.481178115599e+00 1.195000000000e+01 1.228078358908e+01
   endloop
 endfacet
 facet normal 9.979888308766e-01 5.925108788559e-02 -2.253002507490e-02
   outer loop
     vertex 7.494048787862e+00 1.195000000000e+01 1.192775788451e+01
     vertex 7.474133926363e+00 1.228577170835e+01 1.192864690513e+01
     vertex 7.498042224557e+00 1.195000000000e+01 1.210465095080e+01
   endloop
 endfacet
 facet normal 1.218093394290e-01 5.312923766735e-01 8.383858868781e-01
   outer loop
     vertex 5.208578422289e+00 1.398801246508e+01 1.339386898939e+01
     vertex 4.612955119088e+00 1.431733443572e+01 1.327171310275e+01
     vertex 4.624097682892e+00 1.416572207142e+01 1.336617226084e+01
   endloop
 endfacet
 facet normal 8.722336594724e-02 4.271383367472e-01 8.999694026542e-01
   outer loop
     vertex 5.208578422289e+00 1.398801246508e+01 1.339386898939e+01
     vertex 4.624097682892e+00 1.416572207142e+01 1.336617226084e+01
     vertex 4.633284068724e+00 1.400346886530e+01 1.344228962316e+01
   endloop
 endfacet
 facet normal 8.799883522824e-02 3.166309319420e-01 9.444580763252e-01
   outer loop
     vertex 5.208578422289e+00 1.398801246508e+01 1.339386898939e+01
     vertex 4.633284068724e+00 1.400346886530e+01 1.344228962316e+01
     vertex 4.640213794945e+00 1.383314971595e+01 1.349874369400e+01
   endloop
 endfacet
 facet normal 6.377316418597e-02 2.215352653432e-01 9.730648024356e-01
   outer loop
     vertex 5.208578422289e+00 1.398801246508e+01 1.339386898939e+01
     vertex 4.823758384571e+00 1.341300514357e+01 1.355000000000e+01
     vertex 4.996367601978e+00 1.336331627826e+01 1.355000000000e+01
   endloop
 endfacet
 facet normal 8.933527471051e-02 2.128344903388e-01 9.729957288779e-01
   outer loop
     vertex 5.208578422289e+00 1.398801246508e+01 1.339386898939e+01
     vertex 4.996367601978e+00 1.336331627826e+01 1.355000000000e+01
     vertex 5.161868086127e+00 1.329384900727e+01 1.355000000000e+01
   endloop
 endfacet
 facet normal 1.318635375240e-01 1.766028294513e-01 9.754093746225e-01
   outer loop
     vertex 5.208578422289e+00 1.398801246508e+01 1.339386898939e+01
     vertex 4.640213794945e+00 1.383314971595e+01 1.349874369400e+01
     vertex 4.823758384571e+00 1.341300514357e+01 1.355000000000e+01
   endloop
 endfacet
 facet normal 1.698414818026e-01 8.539088488429e-01 4.919283981708e-01
   outer loop
     vertex 5.381972036462e+00 1.448518702829e+01 1.296823376895e+01
     vertex 4.555303270156e+00 1.478235199859e+01 1.273781578556e+01
     vertex 4.570923219684e+00 1.469101909650e+01 1.289096217474e+01
   endloop
 endfacet
 facet normal 1.440938982175e-01 7.910004883482e-01 5.946050587822e-01
   outer loop
     vertex 5.381972036462e+00 1.448518702829e+01 1.296823376895e+01
     vertex 4.570923219684e+00 1.469101909650e+01 1.289096217474e+01
     vertex 4.585985230244e+00 1.458206551705e+01 1.303225258169e+01
   endloop
 endfacet
 facet normal 1.420500765067e-01 7.142801773986e-01 6.852923492494e-01
   outer loop
     vertex 5.381972036462e+00 1.448518702829e+01 1.296823376895e+01
     vertex 4.585985230244e+00 1.458206551705e+01 1.303225258169e+01
     vertex 4.600145322785e+00 1.445670818058e+01 1.315997736718e+01
   endloop
 endfacet
 facet normal 1.641276868102e-01 6.261594017226e-01 7.622247083746e-01
   outer loop
     vertex 5.381972036462e+00 1.448518702829e+01 1.296823376895e+01
     vertex 4.600145322785e+00 1.445670818058e+01 1.315997736718e+01
     vertex 4.612955119088e+00 1.431733443572e+01 1.327171310275e+01
   endloop
 endfacet
 facet normal 1.747933932549e-01 6.044397507423e-01 7.772386103360e-01
   outer loop
     vertex 5.381972036462e+00 1.448518702829e+01 1.296823376895e+01
     vertex 4.612955119088e+00 1.431733443572e+01 1.327171310275e+01
     vertex 5.208578422289e+00 1.398801246508e+01 1.339386898939e+01
   endloop
 endfacet
 facet normal 1.625780206885e-01 1.704041343356e-01 9.718697537172e-01
   outer loop
     vertex 5.848005958124e+00 1.364715646764e+01 1.338919609372e+01
     vertex 5.461412123347e+00 1.309887873546e+01 1.355000000000e+01
     vertex 5.590787626954e+00 1.297544503249e+01 1.355000000000e+01
   endloop
 endfacet
 facet normal 1.661976964020e-01 9.465947572320e-01 2.762909540531e-01
   outer loop
     vertex 5.460373073747e+00 1.471011658620e+01 1.251680238550e+01
     vertex 4.523819987949e+00 1.490751369420e+01 1.240387034179e+01
     vertex 4.539457450534e+00 1.485497963939e+01 1.257444976143e+01
   endloop
 endfacet
 facet normal 1.771453259381e-01 9.612677520679e-01 2.111488629678e-01
   outer loop
     vertex 5.460373073747e+00 1.471011658620e+01 1.251680238550e+01
     vertex 5.164930172680e+00 1.487287906498e+01 1.202368112677e+01
     vertex 4.523819987949e+00 1.490751369420e+01 1.240387034179e+01
   endloop
 endfacet
 facet normal 1.668765158512e-01 9.068629573236e-01 3.869777837184e-01
   outer loop
     vertex 5.460373073747e+00 1.471011658620e+01 1.251680238550e+01
     vertex 4.539457450534e+00 1.485497963939e+01 1.257444976143e+01
     vertex 4.555303270156e+00 1.478235199859e+01 1.273781578556e+01
   endloop
 endfacet
 facet normal 3.829819820343e-01 9.122385913436e-01 1.454151089140e-01
   outer loop
     vertex 5.460373073747e+00 1.471011658620e+01 1.251680238550e+01
     vertex 5.797334378902e+00 1.465129564146e+01 1.199834613080e+01
     vertex 5.487205923180e+00 1.477950440437e+01 1.201083884493e+01
   endloop
 endfacet
 facet normal 2.806751005855e-01 9.487865995022e-01 1.450016431507e-01
   outer loop
     vertex 5.460373073747e+00 1.471011658620e+01 1.251680238550e+01
     vertex 5.487205923180e+00 1.477950440437e+01 1.201083884493e+01
     vertex 5.164930172680e+00 1.487287906498e+01 1.202368112677e+01
   endloop
 endfacet
 facet normal 1.824270530449e-01 8.670177686009e-01 4.636815278266e-01
   outer loop
     vertex 5.460373073747e+00 1.471011658620e+01 1.251680238550e+01
     vertex 4.555303270156e+00 1.478235199859e+01 1.273781578556e+01
     vertex 5.381972036462e+00 1.448518702829e+01 1.296823376895e+01
   endloop
 endfacet
 facet normal 1.816266918998e-01 1.495425154398e-01 9.719304403431e-01
   outer loop
     vertex 6.193192890778e+00 1.330594412542e+01 1.338657622566e+01
     vertex 5.590787626954e+00 1.297544503249e+01 1.355000000000e+01
     vertex 5.704561142675e+00 1.283726153848e+01 1.355000000000e+01
   endloop
 endfacet
 facet normal 2.008030067741e-01 1.292492037934e-01 9.710678636374e-01
   outer loop
     vertex 6.193192890778e+00 1.330594412542e+01 1.338657622566e+01
     vertex 5.704561142675e+00 1.283726153848e+01 1.355000000000e+01
     vertex 5.801549949272e+00 1.268657864515e+01 1.355000000000e+01
   endloop
 endfacet
 facet normal 1.720128827543e-01 1.665617941125e-01 9.709112919874e-01
   outer loop
     vertex 6.193192890778e+00 1.330594412542e+01 1.338657622566e+01
     vertex 5.848005958124e+00 1.364715646764e+01 1.338919609372e+01
     vertex 5.590787626954e+00 1.297544503249e+01 1.355000000000e+01
   endloop
 endfacet
 facet normal 2.055331655011e-01 1.261060578774e-01 9.704913085885e-01
   outer loop
     vertex 6.455203900356e+00 1.289462212750e+01 1.338453421199e+01
     vertex 6.193192890778e+00 1.330594412542e+01 1.338657622566e+01
     vertex 5.801549949272e+00 1.268657864515e+01 1.355000000000e+01
   endloop
 endfacet
 facet normal 6.677987471301e-01 7.338780463118e-01 1.243697972700e-01
   outer loop
     vertex 6.323339502591e+00 1.424574472972e+01 1.249010704139e+01
     vertex 6.614451324641e+00 1.406985536091e+01 1.196487692018e+01
     vertex 6.365273255827e+00 1.429485638962e+01 1.197514860054e+01
   endloop
 endfacet
 facet normal 5.779928559085e-01 8.065673826437e-01 1.239891760356e-01
   outer loop
     vertex 6.323339502591e+00 1.424574472972e+01 1.249010704139e+01
     vertex 6.365273255827e+00 1.429485638962e+01 1.197514860054e+01
     vertex 6.091514132636e+00 1.448930857999e+01 1.198637557411e+01
   endloop
 endfacet
 facet normal 6.319819706316e-01 6.308630554952e-01 4.501228654578e-01
   outer loop
     vertex 6.607467201029e+00 1.363788068260e+01 1.294312865608e+01
     vertex 6.323339502591e+00 1.424574472972e+01 1.249010704139e+01
     vertex 6.177569604453e+00 1.406217393684e+01 1.295205197851e+01
   endloop
 endfacet
 facet normal 2.897843341950e-01 8.371106083898e-02 9.534240913405e-01
   outer loop
     vertex 6.621561017192e+00 1.243527818274e+01 1.338320790910e+01
     vertex 6.349840698907e+00 1.195000000000e+01 1.350840239924e+01
     vertex 6.519131982370e+00 1.195000000000e+01 1.345694789719e+01
   endloop
 endfacet
 facet normal 1.969887958017e-01 1.400371925286e-01 9.703530280456e-01
   outer loop
     vertex 6.621561017192e+00 1.243527818274e+01 1.338320790910e+01
     vertex 5.979980901915e+00 1.218203748645e+01 1.355000000000e+01
     vertex 6.349840698907e+00 1.195000000000e+01 1.350840239924e+01
   endloop
 endfacet
 facet normal 4.008527412811e-01 5.435719582672e-02 9.145284987737e-01
   outer loop
     vertex 6.621561017192e+00 1.243527818274e+01 1.338320790910e+01
     vertex 6.519131982370e+00 1.195000000000e+01 1.345694789719e+01
     vertex 6.681186540263e+00 1.195000000000e+01 1.338591674413e+01
   endloop
 endfacet
 facet normal 5.053670546909e-01 6.689607594986e-02 8.603075351615e-01
   outer loop
     vertex 6.621561017192e+00 1.243527818274e+01 1.338320790910e+01
     vertex 6.681186540263e+00 1.195000000000e+01 1.338591674413e+01
     vertex 6.833749501933e+00 1.195000000000e+01 1.329629728662e+01
   endloop
 endfacet
 facet normal 6.000850409408e-01 1.207658296804e-01 7.907677016803e-01
   outer loop
     vertex 6.621561017192e+00 1.243527818274e+01 1.338320790910e+01
     vertex 6.833749501933e+00 1.195000000000e+01 1.329629728662e+01
     vertex 6.974698065346e+00 1.195000000000e+01 1.318933651386e+01
   endloop
 endfacet
 facet normal 8.147763918137e-01 5.685516676478e-01 1.135272326708e-01
   outer loop
     vertex 6.788400486442e+00 1.378304635224e+01 1.247544457156e+01
     vertex 7.029243626443e+00 1.354328726926e+01 1.194766038505e+01
     vertex 6.836415360361e+00 1.381802060283e+01 1.195569214885e+01
   endloop
 endfacet
 facet normal 7.474260600435e-01 6.546471962109e-01 1.130987765677e-01
   outer loop
     vertex 6.788400486442e+00 1.378304635224e+01 1.247544457156e+01
     vertex 6.836415360361e+00 1.381802060283e+01 1.195569214885e+01
     vertex 6.614451324641e+00 1.406985536091e+01 1.196487692018e+01
   endloop
 endfacet
 facet normal 6.993395932776e-01 6.980350184625e-01 1.538546270812e-01
   outer loop
     vertex 6.788400486442e+00 1.378304635224e+01 1.247544457156e+01
     vertex 6.614451324641e+00 1.406985536091e+01 1.196487692018e+01
     vertex 6.323339502591e+00 1.424574472972e+01 1.249010704139e+01
   endloop
 endfacet
 facet normal 6.394567481642e-01 6.286985410114e-01 4.425304642139e-01
   outer loop
     vertex 6.788400486442e+00 1.378304635224e+01 1.247544457156e+01
     vertex 6.323339502591e+00 1.424574472972e+01 1.249010704139e+01
     vertex 6.607467201029e+00 1.363788068260e+01 1.294312865608e+01
   endloop
 endfacet
 facet normal 8.374940745399e-01 5.275313354771e-01 1.425284715429e-01
   outer loop
     vertex 7.140959309890e+00 1.322637719656e+01 1.246418013834e+01
     vertex 7.029243626443e+00 1.354328726926e+01 1.194766038505e+01
     vertex 6.788400486442e+00 1.378304635224e+01 1.247544457156e+01
   endloop
 endfacet
 facet normal 9.183285799694e-01 3.816602515768e-01 1.049193574982e-01
   outer loop
     vertex 7.140959309890e+00 1.322637719656e+01 1.246418013834e+01
     vertex 7.320663526895e+00 1.293936345754e+01 1.193533795037e+01
     vertex 7.191244683446e+00 1.324924785243e+01 1.194085139066e+01
   endloop
 endfacet
 facet normal 8.720741972204e-01 4.780451858611e-01 1.046871282317e-01
   outer loop
     vertex 7.140959309890e+00 1.322637719656e+01 1.246418013834e+01
     vertex 7.191244683446e+00 1.324924785243e+01 1.194085139066e+01
     vertex 7.029243626443e+00 1.354328726926e+01 1.194766038505e+01
   endloop
 endfacet
 facet normal 7.619231927912e-01 4.736142268581e-01 4.417721272381e-01
   outer loop
     vertex 7.140959309890e+00 1.322637719656e+01 1.246418013834e+01
     vertex 6.788400486442e+00 1.378304635224e+01 1.247544457156e+01
     vertex 6.607467201029e+00 1.363788068260e+01 1.294312865608e+01
   endloop
 endfacet
 facet normal 7.614231912806e-01 4.798828177721e-01 4.358293301135e-01
   outer loop
     vertex 7.140959309890e+00 1.322637719656e+01 1.246418013834e+01
     vertex 6.607467201029e+00 1.363788068260e+01 1.294312865608e+01
     vertex 6.933998845404e+00 1.312602119536e+01 1.293625396118e+01
   endloop
 endfacet
 facet normal 6.895420288839e-01 1.144865032179e-01 7.151395884606e-01
   outer loop
     vertex 7.141445284376e+00 1.255419459465e+01 1.293183246137e+01
     vertex 6.974698065346e+00 1.195000000000e+01 1.318933651386e+01
     vertex 7.102071034328e+00 1.195000000000e+01 1.306652270677e+01
   endloop
 endfacet
 facet normal 7.708802358341e-01 9.032715816693e-02 6.305431519712e-01
   outer loop
     vertex 7.141445284376e+00 1.255419459465e+01 1.293183246137e+01
     vertex 7.102071034328e+00 1.195000000000e+01 1.306652270677e+01
     vertex 7.214096107170e+00 1.195000000000e+01 1.292956472967e+01
   endloop
 endfacet
 facet normal 8.390798300764e-01 9.888656425134e-02 5.349453113820e-01
   outer loop
     vertex 7.141445284376e+00 1.255419459465e+01 1.293183246137e+01
     vertex 7.214096107170e+00 1.195000000000e+01 1.292956472967e+01
     vertex 7.309214536914e+00 1.195000000000e+01 1.278036825263e+01
   endloop
 endfacet
 facet normal 8.918080548498e-01 1.397652158385e-01 4.302837177335e-01
   outer loop
     vertex 7.141445284376e+00 1.255419459465e+01 1.293183246137e+01
     vertex 7.309214536914e+00 1.195000000000e+01 1.278036825263e+01
     vertex 7.386102820177e+00 1.195000000000e+01 1.262100923552e+01
   endloop
 endfacet
 facet normal 6.279287614812e-01 1.520085470696e-01 7.632816466564e-01
   outer loop
     vertex 7.141445284376e+00 1.255419459465e+01 1.293183246137e+01
     vertex 6.621561017192e+00 1.243527818274e+01 1.338320790910e+01
     vertex 6.974698065346e+00 1.195000000000e+01 1.318933651386e+01
   endloop
 endfacet
 facet normal 8.489781489973e-01 3.046525553767e-01 4.317672093009e-01
   outer loop
     vertex 7.364561336987e+00 1.260545562503e+01 1.245695282059e+01
     vertex 6.933998845404e+00 1.312602119536e+01 1.293625396118e+01
     vertex 7.141445284376e+00 1.255419459465e+01 1.293183246137e+01
   endloop
 endfacet
 facet normal 8.484059398986e-01 3.004493636400e-01 4.358182431165e-01
   outer loop
     vertex 7.364561336987e+00 1.260545562503e+01 1.245695282059e+01
     vertex 7.140959309890e+00 1.322637719656e+01 1.246418013834e+01
     vertex 6.933998845404e+00 1.312602119536e+01 1.293625396118e+01
   endloop
 endfacet
 facet normal 9.800581820590e-01 1.722834818387e-01 9.901697664920e-02
   outer loop
     vertex 7.364561336987e+00 1.260545562503e+01 1.245695282059e+01
     vertex 7.474133926363e+00 1.228577170835e+01 1.192864690513e+01
     vertex 7.415664033545e+00 1.261690602746e+01 1.193122144757e+01
   endloop
 endfacet
 facet normal 9.548737730068e-01 2.800565119877e-01 9.891626619070e-02
   outer loop
     vertex 7.364561336987e+00 1.260545562503e+01 1.245695282059e+01
     vertex 7.415664033545e+00 1.261690602746e+01 1.193122144757e+01
     vertex 7.320663526895e+00 1.293936345754e+01 1.193533795037e+01
   endloop
 endfacet
 facet normal 9.396204794135e-01 1.118329406968e-01 3.234296647523e-01
   outer loop
     vertex 7.364561336987e+00 1.260545562503e+01 1.245695282059e+01
     vertex 7.386102820177e+00 1.195000000000e+01 1.262100923552e+01
     vertex 7.443691112729e+00 1.195000000000e+01 1.245370504251e+01
   endloop
 endfacet
 facet normal 9.706850551984e-01 1.161431131327e-01 2.104312260249e-01
   outer loop
     vertex 7.364561336987e+00 1.260545562503e+01 1.245695282059e+01
     vertex 7.443691112729e+00 1.195000000000e+01 1.245370504251e+01
     vertex 7.481178115599e+00 1.195000000000e+01 1.228078358908e+01
   endloop
 endfacet
 facet normal 9.827203604720e-01 1.433804925389e-01 1.170586497146e-01
   outer loop
     vertex 7.364561336987e+00 1.260545562503e+01 1.245695282059e+01
     vertex 7.481178115599e+00 1.195000000000e+01 1.228078358908e+01
     vertex 7.474133926363e+00 1.228577170835e+01 1.192864690513e+01
   endloop
 endfacet
 facet normal 9.326776708522e-01 3.342922924751e-01 1.355028615396e-01
   outer loop
     vertex 7.364561336987e+00 1.260545562503e+01 1.245695282059e+01
     vertex 7.320663526895e+00 1.293936345754e+01 1.193533795037e+01
     vertex 7.140959309890e+00 1.322637719656e+01 1.246418013834e+01
   endloop
 endfacet
 facet normal 8.906500116335e-01 1.377303228790e-01 4.333277223267e-01
   outer loop
     vertex 7.364561336987e+00 1.260545562503e+01 1.245695282059e+01
     vertex 7.141445284376e+00 1.255419459465e+01 1.293183246137e+01
     vertex 7.386102820177e+00 1.195000000000e+01 1.262100923552e+01
   endloop
 endfacet
 facet normal 5.878751319264e-02 1.036235093380e-01 9.928777349730e-01
   outer loop
     vertex 5.485064668246e+00 1.350496138394e+01 1.350883065232e+01
     vertex 5.161868086127e+00 1.329384900727e+01 1.355000000000e+01
     vertex 5.317726601783e+00 1.320542761908e+01 1.355000000000e+01
   endloop
 endfacet
 facet normal 7.154441558230e-02 9.648056665292e-02 9.927602413762e-01
   outer loop
     vertex 5.485064668246e+00 1.350496138394e+01 1.350883065232e+01
     vertex 5.317726601783e+00 1.320542761908e+01 1.355000000000e+01
     vertex 5.461412123347e+00 1.309887873546e+01 1.355000000000e+01
   endloop
 endfacet
 facet normal -1.992629677374e-02 2.206701123289e-01 9.751449349823e-01
   outer loop
     vertex 5.485064668246e+00 1.350496138394e+01 1.350883065232e+01
     vertex 5.208578422289e+00 1.398801246508e+01 1.339386898939e+01
     vertex 5.161868086127e+00 1.329384900727e+01 1.355000000000e+01
   endloop
 endfacet
 facet normal 2.835023231387e-01 8.036737000634e-02 9.555979900634e-01
   outer loop
     vertex 5.485064668246e+00 1.350496138394e+01 1.350883065232e+01
     vertex 5.461412123347e+00 1.309887873546e+01 1.355000000000e+01
     vertex 5.848005958124e+00 1.364715646764e+01 1.338919609372e+01
   endloop
 endfacet
 facet normal 1.265631124137e-01 6.192684700341e-01 7.749118276280e-01
   outer loop
     vertex 5.596348901958e+00 1.423656440534e+01 1.313190651658e+01
     vertex 5.381972036462e+00 1.448518702829e+01 1.296823376895e+01
     vertex 5.208578422289e+00 1.398801246508e+01 1.339386898939e+01
   endloop
 endfacet
 facet normal 1.938268560015e-01 5.522144620139e-01 8.108577790434e-01
   outer loop
     vertex 5.682445331213e+00 1.409816673516e+01 1.320557836920e+01
     vertex 5.596348901958e+00 1.423656440534e+01 1.313190651658e+01
     vertex 5.208578422289e+00 1.398801246508e+01 1.339386898939e+01
   endloop
 endfacet
 facet normal 4.138886747669e-01 5.420564757354e-01 7.313487143716e-01
   outer loop
     vertex 5.753404266735e+00 1.395262953968e+01 1.327328926894e+01
     vertex 6.177569604453e+00 1.406217393684e+01 1.295205197851e+01
     vertex 5.682445331213e+00 1.409816673516e+01 1.320557836920e+01
   endloop
 endfacet
 facet normal 2.241226516104e-01 3.451826891954e-01 9.113824379013e-01
   outer loop
     vertex 5.753404266735e+00 1.395262953968e+01 1.327328926894e+01
     vertex 5.208578422289e+00 1.398801246508e+01 1.339386898939e+01
     vertex 5.485064668246e+00 1.350496138394e+01 1.350883065232e+01
   endloop
 endfacet
 facet normal 2.181517216832e-01 4.970913501360e-01 8.398273727062e-01
   outer loop
     vertex 5.753404266735e+00 1.395262953968e+01 1.327328926894e+01
     vertex 5.682445331213e+00 1.409816673516e+01 1.320557836920e+01
     vertex 5.208578422289e+00 1.398801246508e+01 1.339386898939e+01
   endloop
 endfacet
 facet normal 1.466887648511e-01 3.903048117628e-01 9.089249474964e-01
   outer loop
     vertex 5.753404266735e+00 1.395262953968e+01 1.327328926894e+01
     vertex 5.485064668246e+00 1.350496138394e+01 1.350883065232e+01
     vertex 5.848005958124e+00 1.364715646764e+01 1.338919609372e+01
   endloop
 endfacet
 facet normal 2.808055623476e-01 8.386819215281e-01 4.666485515423e-01
   outer loop
     vertex 5.738499900116e+00 1.453275920930e+01 1.266819440320e+01
     vertex 5.460373073747e+00 1.471011658620e+01 1.251680238550e+01
     vertex 5.381972036462e+00 1.448518702829e+01 1.296823376895e+01
   endloop
 endfacet
 facet normal 4.792575281946e-01 8.560595296310e-01 1.935828075961e-01
   outer loop
     vertex 5.738499900116e+00 1.453275920930e+01 1.266819440320e+01
     vertex 6.091514132636e+00 1.448930857999e+01 1.198637557411e+01
     vertex 5.797334378902e+00 1.465129564146e+01 1.199834613080e+01
   endloop
 endfacet
 facet normal 4.790923319314e-01 8.561729608190e-01 1.934900479276e-01
   outer loop
     vertex 5.738499900116e+00 1.453275920930e+01 1.266819440320e+01
     vertex 6.323339502591e+00 1.424574472972e+01 1.249010704139e+01
     vertex 6.091514132636e+00 1.448930857999e+01 1.198637557411e+01
   endloop
 endfacet
 facet normal 4.503137957082e-01 8.715868137919e-01 1.937883160019e-01
   outer loop
     vertex 5.738499900116e+00 1.453275920930e+01 1.266819440320e+01
     vertex 5.797334378902e+00 1.465129564146e+01 1.199834613080e+01
     vertex 5.460373073747e+00 1.471011658620e+01 1.251680238550e+01
   endloop
 endfacet
 facet normal 3.384990006590e-01 7.802593362088e-01 5.259408662691e-01
   outer loop
     vertex 5.864343311686e+00 1.442843703364e+01 1.274196787275e+01
     vertex 5.738499900116e+00 1.453275920930e+01 1.266819440320e+01
     vertex 5.381972036462e+00 1.448518702829e+01 1.296823376895e+01
   endloop
 endfacet
 facet normal 3.655193147399e-01 7.107989268438e-01 6.009663186484e-01
   outer loop
     vertex 5.864343311686e+00 1.442843703364e+01 1.274196787275e+01
     vertex 5.381972036462e+00 1.448518702829e+01 1.296823376895e+01
     vertex 5.596348901958e+00 1.423656440534e+01 1.313190651658e+01
   endloop
 endfacet
 facet normal 4.931600657899e-01 8.132813709329e-01 3.088147684351e-01
   outer loop
     vertex 5.864343311686e+00 1.442843703364e+01 1.274196787275e+01
     vertex 6.323339502591e+00 1.424574472972e+01 1.249010704139e+01
     vertex 5.738499900116e+00 1.453275920930e+01 1.266819440320e+01
   endloop
 endfacet
 facet normal 5.654770093527e-01 6.895719374434e-01 4.524668993241e-01
   outer loop
     vertex 5.980058501896e+00 1.431467551154e+01 1.281407500698e+01
     vertex 6.177569604453e+00 1.406217393684e+01 1.295205197851e+01
     vertex 6.323339502591e+00 1.424574472972e+01 1.249010704139e+01
   endloop
 endfacet
 facet normal 3.816017578761e-01 6.549222691383e-01 6.522705878488e-01
   outer loop
     vertex 5.980058501896e+00 1.431467551154e+01 1.281407500698e+01
     vertex 5.682445331213e+00 1.409816673516e+01 1.320557836920e+01
     vertex 6.177569604453e+00 1.406217393684e+01 1.295205197851e+01
   endloop
 endfacet
 facet normal 4.238570948577e-01 6.167607877757e-01 6.632882433762e-01
   outer loop
     vertex 5.980058501896e+00 1.431467551154e+01 1.281407500698e+01
     vertex 5.596348901958e+00 1.423656440534e+01 1.313190651658e+01
     vertex 5.682445331213e+00 1.409816673516e+01 1.320557836920e+01
   endloop
 endfacet
 facet normal 5.152648243339e-01 7.667718959047e-01 3.828355005153e-01
   outer loop
     vertex 5.980058501896e+00 1.431467551154e+01 1.281407500698e+01
     vertex 6.323339502591e+00 1.424574472972e+01 1.249010704139e+01
     vertex 5.864343311686e+00 1.442843703364e+01 1.274196787275e+01
   endloop
 endfacet
 facet normal 3.442732685628e-01 7.268583493626e-01 5.942666543859e-01
   outer loop
     vertex 5.980058501896e+00 1.431467551154e+01 1.281407500698e+01
     vertex 5.864343311686e+00 1.442843703364e+01 1.274196787275e+01
     vertex 5.596348901958e+00 1.423656440534e+01 1.313190651658e+01
   endloop
 endfacet
 facet normal 4.096753957453e-01 5.493497904533e-01 7.282725299294e-01
   outer loop
     vertex 6.235493273327e+00 1.369293006460e+01 1.319799581754e+01
     vertex 6.177569604453e+00 1.406217393684e+01 1.295205197851e+01
     vertex 5.753404266735e+00 1.395262953968e+01 1.327328926894e+01
   endloop
 endfacet
 facet normal 5.324407508714e-01 5.255178164144e-01 6.635795893805e-01
   outer loop
     vertex 6.235493273327e+00 1.369293006460e+01 1.319799581754e+01
     vertex 6.607467201029e+00 1.363788068260e+01 1.294312865608e+01
     vertex 6.177569604453e+00 1.406217393684e+01 1.295205197851e+01
   endloop
 endfacet
 facet normal 3.592886252914e-01 4.262680914804e-01 8.301850383631e-01
   outer loop
     vertex 6.235493273327e+00 1.369293006460e+01 1.319799581754e+01
     vertex 5.753404266735e+00 1.395262953968e+01 1.327328926894e+01
     vertex 5.848005958124e+00 1.364715646764e+01 1.338919609372e+01
   endloop
 endfacet
 facet normal 3.748419293109e-01 3.726904610978e-01 8.488788772476e-01
   outer loop
     vertex 6.235493273327e+00 1.369293006460e+01 1.319799581754e+01
     vertex 5.848005958124e+00 1.364715646764e+01 1.338919609372e+01
     vertex 6.193192890778e+00 1.330594412542e+01 1.338657622566e+01
   endloop
 endfacet
 facet normal 3.420325917793e-01 1.211807669321e-01 9.318416860639e-01
   outer loop
     vertex 6.257098384432e+00 1.251283845477e+01 1.350689768105e+01
     vertex 6.621561017192e+00 1.243527818274e+01 1.338320790910e+01
     vertex 6.455203900356e+00 1.289462212750e+01 1.338453421199e+01
   endloop
 endfacet
 facet normal 2.951690147340e-01 -1.238264653563e-01 9.473870693747e-01
   outer loop
     vertex 6.257098384432e+00 1.251283845477e+01 1.350689768105e+01
     vertex 5.979980901915e+00 1.218203748645e+01 1.355000000000e+01
     vertex 6.621561017192e+00 1.243527818274e+01 1.338320790910e+01
   endloop
 endfacet
 facet normal 1.154509627941e-01 5.668915805189e-02 9.916942142361e-01
   outer loop
     vertex 6.257098384432e+00 1.251283845477e+01 1.350689768105e+01
     vertex 5.801549949272e+00 1.268657864515e+01 1.355000000000e+01
     vertex 5.880571325504e+00 1.252564674422e+01 1.355000000000e+01
   endloop
 endfacet
 facet normal 1.150045660437e-01 4.075914960179e-02 9.925284084160e-01
   outer loop
     vertex 6.257098384432e+00 1.251283845477e+01 1.350689768105e+01
     vertex 5.880571325504e+00 1.252564674422e+01 1.355000000000e+01
     vertex 5.940442550131e+00 1.235671622742e+01 1.355000000000e+01
   endloop
 endfacet
 facet normal 1.214980545344e-01 2.750095858664e-02 9.922106228121e-01
   outer loop
     vertex 6.257098384432e+00 1.251283845477e+01 1.350689768105e+01
     vertex 5.940442550131e+00 1.235671622742e+01 1.355000000000e+01
     vertex 5.979980901915e+00 1.218203748645e+01 1.355000000000e+01
   endloop
 endfacet
 facet normal 1.738635486256e-01 2.176044726797e-01 9.604268633941e-01
   outer loop
     vertex 6.257098384432e+00 1.251283845477e+01 1.350689768105e+01
     vertex 6.455203900356e+00 1.289462212750e+01 1.338453421199e+01
     vertex 5.801549949272e+00 1.268657864515e+01 1.355000000000e+01
   endloop
 endfacet
 facet normal 4.474079680046e-01 3.517772645248e-01 8.222401512511e-01
   outer loop
     vertex 6.582164350475e+00 1.326336969247e+01 1.319313856321e+01
     vertex 6.235493273327e+00 1.369293006460e+01 1.319799581754e+01
     vertex 6.193192890778e+00 1.330594412542e+01 1.338657622566e+01
   endloop
 endfacet
 facet normal 6.372339678695e-01 3.976455721239e-01 6.601597300377e-01
   outer loop
     vertex 6.582164350475e+00 1.326336969247e+01 1.319313856321e+01
     vertex 6.933998845404e+00 1.312602119536e+01 1.293625396118e+01
     vertex 6.607467201029e+00 1.363788068260e+01 1.294312865608e+01
   endloop
 endfacet
 facet normal 5.515055359134e-01 4.370512060193e-01 7.105124116959e-01
   outer loop
     vertex 6.582164350475e+00 1.326336969247e+01 1.319313856321e+01
     vertex 6.607467201029e+00 1.363788068260e+01 1.294312865608e+01
     vertex 6.235493273327e+00 1.369293006460e+01 1.319799581754e+01
   endloop
 endfacet
 facet normal 4.517101495823e-01 2.835386219533e-01 8.459100369573e-01
   outer loop
     vertex 6.582164350475e+00 1.326336969247e+01 1.319313856321e+01
     vertex 6.193192890778e+00 1.330594412542e+01 1.338657622566e+01
     vertex 6.455203900356e+00 1.289462212750e+01 1.338453421199e+01
   endloop
 endfacet
 facet normal 7.102611684436e-01 2.525869831368e-01 6.570607951712e-01
   outer loop
     vertex 6.827444387887e+00 1.276649482639e+01 1.318964478227e+01
     vertex 7.141445284376e+00 1.255419459465e+01 1.293183246137e+01
     vertex 6.933998845404e+00 1.312602119536e+01 1.293625396118e+01
   endloop
 endfacet
 facet normal 5.042019060154e-01 1.801643470619e-01 8.445834748669e-01
   outer loop
     vertex 6.827444387887e+00 1.276649482639e+01 1.318964478227e+01
     vertex 6.455203900356e+00 1.289462212750e+01 1.338453421199e+01
     vertex 6.621561017192e+00 1.243527818274e+01 1.338320790910e+01
   endloop
 endfacet
 facet normal 6.365654665344e-01 3.092699387618e-01 7.064959389792e-01
   outer loop
     vertex 6.827444387887e+00 1.276649482639e+01 1.318964478227e+01
     vertex 6.933998845404e+00 1.312602119536e+01 1.293625396118e+01
     vertex 6.582164350475e+00 1.326336969247e+01 1.319313856321e+01
   endloop
 endfacet
 facet normal 5.150353366674e-01 2.484764695129e-01 8.203645811969e-01
   outer loop
     vertex 6.827444387887e+00 1.276649482639e+01 1.318964478227e+01
     vertex 6.582164350475e+00 1.326336969247e+01 1.319313856321e+01
     vertex 6.455203900356e+00 1.289462212750e+01 1.338453421199e+01
   endloop
 endfacet
 facet normal 6.499128452280e-01 3.956312301899e-02 7.589782954108e-01
   outer loop
     vertex 6.827444387887e+00 1.276649482639e+01 1.318964478227e+01
     vertex 6.621561017192e+00 1.243527818274e+01 1.338320790910e+01
     vertex 7.141445284376e+00 1.255419459465e+01 1.293183246137e+01
   endloop
 endfacet
 facet normal 5.897937910643e-02 0.000000000000e+00 9.982592012299e-01
   outer loop
     vertex 6.175668254269e+00 1.195000000000e+01 1.353956429852e+01
     vertex 5.999038130642e+00 1.450000000000e+00 1.355000000000e+01
     vertex 6.175668254269e+00 1.450000000000e+00 1.353956429852e+01
   endloop
 endfacet
 facet normal 5.897937910643e-02 0.000000000000e+00 9.982592012299e-01
   outer loop
     vertex 6.175668254269e+00 1.195000000000e+01 1.353956429852e+01
     vertex 5.999038130642e+00 1.195000000000e+01 1.355000000000e+01
     vertex 5.999038130642e+00 1.450000000000e+00 1.355000000000e+01
   endloop
 endfacet
 facet normal 1.761174823943e-01 0.000000000000e+00 9.843691545325e-01
   outer loop
     vertex 6.349840698907e+00 1.195000000000e+01 1.350840239924e+01
     vertex 6.175668254269e+00 1.450000000000e+00 1.353956429852e+01
     vertex 6.349840698907e+00 1.450000000000e+00 1.350840239924e+01
   endloop
 endfacet
 facet normal 1.761174823943e-01 0.000000000000e+00 9.843691545325e-01
   outer loop
     vertex 6.349840698907e+00 1.195000000000e+01 1.350840239924e+01
     vertex 6.175668254269e+00 1.195000000000e+01 1.353956429852e+01
     vertex 6.175668254269e+00 1.450000000000e+00 1.353956429852e+01
   endloop
 endfacet
 facet normal 2.908050397200e-01 -1.372666739840e-16 9.567823309789e-01
   outer loop
     vertex 6.519131982370e+00 1.195000000000e+01 1.345694789719e+01
     vertex 6.349840698907e+00 1.450000000000e+00 1.350840239924e+01
     vertex 6.519131982370e+00 1.450000000000e+00 1.345694789719e+01
   endloop
 endfacet
 facet normal 2.908050397200e-01 0.000000000000e+00 9.567823309789e-01
   outer loop
     vertex 6.519131982370e+00 1.195000000000e+01 1.345694789719e+01
     vertex 6.349840698907e+00 1.195000000000e+01 1.350840239924e+01
     vertex 6.349840698907e+00 1.450000000000e+00 1.350840239924e+01
   endloop
 endfacet
 facet normal 4.014462576015e-01 -1.209884175478e-16 9.158825810429e-01
   outer loop
     vertex 6.681186540263e+00 1.195000000000e+01 1.338591674413e+01
     vertex 6.519131982370e+00 1.450000000000e+00 1.345694789719e+01
     vertex 6.681186540263e+00 1.450000000000e+00 1.338591674413e+01
   endloop
 endfacet
 facet normal 4.014462576015e-01 -1.204506688804e-16 9.158825810429e-01
   outer loop
     vertex 6.681186540263e+00 1.195000000000e+01 1.338591674413e+01
     vertex 6.519131982370e+00 1.195000000000e+01 1.345694789719e+01
     vertex 6.519131982370e+00 1.450000000000e+00 1.345694789719e+01
   endloop
 endfacet
 facet normal 5.065016444105e-01 -1.030266957676e-16 8.622389948323e-01
   outer loop
     vertex 6.833749501933e+00 1.195000000000e+01 1.329629728662e+01
     vertex 6.681186540263e+00 1.450000000000e+00 1.338591674413e+01
     vertex 6.833749501933e+00 1.450000000000e+00 1.329629728662e+01
   endloop
 endfacet
 facet normal 5.065016444105e-01 -1.036435988041e-16 8.622389948323e-01
   outer loop
     vertex 6.833749501933e+00 1.195000000000e+01 1.329629728662e+01
     vertex 6.681186540263e+00 1.195000000000e+01 1.338591674413e+01
     vertex 6.681186540263e+00 1.450000000000e+00 1.338591674413e+01
   endloop
 endfacet
 facet normal 6.045094312731e-01 -8.363143286550e-17 7.965979836165e-01
   outer loop
     vertex 6.974698065346e+00 1.195000000000e+01 1.318933651386e+01
     vertex 6.833749501933e+00 1.450000000000e+00 1.329629728662e+01
     vertex 6.974698065346e+00 1.450000000000e+00 1.318933651386e+01
   endloop
 endfacet
 facet normal 6.045094312731e-01 -8.403535038171e-17 7.965979836165e-01
   outer loop
     vertex 6.974698065346e+00 1.195000000000e+01 1.318933651386e+01
     vertex 6.833749501933e+00 1.195000000000e+01 1.329629728662e+01
     vertex 6.833749501933e+00 1.450000000000e+00 1.329629728662e+01
   endloop
 endfacet
 facet normal 6.941059115140e-01 -1.848583224885e-16 7.198728940593e-01
   outer loop
     vertex 7.102071034328e+00 1.195000000000e+01 1.306652270677e+01
     vertex 6.974698065346e+00 1.450000000000e+00 1.318933651386e+01
     vertex 7.102071034328e+00 1.450000000000e+00 1.306652270677e+01
   endloop
 endfacet
 facet normal 6.941059115140e-01 -6.349337584396e-17 7.198728940593e-01
   outer loop
     vertex 7.102071034328e+00 1.195000000000e+01 1.306652270677e+01
     vertex 6.974698065346e+00 1.195000000000e+01 1.318933651386e+01
     vertex 6.974698065346e+00 1.450000000000e+00 1.318933651386e+01
   endloop
 endfacet
 facet normal 7.740444156381e-01 -8.327191781804e-17 6.331312996681e-01
   outer loop
     vertex 7.214096107170e+00 1.195000000000e+01 1.292956472967e+01
     vertex 7.102071034328e+00 1.450000000000e+00 1.306652270677e+01
     vertex 7.214096107170e+00 1.450000000000e+00 1.292956472967e+01
   endloop
 endfacet
 facet normal 7.740444156381e-01 -1.493961784564e-16 6.331312996681e-01
   outer loop
     vertex 7.214096107170e+00 1.195000000000e+01 1.292956472967e+01
     vertex 7.102071034328e+00 1.195000000000e+01 1.306652270677e+01
     vertex 7.102071034328e+00 1.450000000000e+00 1.306652270677e+01
   endloop
 endfacet
 facet normal 8.432126578244e-01 -1.301862797111e-16 5.375801462895e-01
   outer loop
     vertex 7.309214536914e+00 1.195000000000e+01 1.278036825263e+01
     vertex 7.214096107170e+00 1.450000000000e+00 1.292956472967e+01
     vertex 7.309214536914e+00 1.450000000000e+00 1.278036825263e+01
   endloop
 endfacet
 facet normal 8.432126578244e-01 -3.921649684480e-17 5.375801462896e-01
   outer loop
     vertex 7.309214536914e+00 1.195000000000e+01 1.278036825263e+01
     vertex 7.214096107170e+00 1.195000000000e+01 1.292956472967e+01
     vertex 7.214096107170e+00 1.450000000000e+00 1.292956472967e+01
   endloop
 endfacet
 facet normal 9.006482125698e-01 -1.443624510915e-16 4.345489583404e-01
   outer loop
     vertex 7.386102820177e+00 1.195000000000e+01 1.262100923552e+01
     vertex 7.309214536914e+00 1.450000000000e+00 1.278036825263e+01
     vertex 7.386102820177e+00 1.450000000000e+00 1.262100923552e+01
   endloop
 endfacet
 facet normal 9.006482125698e-01 -6.816200642072e-17 4.345489583404e-01
   outer loop
     vertex 7.386102820177e+00 1.195000000000e+01 1.262100923552e+01
     vertex 7.309214536914e+00 1.195000000000e+01 1.278036825263e+01
     vertex 7.309214536914e+00 1.450000000000e+00 1.278036825263e+01
   endloop
 endfacet
 facet normal 9.455519061362e-01 -2.202488532790e-16 3.254713394481e-01
   outer loop
     vertex 7.443691112729e+00 1.195000000000e+01 1.245370504251e+01
     vertex 7.386102820177e+00 1.450000000000e+00 1.262100923552e+01
     vertex 7.443691112729e+00 1.450000000000e+00 1.245370504251e+01
   endloop
 endfacet
 facet normal 9.455519061362e-01 -8.496907649706e-17 3.254713394481e-01
   outer loop
     vertex 7.443691112729e+00 1.195000000000e+01 1.245370504251e+01
     vertex 7.386102820177e+00 1.195000000000e+01 1.262100923552e+01
     vertex 7.386102820177e+00 1.450000000000e+00 1.262100923552e+01
   endloop
 endfacet
 facet normal 9.772989364684e-01 -1.433706232452e-16 2.118650249043e-01
   outer loop
     vertex 7.481178115599e+00 1.195000000000e+01 1.228078358908e+01
     vertex 7.443691112729e+00 1.450000000000e+00 1.245370504251e+01
     vertex 7.481178115599e+00 1.450000000000e+00 1.228078358908e+01
   endloop
 endfacet
 facet normal 9.772989364684e-01 -1.433269587066e-16 2.118650249043e-01
   outer loop
     vertex 7.481178115599e+00 1.195000000000e+01 1.228078358908e+01
     vertex 7.443691112729e+00 1.195000000000e+01 1.245370504251e+01
     vertex 7.443691112729e+00 1.450000000000e+00 1.245370504251e+01
   endloop
 endfacet
 facet normal 9.954475668578e-01 -6.449749584451e-17 9.531076348883e-02
   outer loop
     vertex 7.498042224557e+00 1.195000000000e+01 1.210465095080e+01
     vertex 7.481178115599e+00 1.450000000000e+00 1.228078358908e+01
     vertex 7.498042224557e+00 1.450000000000e+00 1.210465095080e+01
   endloop
 endfacet
 facet normal 9.954475668578e-01 -6.442710195931e-17 9.531076348883e-02
   outer loop
     vertex 7.498042224557e+00 1.195000000000e+01 1.210465095080e+01
     vertex 7.481178115599e+00 1.195000000000e+01 1.228078358908e+01
     vertex 7.481178115599e+00 1.450000000000e+00 1.228078358908e+01
   endloop
 endfacet
 facet normal 9.997452723858e-01 -9.471489878723e-15 -2.256967749443e-02
   outer loop
     vertex 7.494048787862e+00 1.195000000000e+01 1.192775788451e+01
     vertex 7.498042224557e+00 1.450000000000e+00 1.210465095080e+01
     vertex 7.494048787862e+00 1.450000000000e+00 1.192775788451e+01
   endloop
 endfacet
 facet normal 9.997452723858e-01 1.523140725668e-17 -2.256967749386e-02
   outer loop
     vertex 7.494048787862e+00 1.195000000000e+01 1.192775788451e+01
     vertex 7.498042224557e+00 1.195000000000e+01 1.210465095080e+01
     vertex 7.498042224557e+00 1.450000000000e+00 1.210465095080e+01
   endloop
 endfacet
 facet normal 5.897900339559e-02 -3.569365903286e-03 9.982528421124e-01
   outer loop
     vertex 5.988415383637e+00 1.274473296208e+00 1.355000000000e+01
     vertex 6.175668254269e+00 1.450000000000e+00 1.353956429852e+01
     vertex 5.999038130642e+00 1.450000000000e+00 1.355000000000e+01
   endloop
 endfacet
 facet normal 1.746621734708e-01 -1.282898585857e-01 9.762350318148e-01
   outer loop
     vertex 6.349840698907e+00 1.450000000000e+00 1.350840239924e+01
     vertex 6.175668254269e+00 1.450000000000e+00 1.353956429852e+01
     vertex 5.988415383637e+00 1.274473296208e+00 1.355000000000e+01
   endloop
 endfacet
 facet normal 1.251473853439e-01 -2.262675766113e-02 9.918801146204e-01
   outer loop
     vertex 5.957102875608e+00 1.101285490551e+00 1.355000000000e+01
     vertex 6.349840698907e+00 1.450000000000e+00 1.350840239924e+01
     vertex 5.988415383637e+00 1.274473296208e+00 1.355000000000e+01
   endloop
 endfacet
 facet normal 9.884324925210e-01 -1.185101247946e-01 9.463909366589e-02
   outer loop
     vertex 7.475373102740e+00 1.120315748731e+00 1.192857123011e+01
     vertex 7.498042224557e+00 1.450000000000e+00 1.210465095080e+01
     vertex 7.481178115599e+00 1.450000000000e+00 1.228078358908e+01
   endloop
 endfacet
 facet normal 9.981427535763e-01 -5.659756941221e-02 -2.253349994630e-02
   outer loop
     vertex 7.475373102740e+00 1.120315748731e+00 1.192857123011e+01
     vertex 7.494048787862e+00 1.450000000000e+00 1.192775788451e+01
     vertex 7.498042224557e+00 1.450000000000e+00 1.210465095080e+01
   endloop
 endfacet
 facet normal 9.278901580823e-03 -5.923356416382e-02 9.982010252759e-01
   outer loop
     vertex 4.645257839903e+00 -2.213577182956e-01 1.353938663830e+01
     vertex 4.780885805072e+00 -2.125584627942e-02 1.355000000000e+01
     vertex 4.646594190793e+00 -4.229254548233e-02 1.355000000000e+01
   endloop
 endfacet
 facet normal 1.862101900484e-01 -1.774672292847e-01 9.663493921208e-01
   outer loop
     vertex 4.641324751625e+00 -3.974969203884e-01 1.350779707525e+01
     vertex 4.780885805072e+00 -2.125584627942e-02 1.355000000000e+01
     vertex 4.645257839903e+00 -2.213577182956e-01 1.353938663830e+01
   endloop
 endfacet
 facet normal 1.472492327866e-01 -9.711935671006e-01 1.873518579203e-01
   outer loop
     vertex 4.511630004127e+00 -1.534662017671e+00 1.226361000805e+01
     vertex 4.830530126409e+00 -1.530050602328e+00 1.203687501916e+01
     vertex 4.526953770680e+00 -1.498512521673e+00 1.243895785601e+01
   endloop
 endfacet
 facet normal 8.538748804545e-02 -9.913233817612e-01 9.993462692619e-02
   outer loop
     vertex 4.502795414345e+00 -1.546158065526e+00 1.215712101685e+01
     vertex 4.830530126409e+00 -1.530050602328e+00 1.203687501916e+01
     vertex 4.511630004127e+00 -1.534662017671e+00 1.226361000805e+01
   endloop
 endfacet
 facet normal 6.039881236931e-02 -9.976936444050e-01 3.097378533907e-02
   outer loop
     vertex 4.494266600523e+00 -1.550000000000e+00 1.205000000000e+01
     vertex 4.830530126409e+00 -1.530050602328e+00 1.203687501916e+01
     vertex 4.502795414345e+00 -1.546158065526e+00 1.215712101685e+01
   endloop
 endfacet
 facet normal 2.275637283696e-01 -6.912484170500e-02 9.713065972132e-01
   outer loop
     vertex 6.553211221239e+00 7.280344450023e-01 1.338377693764e+01
     vertex 5.957102875608e+00 1.101285490551e+00 1.355000000000e+01
     vertex 5.905934206027e+00 9.328347145598e-01 1.355000000000e+01
   endloop
 endfacet
 facet normal 2.191836584456e-01 -9.537062463004e-02 9.710113118950e-01
   outer loop
     vertex 6.553211221239e+00 7.280344450023e-01 1.338377693764e+01
     vertex 5.905934206027e+00 9.328347145598e-01 1.355000000000e+01
     vertex 5.835742974370e+00 7.715190997674e-01 1.355000000000e+01
   endloop
 endfacet
 facet normal 2.898027045172e-01 -8.295565086678e-02 9.534845318325e-01
   outer loop
     vertex 6.553211221239e+00 7.280344450023e-01 1.338377693764e+01
     vertex 6.519131982370e+00 1.450000000000e+00 1.345694789719e+01
     vertex 6.349840698907e+00 1.450000000000e+00 1.350840239924e+01
   endloop
 endfacet
 facet normal 4.003552788938e-01 -7.367398575098e-02 9.133935594723e-01
   outer loop
     vertex 6.553211221239e+00 7.280344450023e-01 1.338377693764e+01
     vertex 6.681186540263e+00 1.450000000000e+00 1.338591674413e+01
     vertex 6.519131982370e+00 1.450000000000e+00 1.345694789719e+01
   endloop
 endfacet
 facet normal 5.043560688195e-01 -9.194668263811e-02 8.585864915061e-01
   outer loop
     vertex 6.553211221239e+00 7.280344450023e-01 1.338377693764e+01
     vertex 6.833749501933e+00 1.450000000000e+00 1.329629728662e+01
     vertex 6.681186540263e+00 1.450000000000e+00 1.338591674413e+01
   endloop
 endfacet
 facet normal 5.988037813376e-01 -1.370688670119e-01 7.890793097983e-01
   outer loop
     vertex 6.553211221239e+00 7.280344450023e-01 1.338377693764e+01
     vertex 6.974698065346e+00 1.450000000000e+00 1.318933651386e+01
     vertex 6.833749501933e+00 1.450000000000e+00 1.329629728662e+01
   endloop
 endfacet
 facet normal 2.017554201091e-01 -1.111452961338e-01 9.731091786660e-01
   outer loop
     vertex 6.553211221239e+00 7.280344450023e-01 1.338377693764e+01
     vertex 6.349840698907e+00 1.450000000000e+00 1.350840239924e+01
     vertex 5.957102875608e+00 1.101285490551e+00 1.355000000000e+01
   endloop
 endfacet
 facet normal 6.872361673955e-01 -1.403444225979e-01 7.127481275101e-01
   outer loop
     vertex 7.056236613207e+00 5.511191108928e-01 1.293372144949e+01
     vertex 7.102071034328e+00 1.450000000000e+00 1.306652270677e+01
     vertex 6.974698065346e+00 1.450000000000e+00 1.318933651386e+01
   endloop
 endfacet
 facet normal 7.672870658240e-01 -1.318470277029e-01 6.276041108096e-01
   outer loop
     vertex 7.056236613207e+00 5.511191108928e-01 1.293372144949e+01
     vertex 7.214096107170e+00 1.450000000000e+00 1.292956472967e+01
     vertex 7.102071034328e+00 1.450000000000e+00 1.306652270677e+01
   endloop
 endfacet
 facet normal 6.262929624284e-01 -1.601515407109e-01 7.629604244131e-01
   outer loop
     vertex 7.056236613207e+00 5.511191108928e-01 1.293372144949e+01
     vertex 6.974698065346e+00 1.450000000000e+00 1.318933651386e+01
     vertex 6.553211221239e+00 7.280344450023e-01 1.338377693764e+01
   endloop
 endfacet
 facet normal 1.708931569854e-01 -1.653160396680e-01 9.713218498129e-01
   outer loop
     vertex 6.195282289662e+00 9.189597674400e-02 1.338655709436e+01
     vertex 5.641630590174e+00 4.798823982688e-01 1.355000000000e+01
     vertex 5.519789425228e+00 3.539307884297e-01 1.355000000000e+01
   endloop
 endfacet
 facet normal 9.216161294688e-01 -3.749641780154e-01 1.001277938844e-01
   outer loop
     vertex 7.272762995257e+00 4.748070197502e-01 1.245997078498e+01
     vertex 7.199957992897e+00 1.570999047092e-01 1.194032962701e+01
     vertex 7.327763995465e+00 4.697843656902e-01 1.193491053708e+01
   endloop
 endfacet
 facet normal 9.569845170265e-01 -2.713012135476e-01 1.028410700993e-01
   outer loop
     vertex 7.272762995257e+00 4.748070197502e-01 1.245997078498e+01
     vertex 7.327763995465e+00 4.697843656902e-01 1.193491053708e+01
     vertex 7.420316754339e+00 7.947523899386e-01 1.193094968848e+01
   endloop
 endfacet
 facet normal 1.697085307334e-01 -1.681914732662e-01 9.710358607780e-01
   outer loop
     vertex 5.846467446667e+00 -2.448103698844e-01 1.338919934281e+01
     vertex 6.195282289662e+00 9.189597674400e-02 1.338655709436e+01
     vertex 5.519789425228e+00 3.539307884297e-01 1.355000000000e+01
   endloop
 endfacet
 facet normal 1.474356375667e-01 -1.807160000282e-01 9.724219557934e-01
   outer loop
     vertex 5.846467446667e+00 -2.448103698844e-01 1.338919934281e+01
     vertex 5.519789425228e+00 3.539307884297e-01 1.355000000000e+01
     vertex 5.383870166922e+00 2.430421980300e-01 1.355000000000e+01
   endloop
 endfacet
 facet normal 1.276517895514e-01 -1.992072789912e-01 9.716076783462e-01
   outer loop
     vertex 5.846467446667e+00 -2.448103698844e-01 1.338919934281e+01
     vertex 5.383870166922e+00 2.430421980300e-01 1.355000000000e+01
     vertex 5.235994111710e+00 1.482833961668e-01 1.355000000000e+01
   endloop
 endfacet
 facet normal 1.019797977465e-01 -2.073611034465e-01 9.729344755065e-01
   outer loop
     vertex 5.431789414438e+00 -4.955125085665e-01 1.339226543674e+01
     vertex 5.235994111710e+00 1.482833961668e-01 1.355000000000e+01
     vertex 5.078282556043e+00 7.072115193717e-02 1.355000000000e+01
   endloop
 endfacet
 facet normal 7.930988708694e-02 -2.212502162623e-01 9.719867713164e-01
   outer loop
     vertex 5.431789414438e+00 -4.955125085665e-01 1.339226543674e+01
     vertex 5.078282556043e+00 7.072115193717e-02 1.355000000000e+01
     vertex 4.912856796372e+00 1.142223443825e-02 1.355000000000e+01
   endloop
 endfacet
 facet normal 1.276344037112e-01 -1.992330517599e-01 9.716046778787e-01
   outer loop
     vertex 5.431789414438e+00 -4.955125085665e-01 1.339226543674e+01
     vertex 5.846467446667e+00 -2.448103698844e-01 1.338919934281e+01
     vertex 5.235994111710e+00 1.482833961668e-01 1.355000000000e+01
   endloop
 endfacet
 facet normal 7.415225035679e-01 -6.615115353945e-01 1.120127905299e-01
   outer loop
     vertex 6.791272614840e+00 -3.858067434208e-01 1.247539459769e+01
     vertex 6.618161502669e+00 -6.663241636560e-01 1.196474109284e+01
     vertex 6.843504811565e+00 -4.153195024876e-01 1.195532559869e+01
   endloop
 endfacet
 facet normal 8.134604556772e-01 -5.703259421492e-01 1.140631700465e-01
   outer loop
     vertex 6.791272614840e+00 -3.858067434208e-01 1.247539459769e+01
     vertex 6.843504811565e+00 -4.153195024876e-01 1.195532559869e+01
     vertex 7.038071372492e+00 -1.394412126795e-01 1.194715768825e+01
   endloop
 endfacet
 facet normal 6.271722820612e-01 -6.413237394141e-01 4.419941061576e-01
   outer loop
     vertex 6.175761557235e+00 -6.591691634006e-01 1.295213775399e+01
     vertex 6.791272614840e+00 -3.858067434208e-01 1.247539459769e+01
     vertex 6.610158749098e+00 -2.405629469610e-01 1.294313362019e+01
   endloop
 endfacet
 facet normal 5.499959215916e-02 -2.221167993632e-01 9.734676020818e-01
   outer loop
     vertex 4.973603897535e+00 -6.504249368541e-01 1.339555372894e+01
     vertex 4.912856796372e+00 1.142223443825e-02 1.355000000000e+01
     vertex 4.780885805072e+00 -2.125584627942e-02 1.355000000000e+01
   endloop
 endfacet
 facet normal 8.116682703516e-02 -2.194300084275e-01 9.722460684367e-01
   outer loop
     vertex 4.973603897535e+00 -6.504249368541e-01 1.339555372894e+01
     vertex 5.431789414438e+00 -4.955125085665e-01 1.339226543674e+01
     vertex 4.912856796372e+00 1.142223443825e-02 1.355000000000e+01
   endloop
 endfacet
 facet normal 1.900207749540e-01 -1.787705010255e-01 9.653668800249e-01
   outer loop
     vertex 4.973603897535e+00 -6.504249368541e-01 1.339555372894e+01
     vertex 4.780885805072e+00 -2.125584627942e-02 1.355000000000e+01
     vertex 4.641324751625e+00 -3.974969203884e-01 1.350779707525e+01
   endloop
 endfacet
 facet normal 9.795348978759e-02 -2.933365403746e-01 9.509778062181e-01
   outer loop
     vertex 4.973603897535e+00 -6.504249368541e-01 1.339555372894e+01
     vertex 4.641324751625e+00 -3.974969203884e-01 1.350779707525e+01
     vertex 4.634908872545e+00 -5.688358596035e-01 1.345560709396e+01
   endloop
 endfacet
 facet normal 6.433220848724e-02 -4.044376497728e-01 9.123001449071e-01
   outer loop
     vertex 4.973603897535e+00 -6.504249368541e-01 1.339555372894e+01
     vertex 4.634908872545e+00 -5.688358596035e-01 1.345560709396e+01
     vertex 4.626166325200e+00 -7.329938388166e-01 1.338344965729e+01
   endloop
 endfacet
 facet normal 9.152408963699e-02 -5.104596864545e-01 8.550171048119e-01
   outer loop
     vertex 4.973603897535e+00 -6.504249368541e-01 1.339555372894e+01
     vertex 4.626166325200e+00 -7.329938388166e-01 1.338344965729e+01
     vertex 4.615403811793e+00 -8.869535673684e-01 1.329268515085e+01
   endloop
 endfacet
 facet normal 6.297042259149e-01 -6.333349635697e-01 4.498437637504e-01
   outer loop
     vertex 6.321260299725e+00 -8.426114055127e-01 1.249019613007e+01
     vertex 6.791272614840e+00 -3.858067434208e-01 1.247539459769e+01
     vertex 6.175761557235e+00 -6.591691634006e-01 1.295213775399e+01
   endloop
 endfacet
 facet normal 5.746813406561e-01 -8.089723081459e-01 1.237140305498e-01
   outer loop
     vertex 6.321260299725e+00 -8.426114055127e-01 1.249019613007e+01
     vertex 6.090402673554e+00 -1.083634195439e+00 1.198652494341e+01
     vertex 6.365795482041e+00 -8.897296061942e-01 1.197521122854e+01
   endloop
 endfacet
 facet normal 6.605499364384e-01 -7.403269347527e-01 1.248591652658e-01
   outer loop
     vertex 6.321260299725e+00 -8.426114055127e-01 1.249019613007e+01
     vertex 6.365795482041e+00 -8.897296061942e-01 1.197521122854e+01
     vertex 6.618161502669e+00 -6.663241636560e-01 1.196474109284e+01
   endloop
 endfacet
 facet normal 6.911701980116e-01 -7.061765122521e-01 1.536180032552e-01
   outer loop
     vertex 6.321260299725e+00 -8.426114055127e-01 1.249019613007e+01
     vertex 6.618161502669e+00 -6.663241636560e-01 1.196474109284e+01
     vertex 6.791272614840e+00 -3.858067434208e-01 1.247539459769e+01
   endloop
 endfacet
 facet normal 3.868561531836e-01 -9.117963439222e-01 1.377306935800e-01
   outer loop
     vertex 5.761791911094e+00 -1.183847563253e+00 1.250756818047e+01
     vertex 5.485141931195e+00 -1.376237475783e+00 1.201097101631e+01
     vertex 5.795675048401e+00 -1.246368446746e+00 1.199850072919e+01
   endloop
 endfacet
 facet normal 4.830184751391e-01 -8.646133164812e-01 1.383364219494e-01
   outer loop
     vertex 5.761791911094e+00 -1.183847563253e+00 1.250756818047e+01
     vertex 5.795675048401e+00 -1.246368446746e+00 1.199850072919e+01
     vertex 6.090402673554e+00 -1.083634195439e+00 1.198652494341e+01
   endloop
 endfacet
 facet normal 4.656626035715e-01 -7.564984277858e-01 4.592041685270e-01
   outer loop
     vertex 5.761791911094e+00 -1.183847563253e+00 1.250756818047e+01
     vertex 6.175761557235e+00 -6.591691634006e-01 1.295213775399e+01
     vertex 5.659672851192e+00 -9.704498067921e-01 1.296267749543e+01
   endloop
 endfacet
 facet normal 5.173235075948e-01 -8.397824744981e-01 1.647476373598e-01
   outer loop
     vertex 5.761791911094e+00 -1.183847563253e+00 1.250756818047e+01
     vertex 6.090402673554e+00 -1.083634195439e+00 1.198652494341e+01
     vertex 6.321260299725e+00 -8.426114055127e-01 1.249019613007e+01
   endloop
 endfacet
 facet normal 4.751702774197e-01 -7.561518068741e-01 4.499418322604e-01
   outer loop
     vertex 5.761791911094e+00 -1.183847563253e+00 1.250756818047e+01
     vertex 6.321260299725e+00 -8.426114055127e-01 1.249019613007e+01
     vertex 6.175761557235e+00 -6.591691634006e-01 1.295213775399e+01
   endloop
 endfacet
 facet normal 1.141229826828e-01 -6.980931972454e-01 7.068534733474e-01
   outer loop
     vertex 5.089854056959e+00 -1.162339198533e+00 1.297412298742e+01
     vertex 4.602908720340e+00 -1.029055957700e+00 1.318437275424e+01
     vertex 4.588986261819e+00 -1.157554949493e+00 1.305971410453e+01
   endloop
 endfacet
 facet normal 9.858604756807e-02 -7.780619736360e-01 6.204033820077e-01
   outer loop
     vertex 5.089854056959e+00 -1.162339198533e+00 1.297412298742e+01
     vertex 4.588986261819e+00 -1.157554949493e+00 1.305971410453e+01
     vertex 4.574079922772e+00 -1.269996391528e+00 1.292106745019e+01
   endloop
 endfacet
 facet normal 1.229504660391e-01 -8.452918992227e-01 5.199661412143e-01
   outer loop
     vertex 5.089854056959e+00 -1.162339198533e+00 1.297412298742e+01
     vertex 4.574079922772e+00 -1.269996391528e+00 1.292106745019e+01
     vertex 4.558541494838e+00 -1.365076311298e+00 1.277017333847e+01
   endloop
 endfacet
 facet normal 3.237084350315e-01 -9.289623298407e-01 1.795601259368e-01
   outer loop
     vertex 5.142812370756e+00 -1.395881198504e+00 1.252649019055e+01
     vertex 5.485141931195e+00 -1.376237475783e+00 1.201097101631e+01
     vertex 5.761791911094e+00 -1.183847563253e+00 1.250756818047e+01
   endloop
 endfacet
 facet normal 1.507185508798e-01 -8.690369906665e-01 4.712309701983e-01
   outer loop
     vertex 5.142812370756e+00 -1.395881198504e+00 1.252649019055e+01
     vertex 5.089854056959e+00 -1.162339198533e+00 1.297412298742e+01
     vertex 4.558541494838e+00 -1.365076311298e+00 1.277017333847e+01
   endloop
 endfacet
 facet normal 1.777466988944e-01 -9.721068116839e-01 1.530178346138e-01
   outer loop
     vertex 5.142812370756e+00 -1.395881198504e+00 1.252649019055e+01
     vertex 4.830530126409e+00 -1.530050602328e+00 1.203687501916e+01
     vertex 5.162138766352e+00 -1.471473084125e+00 1.202381290373e+01
   endloop
 endfacet
 facet normal 2.850677054233e-01 -9.461777980605e-01 1.532448295443e-01
   outer loop
     vertex 5.142812370756e+00 -1.395881198504e+00 1.252649019055e+01
     vertex 5.162138766352e+00 -1.471473084125e+00 1.202381290373e+01
     vertex 5.485141931195e+00 -1.376237475783e+00 1.201097101631e+01
   endloop
 endfacet
 facet normal 2.902521637859e-01 -8.339100116428e-01 4.694121578096e-01
   outer loop
     vertex 5.142812370756e+00 -1.395881198504e+00 1.252649019055e+01
     vertex 5.659672851192e+00 -9.704498067921e-01 1.296267749543e+01
     vertex 5.089854056959e+00 -1.162339198533e+00 1.297412298742e+01
   endloop
 endfacet
 facet normal 1.255936585394e-01 -9.010917554669e-01 4.150420233715e-01
   outer loop
     vertex 5.142812370756e+00 -1.395881198504e+00 1.252649019055e+01
     vertex 4.558541494838e+00 -1.365076311298e+00 1.277017333847e+01
     vertex 4.542700118922e+00 -1.441699983797e+00 1.260861046187e+01
   endloop
 endfacet
 facet normal 1.140314008030e-01 -9.451971857807e-01 3.059397320114e-01
   outer loop
     vertex 5.142812370756e+00 -1.395881198504e+00 1.252649019055e+01
     vertex 4.542700118922e+00 -1.441699983797e+00 1.260861046187e+01
     vertex 4.526953770680e+00 -1.498512521673e+00 1.243895785601e+01
   endloop
 endfacet
 facet normal 1.368015509649e-01 -9.741634509120e-01 1.796967071506e-01
   outer loop
     vertex 5.142812370756e+00 -1.395881198504e+00 1.252649019055e+01
     vertex 4.526953770680e+00 -1.498512521673e+00 1.243895785601e+01
     vertex 4.830530126409e+00 -1.530050602328e+00 1.203687501916e+01
   endloop
 endfacet
 facet normal 3.003886683740e-01 -8.359167196240e-01 4.593581236525e-01
   outer loop
     vertex 5.142812370756e+00 -1.395881198504e+00 1.252649019055e+01
     vertex 5.761791911094e+00 -1.183847563253e+00 1.250756818047e+01
     vertex 5.659672851192e+00 -9.704498067921e-01 1.296267749543e+01
   endloop
 endfacet
 facet normal 7.747199428446e-02 -2.911359535976e-01 9.535396932611e-01
   outer loop
     vertex 6.051044313817e+00 4.493871186553e-01 1.350742561085e+01
     vertex 5.641630590174e+00 4.798823982688e-01 1.355000000000e+01
     vertex 6.195282289662e+00 9.189597674400e-02 1.338655709436e+01
   endloop
 endfacet
 facet normal 1.048955108867e-01 -6.107882329808e-02 9.926058176035e-01
   outer loop
     vertex 6.051044313817e+00 4.493871186553e-01 1.350742561085e+01
     vertex 5.835742974370e+00 7.715190997674e-01 1.355000000000e+01
     vertex 5.747362780112e+00 6.197367777052e-01 1.355000000000e+01
   endloop
 endfacet
 facet normal 9.770379443488e-02 -7.386566078607e-02 9.924705701983e-01
   outer loop
     vertex 6.051044313817e+00 4.493871186553e-01 1.350742561085e+01
     vertex 5.747362780112e+00 6.197367777052e-01 1.355000000000e+01
     vertex 5.641630590174e+00 4.798823982688e-01 1.355000000000e+01
   endloop
 endfacet
 facet normal 2.269657773051e-01 2.301635055442e-02 9.736307223683e-01
   outer loop
     vertex 6.051044313817e+00 4.493871186553e-01 1.350742561085e+01
     vertex 6.553211221239e+00 7.280344450023e-01 1.338377693764e+01
     vertex 5.835742974370e+00 7.715190997674e-01 1.355000000000e+01
   endloop
 endfacet
 facet normal 9.736825371558e-01 -1.741754985657e-01 1.469871169087e-01
   outer loop
     vertex 7.342705734453e+00 9.649635120078e-01 1.262330794319e+01
     vertex 7.475373102740e+00 1.120315748731e+00 1.192857123011e+01
     vertex 7.481178115599e+00 1.450000000000e+00 1.228078358908e+01
   endloop
 endfacet
 facet normal 8.376103506207e-01 -1.150819824959e-01 5.340084623280e-01
   outer loop
     vertex 7.342705734453e+00 9.649635120078e-01 1.262330794319e+01
     vertex 7.309214536914e+00 1.450000000000e+00 1.278036825263e+01
     vertex 7.214096107170e+00 1.450000000000e+00 1.292956472967e+01
   endloop
 endfacet
 facet normal 8.978843386318e-01 -7.828220951509e-02 4.332154315272e-01
   outer loop
     vertex 7.342705734453e+00 9.649635120078e-01 1.262330794319e+01
     vertex 7.386102820177e+00 1.450000000000e+00 1.262100923552e+01
     vertex 7.309214536914e+00 1.450000000000e+00 1.278036825263e+01
   endloop
 endfacet
 facet normal 9.423071979854e-01 -8.277272150926e-02 3.243544684428e-01
   outer loop
     vertex 7.342705734453e+00 9.649635120078e-01 1.262330794319e+01
     vertex 7.443691112729e+00 1.450000000000e+00 1.245370504251e+01
     vertex 7.386102820177e+00 1.450000000000e+00 1.262100923552e+01
   endloop
 endfacet
 facet normal 9.692191055730e-01 -1.283225337679e-01 2.101134282229e-01
   outer loop
     vertex 7.342705734453e+00 9.649635120078e-01 1.262330794319e+01
     vertex 7.481178115599e+00 1.450000000000e+00 1.228078358908e+01
     vertex 7.443691112729e+00 1.450000000000e+00 1.245370504251e+01
   endloop
 endfacet
 facet normal 9.750873613168e-01 -1.638052679877e-01 1.495743025376e-01
   outer loop
     vertex 7.342705734453e+00 9.649635120078e-01 1.262330794319e+01
     vertex 7.420316754339e+00 7.947523899386e-01 1.193094968848e+01
     vertex 7.475373102740e+00 1.120315748731e+00 1.192857123011e+01
   endloop
 endfacet
 facet normal 8.137947002312e-01 -1.403089049386e-01 5.639606343270e-01
   outer loop
     vertex 7.342705734453e+00 9.649635120078e-01 1.262330794319e+01
     vertex 7.214096107170e+00 1.450000000000e+00 1.292956472967e+01
     vertex 7.056236613207e+00 5.511191108928e-01 1.293372144949e+01
   endloop
 endfacet
 facet normal 8.592351222968e-01 -2.678508402337e-01 4.358565497934e-01
   outer loop
     vertex 7.342705734453e+00 9.649635120078e-01 1.262330794319e+01
     vertex 7.056236613207e+00 5.511191108928e-01 1.293372144949e+01
     vertex 7.272762995257e+00 4.748070197502e-01 1.245997078498e+01
   endloop
 endfacet
 facet normal 9.693852171850e-01 -1.901115932366e-01 1.554023256587e-01
   outer loop
     vertex 7.342705734453e+00 9.649635120078e-01 1.262330794319e+01
     vertex 7.272762995257e+00 4.748070197502e-01 1.245997078498e+01
     vertex 7.420316754339e+00 7.947523899386e-01 1.193094968848e+01
   endloop
 endfacet
 facet normal 6.362753469305e-01 -1.267334418155e-01 7.609811545722e-01
   outer loop
     vertex 6.799589225174e+00 3.368183040114e-01 1.311262118466e+01
     vertex 7.056236613207e+00 5.511191108928e-01 1.293372144949e+01
     vertex 6.553211221239e+00 7.280344450023e-01 1.338377693764e+01
   endloop
 endfacet
 facet normal 5.649651435289e-01 -1.991812859714e-01 8.007129335262e-01
   outer loop
     vertex 6.656912202430e+00 2.517242960585e-01 1.319212334833e+01
     vertex 6.799589225174e+00 3.368183040114e-01 1.311262118466e+01
     vertex 6.553211221239e+00 7.280344450023e-01 1.338377693764e+01
   endloop
 endfacet
 facet normal 3.968239313196e-01 -1.462688483253e-01 9.061656534771e-01
   outer loop
     vertex 6.507316748422e+00 1.823107531799e-01 1.326450669994e+01
     vertex 6.051044313817e+00 4.493871186553e-01 1.350742561085e+01
     vertex 6.195282289662e+00 9.189597674400e-02 1.338655709436e+01
   endloop
 endfacet
 facet normal 5.068798456480e-01 -2.245224940402e-01 8.322634629405e-01
   outer loop
     vertex 6.507316748422e+00 1.823107531799e-01 1.326450669994e+01
     vertex 6.656912202430e+00 2.517242960585e-01 1.319212334833e+01
     vertex 6.553211221239e+00 7.280344450023e-01 1.338377693764e+01
   endloop
 endfacet
 facet normal 3.502177241661e-01 -2.280078096268e-01 9.084932495231e-01
   outer loop
     vertex 6.507316748422e+00 1.823107531799e-01 1.326450669994e+01
     vertex 6.553211221239e+00 7.280344450023e-01 1.338377693764e+01
     vertex 6.051044313817e+00 4.493871186553e-01 1.350742561085e+01
   endloop
 endfacet
 facet normal 5.455879881445e-01 -4.189281475502e-01 7.258325939104e-01
   outer loop
     vertex 6.507316748422e+00 1.823107531799e-01 1.326450669994e+01
     vertex 6.610158749098e+00 -2.405629469610e-01 1.294313362019e+01
     vertex 6.656912202430e+00 2.517242960585e-01 1.319212334833e+01
   endloop
 endfacet
 facet normal 8.551775774788e-01 -4.891755586114e-01 1.714018198118e-01
   outer loop
     vertex 7.092381194210e+00 1.949390409721e-01 1.263049994055e+01
     vertex 6.791272614840e+00 -3.858067434208e-01 1.247539459769e+01
     vertex 7.038071372492e+00 -1.394412126795e-01 1.194715768825e+01
   endloop
 endfacet
 facet normal 8.678239689853e-01 -4.700511999878e-01 1.610385924075e-01
   outer loop
     vertex 7.092381194210e+00 1.949390409721e-01 1.263049994055e+01
     vertex 7.038071372492e+00 -1.394412126795e-01 1.194715768825e+01
     vertex 7.199957992897e+00 1.570999047092e-01 1.194032962701e+01
   endloop
 endfacet
 facet normal 8.537480524993e-01 -2.845723909575e-01 4.360422194677e-01
   outer loop
     vertex 7.092381194210e+00 1.949390409721e-01 1.263049994055e+01
     vertex 7.272762995257e+00 4.748070197502e-01 1.245997078498e+01
     vertex 7.056236613207e+00 5.511191108928e-01 1.293372144949e+01
   endloop
 endfacet
 facet normal 8.713692535880e-01 -4.633810126736e-01 1.612254973478e-01
   outer loop
     vertex 7.092381194210e+00 1.949390409721e-01 1.263049994055e+01
     vertex 7.199957992897e+00 1.570999047092e-01 1.194032962701e+01
     vertex 7.272762995257e+00 4.748070197502e-01 1.245997078498e+01
   endloop
 endfacet
 facet normal 7.933198186194e-01 -3.459633409577e-01 5.009521255561e-01
   outer loop
     vertex 6.985532956341e+00 6.904179319384e-02 1.271276127876e+01
     vertex 7.092381194210e+00 1.949390409721e-01 1.263049994055e+01
     vertex 7.056236613207e+00 5.511191108928e-01 1.293372144949e+01
   endloop
 endfacet
 facet normal 7.198159827894e-01 -3.737013020965e-01 5.849891347131e-01
   outer loop
     vertex 6.985532956341e+00 6.904179319384e-02 1.271276127876e+01
     vertex 7.056236613207e+00 5.511191108928e-01 1.293372144949e+01
     vertex 6.799589225174e+00 3.368183040114e-01 1.311262118466e+01
   endloop
 endfacet
 facet normal 8.148547212495e-01 -5.005625530547e-01 2.923164616246e-01
   outer loop
     vertex 6.985532956341e+00 6.904179319384e-02 1.271276127876e+01
     vertex 6.791272614840e+00 -3.858067434208e-01 1.247539459769e+01
     vertex 7.092381194210e+00 1.949390409721e-01 1.263049994055e+01
   endloop
 endfacet
 facet normal 6.218530548890e-01 -4.330004427139e-01 6.525407226639e-01
   outer loop
     vertex 6.868848171625e+00 -4.610517944159e-02 1.279252633381e+01
     vertex 6.799589225174e+00 3.368183040114e-01 1.311262118466e+01
     vertex 6.656912202430e+00 2.517242960585e-01 1.319212334833e+01
   endloop
 endfacet
 facet normal 6.635893793104e-01 -3.868721793263e-01 6.402960663082e-01
   outer loop
     vertex 6.868848171625e+00 -4.610517944159e-02 1.279252633381e+01
     vertex 6.656912202430e+00 2.517242960585e-01 1.319212334833e+01
     vertex 6.610158749098e+00 -2.405629469610e-01 1.294313362019e+01
   endloop
 endfacet
 facet normal 7.385612750025e-01 -3.487332284230e-01 5.769855964063e-01
   outer loop
     vertex 6.868848171625e+00 -4.610517944159e-02 1.279252633381e+01
     vertex 6.985532956341e+00 6.904179319384e-02 1.271276127876e+01
     vertex 6.799589225174e+00 3.368183040114e-01 1.311262118466e+01
   endloop
 endfacet
 facet normal 7.683199256474e-01 -5.216770324940e-01 3.708605743693e-01
   outer loop
     vertex 6.868848171625e+00 -4.610517944159e-02 1.279252633381e+01
     vertex 6.791272614840e+00 -3.858067434208e-01 1.247539459769e+01
     vertex 6.985532956341e+00 6.904179319384e-02 1.271276127876e+01
   endloop
 endfacet
 facet normal 6.890511744820e-01 -5.723580019575e-01 4.445388583017e-01
   outer loop
     vertex 6.868848171625e+00 -4.610517944159e-02 1.279252633381e+01
     vertex 6.610158749098e+00 -2.405629469610e-01 1.294313362019e+01
     vertex 6.791272614840e+00 -3.858067434208e-01 1.247539459769e+01
   endloop
 endfacet
 facet normal 5.508289596689e-01 -4.159460239375e-01 7.235857671076e-01
   outer loop
     vertex 6.235890894505e+00 -2.927953731909e-01 1.319801937300e+01
     vertex 6.610158749098e+00 -2.405629469610e-01 1.294313362019e+01
     vertex 6.507316748422e+00 1.823107531799e-01 1.326450669994e+01
   endloop
 endfacet
 facet normal 3.703296970640e-01 -3.769852437887e-01 8.489629211209e-01
   outer loop
     vertex 6.235890894505e+00 -2.927953731909e-01 1.319801937300e+01
     vertex 6.195282289662e+00 9.189597674400e-02 1.338655709436e+01
     vertex 5.846467446667e+00 -2.448103698844e-01 1.338919934281e+01
   endloop
 endfacet
 facet normal 5.261610557177e-01 -5.317346191367e-01 6.636360736560e-01
   outer loop
     vertex 6.235890894505e+00 -2.927953731909e-01 1.319801937300e+01
     vertex 6.175761557235e+00 -6.591691634006e-01 1.295213775399e+01
     vertex 6.610158749098e+00 -2.405629469610e-01 1.294313362019e+01
   endloop
 endfacet
 facet normal 4.285452594361e-01 -3.607505913629e-01 8.283767086575e-01
   outer loop
     vertex 6.235890894505e+00 -2.927953731909e-01 1.319801937300e+01
     vertex 6.507316748422e+00 1.823107531799e-01 1.326450669994e+01
     vertex 6.195282289662e+00 9.189597674400e-02 1.338655709436e+01
   endloop
 endfacet
 facet normal 2.764579910381e-01 -4.468745231604e-01 8.508079335204e-01
   outer loop
     vertex 5.799421295044e+00 -6.264853039182e-01 1.320401710206e+01
     vertex 5.846467446667e+00 -2.448103698844e-01 1.338919934281e+01
     vertex 5.431789414438e+00 -4.955125085665e-01 1.339226543674e+01
   endloop
 endfacet
 facet normal 4.307594334194e-01 -5.505850780221e-01 7.150541115046e-01
   outer loop
     vertex 5.799421295044e+00 -6.264853039182e-01 1.320401710206e+01
     vertex 6.175761557235e+00 -6.591691634006e-01 1.295213775399e+01
     vertex 6.235890894505e+00 -2.927953731909e-01 1.319801937300e+01
   endloop
 endfacet
 facet normal 3.503657237611e-01 -4.434535296559e-01 8.249805007690e-01
   outer loop
     vertex 5.799421295044e+00 -6.264853039182e-01 1.320401710206e+01
     vertex 6.235890894505e+00 -2.927953731909e-01 1.319801937300e+01
     vertex 5.846467446667e+00 -2.448103698844e-01 1.338919934281e+01
   endloop
 endfacet
 facet normal 3.935317227187e-01 -6.297813137433e-01 6.697076078960e-01
   outer loop
     vertex 5.799421295044e+00 -6.264853039182e-01 1.320401710206e+01
     vertex 5.659672851192e+00 -9.704498067921e-01 1.296267749543e+01
     vertex 6.175761557235e+00 -6.591691634006e-01 1.295213775399e+01
   endloop
 endfacet
 facet normal 1.229838312156e-01 -5.465136393492e-01 8.283705808784e-01
   outer loop
     vertex 5.301289244357e+00 -8.568206516501e-01 1.321073539260e+01
     vertex 4.973603897535e+00 -6.504249368541e-01 1.339555372894e+01
     vertex 4.615403811793e+00 -8.869535673684e-01 1.329268515085e+01
   endloop
 endfacet
 facet normal 2.443891214458e-01 -5.043693364881e-01 8.281820631537e-01
   outer loop
     vertex 5.301289244357e+00 -8.568206516501e-01 1.321073539260e+01
     vertex 5.799421295044e+00 -6.264853039182e-01 1.320401710206e+01
     vertex 5.431789414438e+00 -4.955125085665e-01 1.339226543674e+01
   endloop
 endfacet
 facet normal 2.474420735054e-01 -6.944851731597e-01 6.756202813124e-01
   outer loop
     vertex 5.301289244357e+00 -8.568206516501e-01 1.321073539260e+01
     vertex 5.089854056959e+00 -1.162339198533e+00 1.297412298742e+01
     vertex 5.659672851192e+00 -9.704498067921e-01 1.296267749543e+01
   endloop
 endfacet
 facet normal 1.722012274025e-01 -4.911960598891e-01 8.538578148793e-01
   outer loop
     vertex 5.301289244357e+00 -8.568206516501e-01 1.321073539260e+01
     vertex 5.431789414438e+00 -4.955125085665e-01 1.339226543674e+01
     vertex 4.973603897535e+00 -6.504249368541e-01 1.339555372894e+01
   endloop
 endfacet
 facet normal 1.204504052322e-01 -6.084627006473e-01 7.843881958574e-01
   outer loop
     vertex 5.301289244357e+00 -8.568206516501e-01 1.321073539260e+01
     vertex 4.615403811793e+00 -8.869535673684e-01 1.329268515085e+01
     vertex 4.602908720340e+00 -1.029055957700e+00 1.318437275424e+01
   endloop
 endfacet
 facet normal 1.359194013396e-01 -6.637093296372e-01 7.355377910699e-01
   outer loop
     vertex 5.301289244357e+00 -8.568206516501e-01 1.321073539260e+01
     vertex 4.602908720340e+00 -1.029055957700e+00 1.318437275424e+01
     vertex 5.089854056959e+00 -1.162339198533e+00 1.297412298742e+01
   endloop
 endfacet
 facet normal 2.994150358361e-01 -6.265380223448e-01 7.195837288818e-01
   outer loop
     vertex 5.301289244357e+00 -8.568206516501e-01 1.321073539260e+01
     vertex 5.659672851192e+00 -9.704498067921e-01 1.296267749543e+01
     vertex 5.799421295044e+00 -6.264853039182e-01 1.320401710206e+01
   endloop
 endfacet
 facet normal 0.000000000000e+00 0.000000000000e+00 1.000000000000e+00
   outer loop
     vertex 5.747362780112e+00 6.197367777052e-01 1.355000000000e+01
     vertex 5.519789425228e+00 3.539307884297e-01 1.355000000000e+01
     vertex 5.641630590174e+00 4.798823982688e-01 1.355000000000e+01
   endloop
 endfacet
 facet normal 0.000000000000e+00 0.000000000000e+00 1.000000000000e+00
   outer loop
     vertex 5.835742974370e+00 7.715190997674e-01 1.355000000000e+01
     vertex 5.383870166922e+00 2.430421980300e-01 1.355000000000e+01
     vertex 5.519789425228e+00 3.539307884297e-01 1.355000000000e+01
   endloop
 endfacet
 facet normal 0.000000000000e+00 0.000000000000e+00 1.000000000000e+00
   outer loop
     vertex 5.835742974370e+00 7.715190997674e-01 1.355000000000e+01
     vertex 5.519789425228e+00 3.539307884297e-01 1.355000000000e+01
     vertex 5.747362780112e+00 6.197367777052e-01 1.355000000000e+01
   endloop
 endfacet
 facet normal 0.000000000000e+00 0.000000000000e+00 1.000000000000e+00
   outer loop
     vertex 5.905934206027e+00 9.328347145598e-01 1.355000000000e+01
     vertex 5.235994111710e+00 1.482833961668e-01 1.355000000000e+01
     vertex 5.383870166922e+00 2.430421980300e-01 1.355000000000e+01
   endloop
 endfacet
 facet normal 0.000000000000e+00 0.000000000000e+00 1.000000000000e+00
   outer loop
     vertex 5.905934206027e+00 9.328347145598e-01 1.355000000000e+01
     vertex 5.383870166922e+00 2.430421980300e-01 1.355000000000e+01
     vertex 5.835742974370e+00 7.715190997674e-01 1.355000000000e+01
   endloop
 endfacet
 facet normal 0.000000000000e+00 0.000000000000e+00 1.000000000000e+00
   outer loop
     vertex 5.957102875608e+00 1.101285490551e+00 1.355000000000e+01
     vertex 5.235994111710e+00 1.482833961668e-01 1.355000000000e+01
     vertex 5.905934206027e+00 9.328347145598e-01 1.355000000000e+01
   endloop
 endfacet
 facet normal -8.413714186281e-14 1.521206946512e-14 1.000000000000e+00
   outer loop
     vertex 5.999038130642e+00 1.450000000000e+00 1.355000000000e+01
     vertex 5.957102875608e+00 1.101285490551e+00 1.355000000000e+01
     vertex 5.988415383637e+00 1.274473296208e+00 1.355000000000e+01
   endloop
 endfacet
 facet normal -9.429608695241e-16 1.917373938096e-15 1.000000000000e+00
   outer loop
     vertex 5.999038130642e+00 1.450000000000e+00 1.355000000000e+01
     vertex 5.078282556043e+00 7.072115193717e-02 1.355000000000e+01
     vertex 5.235994111710e+00 1.482833961668e-01 1.355000000000e+01
   endloop
 endfacet
 facet normal -6.068847321644e-16 1.693021931685e-15 1.000000000000e+00
   outer loop
     vertex 5.999038130642e+00 1.450000000000e+00 1.355000000000e+01
     vertex 4.912856796372e+00 1.142223443825e-02 1.355000000000e+01
     vertex 5.078282556043e+00 7.072115193717e-02 1.355000000000e+01
   endloop
 endfacet
 facet normal -3.760647611984e-16 1.518744009391e-15 1.000000000000e+00
   outer loop
     vertex 5.999038130642e+00 1.450000000000e+00 1.355000000000e+01
     vertex 4.780885805072e+00 -2.125584627942e-02 1.355000000000e+01
     vertex 4.912856796372e+00 1.142223443825e-02 1.355000000000e+01
   endloop
 endfacet
 facet normal -1.541623844557e-14 1.397152208801e-14 1.000000000000e+00
   outer loop
     vertex 5.999038130642e+00 1.450000000000e+00 1.355000000000e+01
     vertex 4.646594190793e+00 -4.229254548233e-02 1.355000000000e+01
     vertex 4.780885805072e+00 -2.125584627942e-02 1.355000000000e+01
   endloop
 endfacet
 facet normal -8.004246706536e-15 6.056578975529e-15 1.000000000000e+00
   outer loop
     vertex 5.999038130642e+00 1.450000000000e+00 1.355000000000e+01
     vertex 5.235994111710e+00 1.482833961668e-01 1.355000000000e+01
     vertex 5.957102875608e+00 1.101285490551e+00 1.355000000000e+01
   endloop
 endfacet
 facet normal 0.000000000000e+00 0.000000000000e+00 1.000000000000e+00
   outer loop
     vertex 5.999038130642e+00 1.195000000000e+01 1.355000000000e+01
     vertex 4.646594190793e+00 -4.229254548233e-02 1.355000000000e+01
     vertex 5.999038130642e+00 1.450000000000e+00 1.355000000000e+01
   endloop
 endfacet
 facet normal 0.000000000000e+00 0.000000000000e+00 1.000000000000e+00
   outer loop
     vertex 4.646594190769e+00 1.344229254549e+01 1.355000000000e+01
     vertex 4.646594190793e+00 -4.229254548233e-02 1.355000000000e+01
     vertex 5.999038130642e+00 1.195000000000e+01 1.355000000000e+01
   endloop
 endfacet
 facet normal -1.864704256037e-13 -2.297028153658e-14 1.000000000000e+00
   outer loop
     vertex 5.979980901915e+00 1.218203748645e+01 1.355000000000e+01
     vertex 5.999038130642e+00 1.195000000000e+01 1.355000000000e+01
     vertex 5.994219645943e+00 1.206644880050e+01 1.355000000000e+01
   endloop
 endfacet
 facet normal -5.308227933049e-14 -1.201511885228e-14 1.000000000000e+00
   outer loop
     vertex 5.940442550131e+00 1.235671622742e+01 1.355000000000e+01
     vertex 5.999038130642e+00 1.195000000000e+01 1.355000000000e+01
     vertex 5.979980901915e+00 1.218203748645e+01 1.355000000000e+01
   endloop
 endfacet
 facet normal -1.248459319479e-14 -1.486871557219e-14 1.000000000000e+00
   outer loop
     vertex 5.880571325504e+00 1.252564674422e+01 1.355000000000e+01
     vertex 4.823758384571e+00 1.341300514357e+01 1.355000000000e+01
     vertex 4.646594190769e+00 1.344229254549e+01 1.355000000000e+01
   endloop
 endfacet
 facet normal -4.405277435954e-15 -3.992441555599e-15 1.000000000000e+00
   outer loop
     vertex 5.880571325504e+00 1.252564674422e+01 1.355000000000e+01
     vertex 4.646594190769e+00 1.344229254549e+01 1.355000000000e+01
     vertex 5.999038130642e+00 1.195000000000e+01 1.355000000000e+01
   endloop
 endfacet
 facet normal -2.076394462533e-14 -7.359018467021e-15 1.000000000000e+00
   outer loop
     vertex 5.880571325504e+00 1.252564674422e+01 1.355000000000e+01
     vertex 5.999038130642e+00 1.195000000000e+01 1.355000000000e+01
     vertex 5.940442550131e+00 1.235671622742e+01 1.355000000000e+01
   endloop
 endfacet
 facet normal 0.000000000000e+00 0.000000000000e+00 1.000000000000e+00
   outer loop
     vertex 5.801549949272e+00 1.268657864515e+01 1.355000000000e+01
     vertex 4.996367601978e+00 1.336331627826e+01 1.355000000000e+01
     vertex 4.823758384571e+00 1.341300514357e+01 1.355000000000e+01
   endloop
 endfacet
 facet normal 0.000000000000e+00 0.000000000000e+00 1.000000000000e+00
   outer loop
     vertex 5.801549949272e+00 1.268657864515e+01 1.355000000000e+01
     vertex 4.823758384571e+00 1.341300514357e+01 1.355000000000e+01
     vertex 5.880571325504e+00 1.252564674422e+01 1.355000000000e+01
   endloop
 endfacet
 facet normal 0.000000000000e+00 0.000000000000e+00 1.000000000000e+00
   outer loop
     vertex 5.704561142675e+00 1.283726153848e+01 1.355000000000e+01
     vertex 5.161868086127e+00 1.329384900727e+01 1.355000000000e+01
     vertex 4.996367601978e+00 1.336331627826e+01 1.355000000000e+01
   endloop
 endfacet
 facet normal 0.000000000000e+00 0.000000000000e+00 1.000000000000e+00
   outer loop
     vertex 5.704561142675e+00 1.283726153848e+01 1.355000000000e+01
     vertex 4.996367601978e+00 1.336331627826e+01 1.355000000000e+01
     vertex 5.801549949272e+00 1.268657864515e+01 1.355000000000e+01
   endloop
 endfacet
 facet normal 0.000000000000e+00 0.000000000000e+00 1.000000000000e+00
   outer loop
     vertex 5.590787626954e+00 1.297544503249e+01 1.355000000000e+01
     vertex 5.317726601783e+00 1.320542761908e+01 1.355000000000e+01
     vertex 5.161868086127e+00 1.329384900727e+01 1.355000000000e+01
   endloop
 endfacet
 facet normal 0.000000000000e+00 0.000000000000e+00 1.000000000000e+00
   outer loop
     vertex 5.590787626954e+00 1.297544503249e+01 1.355000000000e+01
     vertex 5.461412123347e+00 1.309887873546e+01 1.355000000000e+01
     vertex 5.317726601783e+00 1.320542761908e+01 1.355000000000e+01
   endloop
 endfacet
 facet normal 0.000000000000e+00 0.000000000000e+00 1.000000000000e+00
   outer loop
     vertex 5.590787626954e+00 1.297544503249e+01 1.355000000000e+01
     vertex 5.161868086127e+00 1.329384900727e+01 1.355000000000e+01
     vertex 5.704561142675e+00 1.283726153848e+01 1.355000000000e+01
   endloop
 endfacet
 facet normal -9.447509734961e-01 0.000000000000e+00 -3.277889535635e-01
   outer loop
     vertex 6.020620189091e+00 -3.330669073875e-16 -5.420633805991e-01
     vertex 6.335636106221e+00 -3.053113317719e-16 -1.450000000000e+00
     vertex 6.335636106221e+00 -1.550000000000e+00 -1.450000000000e+00
   endloop
 endfacet
 facet normal -9.541073371959e-01 -4.869132034073e-03 -2.994252505421e-01
   outer loop
     vertex 5.630489212884e+00 -1.550000000000e+00 7.262798230259e-01
     vertex 5.732859308072e+00 -3.053113317719e-16 3.748758803389e-01
     vertex 6.020620189091e+00 -3.330669073875e-16 -5.420633805991e-01
   endloop
 endfacet
 facet normal -9.512314491607e-01 -1.278394060874e-02 -3.082130772536e-01
   outer loop
     vertex 5.630489212884e+00 -1.550000000000e+00 7.262798230259e-01
     vertex 6.020620189091e+00 -3.330669073875e-16 -5.420633805991e-01
     vertex 6.335636106221e+00 -1.550000000000e+00 -1.450000000000e+00
   endloop
 endfacet
 facet normal -9.626329039864e-01 2.183432122815e-03 -2.708008950998e-01
   outer loop
     vertex 5.472610160725e+00 -3.469446951954e-16 1.299999825656e+00
     vertex 5.732859308072e+00 -3.053113317719e-16 3.748758803389e-01
     vertex 5.630489212884e+00 -1.550000000000e+00 7.262798230259e-01
   endloop
 endfacet
 facet normal -9.447509734961e-01 0.000000000000e+00 -3.277889535635e-01
   outer loop
     vertex 6.020620189091e+00 1.330000000000e+01 -5.420633805991e-01
     vertex 6.335636106221e+00 1.495000000000e+01 -1.450000000000e+00
     vertex 6.335636106221e+00 1.330000000000e+01 -1.450000000000e+00
   endloop
 endfacet
 facet normal -9.707562639921e-01 -1.009846190427e-02 -2.398547414316e-01
   outer loop
     vertex 5.081753156497e+00 -1.550000000000e+00 2.947161348392e+00
     vertex 5.472610160725e+00 -3.469446951954e-16 1.299999825656e+00
     vertex 5.630489212884e+00 -1.550000000000e+00 7.262798230259e-01
   endloop
 endfacet
 facet normal -9.541086665887e-01 4.574039496085e-03 -2.994256677423e-01
   outer loop
     vertex 5.630489212884e+00 1.495000000000e+01 7.262798230258e-01
     vertex 6.020620189091e+00 1.330000000000e+01 -5.420633805991e-01
     vertex 5.732859308072e+00 1.330000000000e+01 3.748758803389e-01
   endloop
 endfacet
 facet normal -9.512405855383e-01 1.200927167484e-02 -3.082160375752e-01
   outer loop
     vertex 5.630489212884e+00 1.495000000000e+01 7.262798230258e-01
     vertex 6.335636106221e+00 1.495000000000e+01 -1.450000000000e+00
     vertex 6.020620189091e+00 1.330000000000e+01 -5.420633805991e-01
   endloop
 endfacet
 facet normal -9.729821963317e-01 -0.000000000000e+00 -2.308801542392e-01
   outer loop
     vertex 5.472610160725e+00 1.330000000000e+01 1.299999825656e+00
     vertex 5.472610160725e+00 -3.469446951954e-16 1.299999825656e+00
     vertex 5.081753156497e+00 -1.550000000000e+00 2.947161348392e+00
   endloop
 endfacet
 facet normal -9.626331736935e-01 -2.051103477921e-03 -2.708009709718e-01
   outer loop
     vertex 5.472610160725e+00 1.330000000000e+01 1.299999825656e+00
     vertex 5.630489212884e+00 1.495000000000e+01 7.262798230258e-01
     vertex 5.732859308072e+00 1.330000000000e+01 3.748758803389e-01
   endloop
 endfacet
 facet normal -9.729821963317e-01 -1.873145898425e-16 -2.308801542392e-01
   outer loop
     vertex 5.081753156497e+00 1.495000000000e+01 2.947161348392e+00
     vertex 5.472610160725e+00 1.330000000000e+01 1.299999825656e+00
     vertex 5.081753156497e+00 -1.550000000000e+00 2.947161348392e+00
   endloop
 endfacet
 facet normal -9.707620820316e-01 9.486490765176e-03 -2.398561789545e-01
   outer loop
     vertex 5.081753156497e+00 1.495000000000e+01 2.947161348392e+00
     vertex 5.630489212884e+00 1.495000000000e+01 7.262798230258e-01
     vertex 5.472610160725e+00 1.330000000000e+01 1.299999825656e+00
   endloop
 endfacet
 facet normal -9.853951633357e-01 -1.472636797691e-16 -1.702832113706e-01
   outer loop
     vertex 4.692201660811e+00 1.495000000000e+01 5.201418574509e+00
     vertex 5.081753156497e+00 -1.550000000000e+00 2.947161348392e+00
     vertex 4.692201660811e+00 -1.550000000000e+00 5.201418574509e+00
   endloop
 endfacet
 facet normal -9.853951633357e-01 -8.823776436826e-18 -1.702832113706e-01
   outer loop
     vertex 4.692201660811e+00 1.495000000000e+01 5.201418574509e+00
     vertex 5.081753156497e+00 1.495000000000e+01 2.947161348392e+00
     vertex 5.081753156497e+00 -1.550000000000e+00 2.947161348392e+00
   endloop
 endfacet
 facet normal -9.950036340373e-01 -8.079539169844e-17 -9.983871119264e-02
   outer loop
     vertex 4.463803811373e+00 1.495000000000e+01 7.477656793954e+00
     vertex 4.692201660811e+00 -1.550000000000e+00 5.201418574509e+00
     vertex 4.463803811373e+00 -1.550000000000e+00 7.477656793954e+00
   endloop
 endfacet
 facet normal -9.950036340373e-01 2.647132931048e-17 -9.983871119264e-02
   outer loop
     vertex 4.463803811373e+00 1.495000000000e+01 7.477656793954e+00
     vertex 4.692201660811e+00 1.495000000000e+01 5.201418574509e+00
     vertex 4.692201660811e+00 -1.550000000000e+00 5.201418574509e+00
   endloop
 endfacet
 facet normal -9.991089450649e-01 7.649990144475e-17 4.220563814520e-02
   outer loop
     vertex 4.397714102285e+00 1.495000000000e+01 9.764370190872e+00
     vertex 4.397714102285e+00 -1.550000000000e+00 9.764370190872e+00
     vertex 4.494266600523e+00 -1.550000000000e+00 1.205000000000e+01
   endloop
 endfacet
 facet normal -9.995826098068e-01 3.825557229802e-17 -2.888955125787e-02
   outer loop
     vertex 4.397714102285e+00 1.495000000000e+01 9.764370190872e+00
     vertex 4.463803811373e+00 -1.550000000000e+00 7.477656793954e+00
     vertex 4.397714102285e+00 -1.550000000000e+00 9.764370190872e+00
   endloop
 endfacet
 facet normal -9.995826098068e-01 1.470629406138e-17 -2.888955125787e-02
   outer loop
     vertex 4.397714102285e+00 1.495000000000e+01 9.764370190872e+00
     vertex 4.463803811373e+00 1.495000000000e+01 7.477656793954e+00
     vertex 4.463803811373e+00 -1.550000000000e+00 7.477656793954e+00
   endloop
 endfacet
 facet normal -9.924223194715e-01 1.235436225281e-04 1.228736121051e-01
   outer loop
     vertex 4.646594190793e+00 -4.229254548233e-02 1.355000000000e+01
     vertex 4.641324751625e+00 -3.974969203884e-01 1.350779707525e+01
     vertex 4.645257839903e+00 -2.213577182956e-01 1.353938663830e+01
   endloop
 endfacet
 facet normal -9.926756027806e-01 3.725083906959e-04 1.208098045758e-01
   outer loop
     vertex 4.646594190793e+00 -4.229254548233e-02 1.355000000000e+01
     vertex 4.634908872545e+00 -5.688358596035e-01 1.345560709396e+01
     vertex 4.641324751625e+00 -3.974969203884e-01 1.350779707525e+01
   endloop
 endfacet
 facet normal -9.929533195050e-01 7.921218673657e-04 1.185034928891e-01
   outer loop
     vertex 4.646594190793e+00 -4.229254548233e-02 1.355000000000e+01
     vertex 4.626166325200e+00 -7.329938388166e-01 1.338344965729e+01
     vertex 4.634908872545e+00 -5.688358596035e-01 1.345560709396e+01
   endloop
 endfacet
 facet normal -9.933656401049e-01 1.652293132623e-03 1.149868470145e-01
   outer loop
     vertex 4.646594190793e+00 -4.229254548233e-02 1.355000000000e+01
     vertex 4.615403811793e+00 -8.869535673684e-01 1.329268515085e+01
     vertex 4.626166325200e+00 -7.329938388166e-01 1.338344965729e+01
   endloop
 endfacet
 facet normal -9.938407696944e-01 2.951945599617e-03 1.107782041303e-01
   outer loop
     vertex 4.646594190793e+00 -4.229254548233e-02 1.355000000000e+01
     vertex 4.602908720340e+00 -1.029055957700e+00 1.318437275424e+01
     vertex 4.615403811793e+00 -8.869535673684e-01 1.329268515085e+01
   endloop
 endfacet
 facet normal -9.943274643512e-01 4.647443614110e-03 1.062605049153e-01
   outer loop
     vertex 4.646594190793e+00 -4.229254548233e-02 1.355000000000e+01
     vertex 4.588986261819e+00 -1.157554949493e+00 1.305971410453e+01
     vertex 4.602908720340e+00 -1.029055957700e+00 1.318437275424e+01
   endloop
 endfacet
 facet normal -9.948172815994e-01 6.786613551075e-03 1.014520483167e-01
   outer loop
     vertex 4.646594190793e+00 -4.229254548233e-02 1.355000000000e+01
     vertex 4.574079922772e+00 -1.269996391528e+00 1.292106745019e+01
     vertex 4.588986261819e+00 -1.157554949493e+00 1.305971410453e+01
   endloop
 endfacet
 facet normal -9.952758025276e-01 9.276904388283e-03 9.664375793639e-02
   outer loop
     vertex 4.646594190793e+00 -4.229254548233e-02 1.355000000000e+01
     vertex 4.558541494838e+00 -1.365076311298e+00 1.277017333847e+01
     vertex 4.574079922772e+00 -1.269996391528e+00 1.292106745019e+01
   endloop
 endfacet
 facet normal -9.968454377928e-01 0.000000000000e+00 7.936733050599e-02
   outer loop
     vertex 4.494266600523e+00 1.495000000000e+01 1.205000000000e+01
     vertex 4.494266600523e+00 -1.550000000000e+00 1.205000000000e+01
     vertex 4.502795414345e+00 -1.546158065526e+00 1.215712101685e+01
   endloop
 endfacet
 facet normal -9.991089450649e-01 0.000000000000e+00 4.220563814520e-02
   outer loop
     vertex 4.494266600523e+00 1.495000000000e+01 1.205000000000e+01
     vertex 4.397714102285e+00 1.495000000000e+01 9.764370190872e+00
     vertex 4.494266600523e+00 -1.550000000000e+00 1.205000000000e+01
   endloop
 endfacet
 facet normal -9.965762606725e-01 -1.910981760944e-06 8.267863484768e-02
   outer loop
     vertex 4.508680126682e+00 1.493931466494e+01 1.222843409627e+01
     vertex 4.502795414345e+00 -1.546158065526e+00 1.215712101685e+01
     vertex 4.511630004127e+00 -1.534662017671e+00 1.226361000805e+01
   endloop
 endfacet
 facet normal -9.967533116349e-01 7.507120463768e-06 8.051605857592e-02
   outer loop
     vertex 4.508680126682e+00 1.493931466494e+01 1.222843409627e+01
     vertex 4.494266600523e+00 1.495000000000e+01 1.205000000000e+01
     vertex 4.502795414345e+00 -1.546158065526e+00 1.215712101685e+01
   endloop
 endfacet
 facet normal -9.962030957433e-01 -4.094560382292e-06 8.705970373625e-02
   outer loop
     vertex 4.523819987949e+00 1.490751369420e+01 1.240387034179e+01
     vertex 4.511630004127e+00 -1.534662017671e+00 1.226361000805e+01
     vertex 4.526953770680e+00 -1.498512521673e+00 1.243895785601e+01
   endloop
 endfacet
 facet normal -9.962968861863e-01 5.187684990050e-06 8.597973335979e-02
   outer loop
     vertex 4.523819987949e+00 1.490751369420e+01 1.240387034179e+01
     vertex 4.508680126682e+00 1.493931466494e+01 1.222843409627e+01
     vertex 4.511630004127e+00 -1.534662017671e+00 1.226361000805e+01
   endloop
 endfacet
 facet normal -9.957201609752e-01 -4.398195578895e-06 9.241948392091e-02
   outer loop
     vertex 4.539457450534e+00 1.485497963939e+01 1.257444976143e+01
     vertex 4.526953770680e+00 -1.498512521673e+00 1.243895785601e+01
     vertex 4.542700118922e+00 -1.441699983797e+00 1.260861046187e+01
   endloop
 endfacet
 facet normal -9.958242247014e-01 5.028051089566e-06 9.129136581660e-02
   outer loop
     vertex 4.539457450534e+00 1.485497963939e+01 1.257444976143e+01
     vertex 4.523819987949e+00 1.490751369420e+01 1.240387034179e+01
     vertex 4.526953770680e+00 -1.498512521673e+00 1.243895785601e+01
   endloop
 endfacet
 facet normal -9.952272156740e-01 -4.035606860883e-06 9.758477937439e-02
   outer loop
     vertex 4.555303270156e+00 1.478235199859e+01 1.273781578556e+01
     vertex 4.542700118922e+00 -1.441699983797e+00 1.260861046187e+01
     vertex 4.558541494838e+00 -1.365076311298e+00 1.277017333847e+01
   endloop
 endfacet
 facet normal -9.953286563327e-01 4.326738116564e-06 9.654463146250e-02
   outer loop
     vertex 4.555303270156e+00 1.478235199859e+01 1.273781578556e+01
     vertex 4.539457450534e+00 1.485497963939e+01 1.257444976143e+01
     vertex 4.542700118922e+00 -1.441699983797e+00 1.260861046187e+01
   endloop
 endfacet
 facet normal -9.936856232254e-01 -1.753806212839e-12 1.122001880355e-01
   outer loop
     vertex 4.646594190769e+00 1.344229254549e+01 1.355000000000e+01
     vertex 4.558541494838e+00 -1.365076311298e+00 1.277017333847e+01
     vertex 4.646594190793e+00 -4.229254548233e-02 1.355000000000e+01
   endloop
 endfacet
 facet normal -9.953658184478e-01 -9.833171439167e-03 9.565665792411e-02
   outer loop
     vertex 4.646594190769e+00 1.344229254549e+01 1.355000000000e+01
     vertex 4.570923219684e+00 1.469101909650e+01 1.289096217474e+01
     vertex 4.555303270156e+00 1.478235199859e+01 1.273781578556e+01
   endloop
 endfacet
 facet normal -9.949154466036e-01 -7.275807251448e-03 1.004505686314e-01
   outer loop
     vertex 4.646594190769e+00 1.344229254549e+01 1.355000000000e+01
     vertex 4.585985230244e+00 1.458206551705e+01 1.303225258169e+01
     vertex 4.570923219684e+00 1.469101909650e+01 1.289096217474e+01
   endloop
 endfacet
 facet normal -9.944290094529e-01 -5.052834827285e-03 1.052872927694e-01
   outer loop
     vertex 4.646594190769e+00 1.344229254549e+01 1.355000000000e+01
     vertex 4.600145322785e+00 1.445670818058e+01 1.315997736718e+01
     vertex 4.585985230244e+00 1.458206551705e+01 1.303225258169e+01
   endloop
 endfacet
 facet normal -9.939401710006e-01 -3.267011143197e-03 1.098738508903e-01
   outer loop
     vertex 4.646594190769e+00 1.344229254549e+01 1.355000000000e+01
     vertex 4.612955119088e+00 1.431733443572e+01 1.327171310275e+01
     vertex 4.600145322785e+00 1.445670818058e+01 1.315997736718e+01
   endloop
 endfacet
 facet normal -9.934596584677e-01 -1.882842441242e-03 1.141681299729e-01
   outer loop
     vertex 4.646594190769e+00 1.344229254549e+01 1.355000000000e+01
     vertex 4.624097682892e+00 1.416572207142e+01 1.336617226084e+01
     vertex 4.612955119088e+00 1.431733443572e+01 1.327171310275e+01
   endloop
 endfacet
 facet normal -9.937376479426e-01 2.462545617866e-05 1.117384734776e-01
   outer loop
     vertex 4.646594190769e+00 1.344229254549e+01 1.355000000000e+01
     vertex 4.555303270156e+00 1.478235199859e+01 1.273781578556e+01
     vertex 4.558541494838e+00 -1.365076311298e+00 1.277017333847e+01
   endloop
 endfacet
 facet normal -9.930296233920e-01 -9.309978059148e-04 1.178613605425e-01
   outer loop
     vertex 4.633284068724e+00 1.400346886530e+01 1.344228962316e+01
     vertex 4.624097682892e+00 1.416572207142e+01 1.336617226084e+01
     vertex 4.646594190769e+00 1.344229254549e+01 1.355000000000e+01
   endloop
 endfacet
 facet normal -9.923093436485e-01 -2.393773759826e-05 1.237827368209e-01
   outer loop
     vertex 4.644679106330e+00 1.365719303021e+01 1.353468920627e+01
     vertex 4.646594190769e+00 1.344229254549e+01 1.355000000000e+01
     vertex 4.646113190256e+00 1.355004718267e+01 1.354616487797e+01
   endloop
 endfacet
 facet normal -9.926856199058e-01 -3.727275389662e-04 1.207274662469e-01
   outer loop
     vertex 4.640213794945e+00 1.383314971595e+01 1.349874369400e+01
     vertex 4.633284068724e+00 1.400346886530e+01 1.344228962316e+01
     vertex 4.646594190769e+00 1.344229254549e+01 1.355000000000e+01
   endloop
 endfacet
 facet normal -9.924278766947e-01 -9.296202535516e-05 1.228287462989e-01
   outer loop
     vertex 4.640213794945e+00 1.383314971595e+01 1.349874369400e+01
     vertex 4.646594190769e+00 1.344229254549e+01 1.355000000000e+01
     vertex 4.644679106330e+00 1.365719303021e+01 1.353468920627e+01
   endloop
 endfacet
 facet normal 2.923222816567e-02 9.995718843307e-01 -1.234865176848e-03
   outer loop
     vertex 4.397714102285e+00 1.495000000000e+01 9.764370190872e+00
     vertex 4.494266600523e+00 1.495000000000e+01 1.205000000000e+01
     vertex 4.664634733200e+00 1.494500942926e+01 1.204336439583e+01
   endloop
 endfacet
 facet normal 9.973182600695e-01 5.926535712033e-02 -4.294072166768e-02
   outer loop
     vertex 7.381671790467e+00 1.225919457915e+01 9.744489864792e+00
     vertex 7.474133926363e+00 1.228577170835e+01 1.192864690513e+01
     vertex 7.494048787862e+00 1.195000000000e+01 1.192775788451e+01
   endloop
 endfacet
 facet normal 9.971419528054e-01 6.247939738107e-02 -4.247647417376e-02
   outer loop
     vertex 7.381671790467e+00 1.225919457915e+01 9.744489864792e+00
     vertex 7.494048787862e+00 1.195000000000e+01 1.192775788451e+01
     vertex 7.397184861164e+00 1.195000000000e+01 9.653861877322e+00
   endloop
 endfacet
 facet normal 9.838787623275e-01 1.740475740764e-01 -4.110988930908e-02
   outer loop
     vertex 7.331235208606e+00 1.257775149479e+01 9.744825893583e+00
     vertex 7.415664033545e+00 1.261690602746e+01 1.193122144757e+01
     vertex 7.474133926363e+00 1.228577170835e+01 1.192864690513e+01
   endloop
 endfacet
 facet normal 9.867473758711e-01 1.562761251223e-01 -4.367366401310e-02
   outer loop
     vertex 7.331235208606e+00 1.257775149479e+01 9.744825893583e+00
     vertex 7.474133926363e+00 1.228577170835e+01 1.192864690513e+01
     vertex 7.381671790467e+00 1.225919457915e+01 9.744489864792e+00
   endloop
 endfacet
 facet normal 9.275441635278e-01 1.472188449055e-01 -3.434944488784e-01
   outer loop
     vertex 7.331235208606e+00 1.257775149479e+01 9.744825893583e+00
     vertex 7.381671790467e+00 1.225919457915e+01 9.744489864792e+00
     vertex 7.397184861164e+00 1.195000000000e+01 9.653861877322e+00
   endloop
 endfacet
 facet normal 9.583828490916e-01 2.828474682738e-01 -3.872498235105e-02
   outer loop
     vertex 7.248162634189e+00 1.288519116504e+01 9.745379356480e+00
     vertex 7.320663526895e+00 1.293936345754e+01 1.193533795037e+01
     vertex 7.415664033545e+00 1.261690602746e+01 1.193122144757e+01
   endloop
 endfacet
 facet normal 9.645112547409e-01 2.606938479671e-01 -4.191368643106e-02
   outer loop
     vertex 7.248162634189e+00 1.288519116504e+01 9.745379356480e+00
     vertex 7.415664033545e+00 1.261690602746e+01 1.193122144757e+01
     vertex 7.331235208606e+00 1.257775149479e+01 9.744825893583e+00
   endloop
 endfacet
 facet normal 9.219289771668e-01 3.856729448484e-01 -3.610180981808e-02
   outer loop
     vertex 7.139559888518e+00 1.316735286217e+01 9.746102911645e+00
     vertex 7.191244683446e+00 1.324924785243e+01 1.194085139066e+01
     vertex 7.320663526895e+00 1.293936345754e+01 1.193533795037e+01
   endloop
 endfacet
 facet normal 9.324861795195e-01 3.590115985678e-01 -3.975169303337e-02
   outer loop
     vertex 7.139559888518e+00 1.316735286217e+01 9.746102911645e+00
     vertex 7.320663526895e+00 1.293936345754e+01 1.193533795037e+01
     vertex 7.248162634189e+00 1.288519116504e+01 9.745379356480e+00
   endloop
 endfacet
 facet normal 8.750352590000e-01 4.828820479181e-01 -3.373756519304e-02
   outer loop
     vertex 6.999205306671e+00 1.344396891166e+01 9.747038010311e+00
     vertex 7.029243626443e+00 1.354328726926e+01 1.194766038505e+01
     vertex 7.191244683446e+00 1.324924785243e+01 1.194085139066e+01
   endloop
 endfacet
 facet normal 8.910814829075e-01 4.522614361827e-01 -3.786006023804e-02
   outer loop
     vertex 6.999205306671e+00 1.344396891166e+01 9.747038010311e+00
     vertex 7.191244683446e+00 1.324924785243e+01 1.194085139066e+01
     vertex 7.139559888518e+00 1.316735286217e+01 9.746102911645e+00
   endloop
 endfacet
 facet normal 8.176686535879e-01 5.748233098273e-01 -3.156161306033e-02
   outer loop
     vertex 6.827135145225e+00 1.371001460694e+01 9.748184410922e+00
     vertex 6.836415360361e+00 1.381802060283e+01 1.195569214885e+01
     vertex 7.029243626443e+00 1.354328726926e+01 1.194766038505e+01
   endloop
 endfacet
 facet normal 8.390675506108e-01 5.428379690796e-01 -3.595253589759e-02
   outer loop
     vertex 6.827135145225e+00 1.371001460694e+01 9.748184410922e+00
     vertex 7.029243626443e+00 1.354328726926e+01 1.194766038505e+01
     vertex 6.999205306671e+00 1.344396891166e+01 9.747038010311e+00
   endloop
 endfacet
 facet normal 7.493459204179e-01 6.615316367741e-01 -2.926747512141e-02
   outer loop
     vertex 6.633792741026e+00 1.394993259417e+01 9.749472535769e+00
     vertex 6.614451324641e+00 1.406985536091e+01 1.196487692018e+01
     vertex 6.836415360361e+00 1.381802060283e+01 1.195569214885e+01
   endloop
 endfacet
 facet normal 7.780965775293e-01 6.272260298327e-01 -3.395914512384e-02
   outer loop
     vertex 6.633792741026e+00 1.394993259417e+01 9.749472535769e+00
     vertex 6.836415360361e+00 1.381802060283e+01 1.195569214885e+01
     vertex 6.827135145225e+00 1.371001460694e+01 9.748184410922e+00
   endloop
 endfacet
 facet normal 9.958824362606e-01 8.348977671841e-02 3.532181098304e-02
   outer loop
     vertex 7.441632452593e+00 1.225919457915e+01 7.669842370307e+00
     vertex 7.397184861164e+00 1.195000000000e+01 9.653861877322e+00
     vertex 7.477857483743e+00 1.195000000000e+01 7.379333882377e+00
   endloop
 endfacet
 facet normal 7.114610802792e-01 7.020061113628e-01 -3.178916257589e-02
   outer loop
     vertex 6.427945545031e+00 1.415861434621e+01 9.750843972568e+00
     vertex 6.614451324641e+00 1.406985536091e+01 1.196487692018e+01
     vertex 6.633792741026e+00 1.394993259417e+01 9.749472535769e+00
   endloop
 endfacet
 facet normal 6.693407232655e-01 7.424785861417e-01 -2.661851422186e-02
   outer loop
     vertex 6.427945545031e+00 1.415861434621e+01 9.750843972568e+00
     vertex 6.365273255827e+00 1.429485638962e+01 1.197514860054e+01
     vertex 6.614451324641e+00 1.406985536091e+01 1.196487692018e+01
   endloop
 endfacet
 facet normal 5.782938558964e-01 8.154955363362e-01 -2.330764784836e-02
   outer loop
     vertex 6.193153312705e+00 1.435338406288e+01 9.752408252839e+00
     vertex 6.091514132636e+00 1.448930857999e+01 1.198637557411e+01
     vertex 6.365273255827e+00 1.429485638962e+01 1.197514860054e+01
   endloop
 endfacet
 facet normal 6.380737350941e-01 7.694232852430e-01 -2.914990066903e-02
   outer loop
     vertex 6.193153312705e+00 1.435338406288e+01 9.752408252839e+00
     vertex 6.365273255827e+00 1.429485638962e+01 1.197514860054e+01
     vertex 6.427945545031e+00 1.415861434621e+01 9.750843972568e+00
   endloop
 endfacet
 facet normal 9.866062157401e-01 1.563607301167e-01 4.647038993102e-02
   outer loop
     vertex 7.391299467435e+00 1.257775149479e+01 7.666593938336e+00
     vertex 7.397184861164e+00 1.195000000000e+01 9.653861877322e+00
     vertex 7.441632452593e+00 1.225919457915e+01 7.669842370307e+00
   endloop
 endfacet
 facet normal 9.869230754791e-01 1.555041270686e-01 -4.244183727849e-02
   outer loop
     vertex 7.391299467435e+00 1.257775149479e+01 7.666593938336e+00
     vertex 7.441632452593e+00 1.225919457915e+01 7.669842370307e+00
     vertex 7.477857483743e+00 1.195000000000e+01 7.379333882377e+00
   endloop
 endfacet
 facet normal 9.945401171951e-01 1.003182355515e-01 2.874381508024e-02
   outer loop
     vertex 7.391299467435e+00 1.257775149479e+01 7.666593938336e+00
     vertex 7.331235208606e+00 1.257775149479e+01 9.744825893583e+00
     vertex 7.397184861164e+00 1.195000000000e+01 9.653861877322e+00
   endloop
 endfacet
 facet normal 4.816551856898e-01 8.761476349909e-01 -1.932883332985e-02
   outer loop
     vertex 5.936356765714e+00 1.452535894006e+01 9.754119134702e+00
     vertex 5.797334378902e+00 1.465129564146e+01 1.199834613080e+01
     vertex 6.091514132636e+00 1.448930857999e+01 1.198637557411e+01
   endloop
 endfacet
 facet normal 5.561465040246e-01 8.307009002427e-01 -2.524045160529e-02
   outer loop
     vertex 5.936356765714e+00 1.452535894006e+01 9.754119134702e+00
     vertex 6.091514132636e+00 1.448930857999e+01 1.198637557411e+01
     vertex 6.193153312705e+00 1.435338406288e+01 9.752408252839e+00
   endloop
 endfacet
 facet normal 9.650156939331e-01 2.607044875460e-01 2.789051158054e-02
   outer loop
     vertex 7.308397524027e+00 1.288519116504e+01 7.661243543907e+00
     vertex 7.248162634189e+00 1.288519116504e+01 9.745379356480e+00
     vertex 7.331235208606e+00 1.257775149479e+01 9.744825893583e+00
   endloop
 endfacet
 facet normal 9.650156939331e-01 2.607044875460e-01 2.789051158054e-02
   outer loop
     vertex 7.308397524027e+00 1.288519116504e+01 7.661243543907e+00
     vertex 7.331235208606e+00 1.257775149479e+01 9.744825893583e+00
     vertex 7.391299467435e+00 1.257775149479e+01 7.666593938336e+00
   endloop
 endfacet
 facet normal 3.814441418274e-01 9.242524437891e-01 -1.605574088590e-02
   outer loop
     vertex 5.701143956965e+00 1.465203538143e+01 9.755686217022e+00
     vertex 5.487205923180e+00 1.477950440437e+01 1.201083884493e+01
     vertex 5.797334378902e+00 1.465129564146e+01 1.199834613080e+01
   endloop
 endfacet
 facet normal 4.739689926665e-01 8.803134913043e-01 -2.003873794512e-02
   outer loop
     vertex 5.701143956965e+00 1.465203538143e+01 9.755686217022e+00
     vertex 5.797334378902e+00 1.465129564146e+01 1.199834613080e+01
     vertex 5.936356765714e+00 1.452535894006e+01 9.754119134702e+00
   endloop
 endfacet
 facet normal 9.329418748304e-01 3.590159138960e-01 2.696352642503e-02
   outer loop
     vertex 7.200017848318e+00 1.316735286217e+01 7.654248846444e+00
     vertex 7.139559888518e+00 1.316735286217e+01 9.746102911645e+00
     vertex 7.248162634189e+00 1.288519116504e+01 9.745379356480e+00
   endloop
 endfacet
 facet normal 9.329418748304e-01 3.590159138960e-01 2.696352642503e-02
   outer loop
     vertex 7.200017848318e+00 1.316735286217e+01 7.654248846444e+00
     vertex 7.248162634189e+00 1.288519116504e+01 9.745379356480e+00
     vertex 7.308397524027e+00 1.288519116504e+01 7.661243543907e+00
   endloop
 endfacet
 facet normal 2.778389482299e-01 9.605558759063e-01 -1.174427981830e-02
   outer loop
     vertex 5.406466997933e+00 1.477530926227e+01 9.757649473424e+00
     vertex 5.164930172680e+00 1.487287906498e+01 1.202368112677e+01
     vertex 5.487205923180e+00 1.477950440437e+01 1.201083884493e+01
   endloop
 endfacet
 facet normal 3.857921914476e-01 9.224547914120e-01 -1.554164788649e-02
   outer loop
     vertex 5.406466997933e+00 1.477530926227e+01 9.757649473424e+00
     vertex 5.487205923180e+00 1.477950440437e+01 1.201083884493e+01
     vertex 5.701143956965e+00 1.465203538143e+01 9.755686217022e+00
   endloop
 endfacet
 facet normal 8.915115622651e-01 4.522645699447e-01 2.576612350231e-02
   outer loop
     vertex 7.059951554682e+00 1.344396891166e+01 7.645209131734e+00
     vertex 6.999205306671e+00 1.344396891166e+01 9.747038010311e+00
     vertex 7.139559888518e+00 1.316735286217e+01 9.746102911645e+00
   endloop
 endfacet
 facet normal 8.915115622651e-01 4.522645699447e-01 2.576612350231e-02
   outer loop
     vertex 7.059951554682e+00 1.344396891166e+01 7.645209131734e+00
     vertex 7.139559888518e+00 1.316735286217e+01 9.746102911645e+00
     vertex 7.200017848318e+00 1.316735286217e+01 7.654248846444e+00
   endloop
 endfacet
 facet normal 2.886180564129e-01 9.573871886551e-01 -1.045889629101e-02
   outer loop
     vertex 5.118902153294e+00 1.486202072598e+01 9.759565346059e+00
     vertex 5.164930172680e+00 1.487287906498e+01 1.202368112677e+01
     vertex 5.406466997933e+00 1.477530926227e+01 9.757649473424e+00
   endloop
 endfacet
 facet normal 8.394815497341e-01 5.428462627248e-01 2.426237213727e-02
   outer loop
     vertex 6.888234825225e+00 1.371001460694e+01 7.634126734929e+00
     vertex 6.827135145225e+00 1.371001460694e+01 9.748184410922e+00
     vertex 6.999205306671e+00 1.344396891166e+01 9.747038010311e+00
   endloop
 endfacet
 facet normal 8.394815497341e-01 5.428462627248e-01 2.426237213727e-02
   outer loop
     vertex 6.888234825225e+00 1.371001460694e+01 7.634126734929e+00
     vertex 6.999205306671e+00 1.344396891166e+01 9.747038010311e+00
     vertex 7.059951554682e+00 1.344396891166e+01 7.645209131734e+00
   endloop
 endfacet
 facet normal 1.705660632707e-01 9.853312586803e-01 -5.434034207706e-03
   outer loop
     vertex 4.819477367485e+00 1.492020333517e+01 9.761560234392e+00
     vertex 4.834395430725e+00 1.493016828166e+01 1.203671863641e+01
     vertex 5.164930172680e+00 1.487287906498e+01 1.202368112677e+01
   endloop
 endfacet
 facet normal 8.689903134110e-02 9.962049102804e-01 -4.933060422280e-03
   outer loop
     vertex 4.819477367485e+00 1.492020333517e+01 9.761560234392e+00
     vertex 4.664634733200e+00 1.494500942926e+01 1.204336439583e+01
     vertex 4.834395430725e+00 1.493016828166e+01 1.203671863641e+01
   endloop
 endfacet
 facet normal 1.906847075723e-01 9.816138010820e-01 -8.584161198070e-03
   outer loop
     vertex 4.819477367485e+00 1.492020333517e+01 9.761560234392e+00
     vertex 5.164930172680e+00 1.487287906498e+01 1.202368112677e+01
     vertex 5.118902153294e+00 1.486202072598e+01 9.759565346059e+00
   endloop
 endfacet
 facet normal 7.043069353811e-02 9.974982392643e-01 -6.064657643370e-03
   outer loop
     vertex 4.819477367485e+00 1.492020333517e+01 9.761560234392e+00
     vertex 4.397714102285e+00 1.495000000000e+01 9.764370190872e+00
     vertex 4.664634733200e+00 1.494500942926e+01 1.204336439583e+01
   endloop
 endfacet
 facet normal 7.784966695054e-01 6.272453220952e-01 2.249981063806e-02
   outer loop
     vertex 6.695289546186e+00 1.394993259417e+01 7.621674272372e+00
     vertex 6.827135145225e+00 1.371001460694e+01 9.748184410922e+00
     vertex 6.888234825225e+00 1.371001460694e+01 7.634126734929e+00
   endloop
 endfacet
 facet normal 7.784966695054e-01 6.272453220952e-01 2.249981063806e-02
   outer loop
     vertex 6.695289546186e+00 1.394993259417e+01 7.621674272372e+00
     vertex 6.633792741026e+00 1.394993259417e+01 9.749472535769e+00
     vertex 6.827135145225e+00 1.371001460694e+01 9.748184410922e+00
   endloop
 endfacet
 facet normal 9.885930175021e-01 9.994876076453e-02 1.126680565545e-01
   outer loop
     vertex 7.648849074808e+00 1.225919457915e+01 5.604698603193e+00
     vertex 7.477857483743e+00 1.195000000000e+01 7.379333882377e+00
     vertex 7.735575771832e+00 1.195000000000e+01 5.118014144744e+00
   endloop
 endfacet
 facet normal 7.118422566860e-01 7.020379884307e-01 2.057339049348e-02
   outer loop
     vertex 6.489865160184e+00 1.415861434621e+01 7.608416422852e+00
     vertex 6.427945545031e+00 1.415861434621e+01 9.750843972568e+00
     vertex 6.633792741026e+00 1.394993259417e+01 9.749472535769e+00
   endloop
 endfacet
 facet normal 6.384242221854e-01 7.694634851737e-01 1.845149076238e-02
   outer loop
     vertex 6.489865160184e+00 1.415861434621e+01 7.608416422852e+00
     vertex 6.193153312705e+00 1.435338406288e+01 9.752408252839e+00
     vertex 6.427945545031e+00 1.415861434621e+01 9.750843972568e+00
   endloop
 endfacet
 facet normal 7.118422566860e-01 7.020379884307e-01 2.057339049348e-02
   outer loop
     vertex 6.489865160184e+00 1.415861434621e+01 7.608416422852e+00
     vertex 6.633792741026e+00 1.394993259417e+01 9.749472535769e+00
     vertex 6.695289546186e+00 1.394993259417e+01 7.621674272372e+00
   endloop
 endfacet
 facet normal 6.384242221854e-01 7.694634851737e-01 1.845149076238e-02
   outer loop
     vertex 6.255555190937e+00 1.435338406288e+01 7.593294331587e+00
     vertex 6.193153312705e+00 1.435338406288e+01 9.752408252839e+00
     vertex 6.489865160184e+00 1.415861434621e+01 7.608416422852e+00
   endloop
 endfacet
 facet normal 9.908634513282e-01 9.112974930658e-02 9.942328506590e-02
   outer loop
     vertex 7.598874107025e+00 1.257775149479e+01 5.597882130472e+00
     vertex 7.391299467435e+00 1.257775149479e+01 7.666593938336e+00
     vertex 7.477857483743e+00 1.195000000000e+01 7.379333882377e+00
   endloop
 endfacet
 facet normal 9.801733105418e-01 1.563727136933e-01 1.216875331072e-01
   outer loop
     vertex 7.598874107025e+00 1.257775149479e+01 5.597882130472e+00
     vertex 7.477857483743e+00 1.195000000000e+01 7.379333882377e+00
     vertex 7.648849074808e+00 1.225919457915e+01 5.604698603193e+00
   endloop
 endfacet
 facet normal 9.883278034837e-01 5.159933054716e-02 1.433375803766e-01
   outer loop
     vertex 7.719785075480e+00 1.225919457915e+01 5.115587362799e+00
     vertex 7.648849074808e+00 1.225919457915e+01 5.604698603193e+00
     vertex 7.735575771832e+00 1.195000000000e+01 5.118014144744e+00
   endloop
 endfacet
 facet normal 5.564418876157e-01 8.307308786638e-01 1.608206893216e-02
   outer loop
     vertex 5.999286103870e+00 1.452535894006e+01 7.576755024550e+00
     vertex 6.193153312705e+00 1.435338406288e+01 9.752408252839e+00
     vertex 6.255555190937e+00 1.435338406288e+01 7.593294331587e+00
   endloop
 endfacet
 facet normal 5.564418876157e-01 8.307308786638e-01 1.608206893216e-02
   outer loop
     vertex 5.999286103870e+00 1.452535894006e+01 7.576755024550e+00
     vertex 5.936356765714e+00 1.452535894006e+01 9.754119134702e+00
     vertex 6.193153312705e+00 1.435338406288e+01 9.752408252839e+00
   endloop
 endfacet
 facet normal 9.605950653263e-01 2.607044875460e-01 9.638615379831e-02
   outer loop
     vertex 7.516561843250e+00 1.288519116504e+01 5.586654923624e+00
     vertex 7.391299467435e+00 1.257775149479e+01 7.666593938336e+00
     vertex 7.598874107025e+00 1.257775149479e+01 5.597882130472e+00
   endloop
 endfacet
 facet normal 9.605950653263e-01 2.607044875460e-01 9.638615379831e-02
   outer loop
     vertex 7.516561843250e+00 1.288519116504e+01 5.586654923624e+00
     vertex 7.308397524027e+00 1.288519116504e+01 7.661243543907e+00
     vertex 7.391299467435e+00 1.257775149479e+01 7.666593938336e+00
   endloop
 endfacet
 facet normal 9.774707571692e-01 1.563783130337e-01 1.417629785660e-01
   outer loop
     vertex 7.669932666982e+00 1.257775149479e+01 5.107925830832e+00
     vertex 7.598874107025e+00 1.257775149479e+01 5.597882130472e+00
     vertex 7.648849074808e+00 1.225919457915e+01 5.604698603193e+00
   endloop
 endfacet
 facet normal 9.774707571691e-01 1.563783130337e-01 1.417629785660e-01
   outer loop
     vertex 7.669932666982e+00 1.257775149479e+01 5.107925830832e+00
     vertex 7.648849074808e+00 1.225919457915e+01 5.604698603193e+00
     vertex 7.719785075480e+00 1.225919457915e+01 5.115587362799e+00
   endloop
 endfacet
 facet normal 9.553840938862e-01 2.608494419363e-01 1.385597408726e-01
   outer loop
     vertex 7.669932666982e+00 1.257775149479e+01 5.107925830832e+00
     vertex 7.516561843250e+00 1.288519116504e+01 5.586654923624e+00
     vertex 7.598874107025e+00 1.257775149479e+01 5.597882130472e+00
   endloop
 endfacet
 facet normal 4.741939406405e-01 8.803137397792e-01 1.370497047458e-02
   outer loop
     vertex 5.764556422062e+00 1.465203538143e+01 7.561605845527e+00
     vertex 5.936356765714e+00 1.452535894006e+01 9.754119134702e+00
     vertex 5.999286103870e+00 1.452535894006e+01 7.576755024550e+00
   endloop
 endfacet
 facet normal 4.741939406405e-01 8.803137397792e-01 1.370497047458e-02
   outer loop
     vertex 5.764556422062e+00 1.465203538143e+01 7.561605845527e+00
     vertex 5.701143956965e+00 1.465203538143e+01 9.755686217022e+00
     vertex 5.936356765714e+00 1.452535894006e+01 9.754119134702e+00
   endloop
 endfacet
 facet normal 9.286681727899e-01 3.590159138960e-01 9.318260790744e-02
   outer loop
     vertex 7.408953069703e+00 1.316735286217e+01 5.571977329982e+00
     vertex 7.200017848318e+00 1.316735286217e+01 7.654248846444e+00
     vertex 7.308397524027e+00 1.288519116504e+01 7.661243543907e+00
   endloop
 endfacet
 facet normal 9.286681727899e-01 3.590159138960e-01 9.318260790744e-02
   outer loop
     vertex 7.408953069703e+00 1.316735286217e+01 5.571977329982e+00
     vertex 7.308397524027e+00 1.288519116504e+01 7.661243543907e+00
     vertex 7.516561843250e+00 1.288519116504e+01 5.586654923624e+00
   endloop
 endfacet
 facet normal 9.553840938862e-01 2.608494419363e-01 1.385597408726e-01
   outer loop
     vertex 7.587822266911e+00 1.288519116504e+01 5.095306752357e+00
     vertex 7.516561843250e+00 1.288519116504e+01 5.586654923624e+00
     vertex 7.669932666982e+00 1.257775149479e+01 5.107925830832e+00
   endloop
 endfacet
 facet normal 2.887386323016e-01 9.573715908573e-01 8.345012644442e-03
   outer loop
     vertex 5.470484729293e+00 1.477530926227e+01 7.542626802549e+00
     vertex 5.118902153294e+00 1.486202072598e+01 9.759565346059e+00
     vertex 5.406466997933e+00 1.477530926227e+01 9.757649473424e+00
   endloop
 endfacet
 facet normal 3.859661649909e-01 9.224454913144e-01 1.115504531383e-02
   outer loop
     vertex 5.470484729293e+00 1.477530926227e+01 7.542626802549e+00
     vertex 5.406466997933e+00 1.477530926227e+01 9.757649473424e+00
     vertex 5.701143956965e+00 1.465203538143e+01 9.755686217022e+00
   endloop
 endfacet
 facet normal 3.859661649909e-01 9.224454913144e-01 1.115504531383e-02
   outer loop
     vertex 5.470484729293e+00 1.477530926227e+01 7.542626802549e+00
     vertex 5.701143956965e+00 1.465203538143e+01 9.755686217022e+00
     vertex 5.764556422062e+00 1.465203538143e+01 7.561605845527e+00
   endloop
 endfacet
 facet normal 8.356359789554e-01 5.428462627248e-01 8.384775322538e-02
   outer loop
     vertex 7.269883064420e+00 1.344396891166e+01 5.553008495398e+00
     vertex 6.888234825225e+00 1.371001460694e+01 7.634126734929e+00
     vertex 7.059951554682e+00 1.344396891166e+01 7.645209131734e+00
   endloop
 endfacet
 facet normal 8.874276478375e-01 4.522645699447e-01 8.904453170418e-02
   outer loop
     vertex 7.269883064420e+00 1.344396891166e+01 5.553008495398e+00
     vertex 7.200017848318e+00 1.316735286217e+01 7.654248846444e+00
     vertex 7.408953069703e+00 1.316735286217e+01 5.571977329982e+00
   endloop
 endfacet
 facet normal 8.874276478375e-01 4.522645699447e-01 8.904453170418e-02
   outer loop
     vertex 7.269883064420e+00 1.344396891166e+01 5.553008495398e+00
     vertex 7.059951554682e+00 1.344396891166e+01 7.645209131734e+00
     vertex 7.200017848318e+00 1.316735286217e+01 7.654248846444e+00
   endloop
 endfacet
 facet normal 9.235968188474e-01 3.592024716509e-01 1.339496195396e-01
   outer loop
     vertex 7.480477394568e+00 1.316735286217e+01 5.078809531948e+00
     vertex 7.408953069703e+00 1.316735286217e+01 5.571977329982e+00
     vertex 7.516561843250e+00 1.288519116504e+01 5.586654923624e+00
   endloop
 endfacet
 facet normal 9.235968188474e-01 3.592024716509e-01 1.339496195396e-01
   outer loop
     vertex 7.480477394568e+00 1.316735286217e+01 5.078809531948e+00
     vertex 7.516561843250e+00 1.288519116504e+01 5.586654923624e+00
     vertex 7.587822266911e+00 1.288519116504e+01 5.095306752357e+00
   endloop
 endfacet
 facet normal 8.825416674682e-01 4.524791589954e-01 1.279953743591e-01
   outer loop
     vertex 7.480477394568e+00 1.316735286217e+01 5.078809531948e+00
     vertex 7.269883064420e+00 1.344396891166e+01 5.553008495398e+00
     vertex 7.408953069703e+00 1.316735286217e+01 5.571977329982e+00
   endloop
 endfacet
 facet normal 2.887386323016e-01 9.573715908573e-01 8.345012644442e-03
   outer loop
     vertex 5.183510542640e+00 1.486202072598e+01 7.524105824311e+00
     vertex 5.118902153294e+00 1.486202072598e+01 9.759565346059e+00
     vertex 5.470484729293e+00 1.477530926227e+01 7.542626802549e+00
   endloop
 endfacet
 facet normal 8.356359789554e-01 5.428462627248e-01 8.384775322538e-02
   outer loop
     vertex 7.099387752144e+00 1.371001460694e+01 5.529753319925e+00
     vertex 6.888234825225e+00 1.371001460694e+01 7.634126734929e+00
     vertex 7.269883064420e+00 1.344396891166e+01 5.553008495398e+00
   endloop
 endfacet
 facet normal 8.825416674682e-01 4.524791589954e-01 1.279953743591e-01
   outer loop
     vertex 7.341748446439e+00 1.344396891166e+01 5.057489072157e+00
     vertex 7.269883064420e+00 1.344396891166e+01 5.553008495398e+00
     vertex 7.480477394568e+00 1.316735286217e+01 5.078809531948e+00
   endloop
 endfacet
 facet normal 1.907793451803e-01 9.816174606838e-01 5.513831090553e-03
   outer loop
     vertex 4.884700775128e+00 1.492020333517e+01 7.504820991532e+00
     vertex 4.819477367485e+00 1.492020333517e+01 9.761560234392e+00
     vertex 5.118902153294e+00 1.486202072598e+01 9.759565346059e+00
   endloop
 endfacet
 facet normal 7.016266635624e-02 9.975107201863e-01 7.040125224893e-03
   outer loop
     vertex 4.884700775128e+00 1.492020333517e+01 7.504820991532e+00
     vertex 4.692201660811e+00 1.495000000000e+01 5.201418574509e+00
     vertex 4.463803811373e+00 1.495000000000e+01 7.477656793954e+00
   endloop
 endfacet
 facet normal 7.048555276407e-02 9.975107201863e-01 2.037146274394e-03
   outer loop
     vertex 4.884700775128e+00 1.492020333517e+01 7.504820991532e+00
     vertex 4.397714102285e+00 1.495000000000e+01 9.764370190872e+00
     vertex 4.819477367485e+00 1.492020333517e+01 9.761560234392e+00
   endloop
 endfacet
 facet normal 7.048555276407e-02 9.975107201863e-01 2.037146274394e-03
   outer loop
     vertex 4.884700775128e+00 1.492020333517e+01 7.504820991532e+00
     vertex 4.463803811373e+00 1.495000000000e+01 7.477656793954e+00
     vertex 4.397714102285e+00 1.495000000000e+01 9.764370190872e+00
   endloop
 endfacet
 facet normal 1.907793451803e-01 9.816174606838e-01 5.513831090553e-03
   outer loop
     vertex 4.884700775128e+00 1.492020333517e+01 7.504820991532e+00
     vertex 5.118902153294e+00 1.486202072598e+01 9.759565346059e+00
     vertex 5.183510542640e+00 1.486202072598e+01 7.524105824311e+00
   endloop
 endfacet
 facet normal 7.749304636197e-01 6.272453220952e-01 7.775655897635e-02
   outer loop
     vertex 6.907814888475e+00 1.394993259417e+01 5.503623214052e+00
     vertex 6.888234825225e+00 1.371001460694e+01 7.634126734929e+00
     vertex 7.099387752144e+00 1.371001460694e+01 5.529753319925e+00
   endloop
 endfacet
 facet normal 7.749304636197e-01 6.272453220952e-01 7.775655897635e-02
   outer loop
     vertex 6.907814888475e+00 1.394993259417e+01 5.503623214052e+00
     vertex 6.695289546186e+00 1.394993259417e+01 7.621674272372e+00
     vertex 6.888234825225e+00 1.371001460694e+01 7.634126734929e+00
   endloop
 endfacet
 facet normal 7.705770298441e-01 6.274722242277e-01 1.117570977587e-01
   outer loop
     vertex 7.171671259162e+00 1.371001460694e+01 5.031350880514e+00
     vertex 6.907814888475e+00 1.394993259417e+01 5.503623214052e+00
     vertex 7.099387752144e+00 1.371001460694e+01 5.529753319925e+00
   endloop
 endfacet
 facet normal 8.309904633649e-01 5.430746254229e-01 1.205188824142e-01
   outer loop
     vertex 7.171671259162e+00 1.371001460694e+01 5.031350880514e+00
     vertex 7.269883064420e+00 1.344396891166e+01 5.553008495398e+00
     vertex 7.341748446439e+00 1.344396891166e+01 5.057489072157e+00
   endloop
 endfacet
 facet normal 8.309904633649e-01 5.430746254229e-01 1.205188824142e-01
   outer loop
     vertex 7.171671259162e+00 1.371001460694e+01 5.031350880514e+00
     vertex 7.099387752144e+00 1.371001460694e+01 5.529753319925e+00
     vertex 7.269883064420e+00 1.344396891166e+01 5.553008495398e+00
   endloop
 endfacet
 facet normal 9.755531512790e-01 1.119020553972e-01 1.891401042282e-01
   outer loop
     vertex 8.002274228824e+00 1.225919457915e+01 3.559497349555e+00
     vertex 7.735575771832e+00 1.195000000000e+01 5.118014144744e+00
     vertex 8.168771538857e+00 1.195000000000e+01 2.883662538740e+00
   endloop
 endfacet
 facet normal 9.826085841219e-01 5.158229048775e-02 1.783805979306e-01
   outer loop
     vertex 8.002274228824e+00 1.225919457915e+01 3.559497349555e+00
     vertex 7.719785075480e+00 1.225919457915e+01 5.115587362799e+00
     vertex 7.735575771832e+00 1.195000000000e+01 5.118014144744e+00
   endloop
 endfacet
 facet normal 7.085813871860e-01 7.020379884307e-01 7.109908954271e-02
   outer loop
     vertex 6.703851681447e+00 1.415861434621e+01 5.475803093334e+00
     vertex 6.489865160184e+00 1.415861434621e+01 7.608416422852e+00
     vertex 6.695289546186e+00 1.394993259417e+01 7.621674272372e+00
   endloop
 endfacet
 facet normal 7.085813871860e-01 7.020379884307e-01 7.109908954271e-02
   outer loop
     vertex 6.703851681447e+00 1.415861434621e+01 5.475803093334e+00
     vertex 6.695289546186e+00 1.394993259417e+01 7.621674272372e+00
     vertex 6.907814888475e+00 1.394993259417e+01 5.503623214052e+00
   endloop
 endfacet
 facet normal 6.354996724630e-01 7.694634851737e-01 6.376606686813e-02
   outer loop
     vertex 6.703851681447e+00 1.415861434621e+01 5.475803093334e+00
     vertex 6.255555190937e+00 1.435338406288e+01 7.593294331587e+00
     vertex 6.489865160184e+00 1.415861434621e+01 7.608416422852e+00
   endloop
 endfacet
 facet normal 7.705770298441e-01 6.274722242277e-01 1.117570977587e-01
   outer loop
     vertex 6.980568211363e+00 1.394993259417e+01 5.001981344441e+00
     vertex 6.907814888475e+00 1.394993259417e+01 5.503623214052e+00
     vertex 7.171671259162e+00 1.371001460694e+01 5.031350880514e+00
   endloop
 endfacet
 facet normal 6.354996724630e-01 7.694634851737e-01 6.376606686813e-02
   outer loop
     vertex 6.471208353668e+00 1.435338406288e+01 5.444071068928e+00
     vertex 6.255555190937e+00 1.435338406288e+01 7.593294331587e+00
     vertex 6.703851681447e+00 1.415861434621e+01 5.475803093334e+00
   endloop
 endfacet
 facet normal 9.718213761622e-01 1.563277987984e-01 1.764223119590e-01
   outer loop
     vertex 7.952909889401e+00 1.257775149479e+01 3.549147291653e+00
     vertex 7.669932666982e+00 1.257775149479e+01 5.107925830832e+00
     vertex 7.719785075480e+00 1.225919457915e+01 5.115587362799e+00
   endloop
 endfacet
 facet normal 9.718213761622e-01 1.563277987984e-01 1.764223119590e-01
   outer loop
     vertex 7.952909889401e+00 1.257775149479e+01 3.549147291653e+00
     vertex 7.719785075480e+00 1.225919457915e+01 5.115587362799e+00
     vertex 8.002274228824e+00 1.225919457915e+01 3.559497349555e+00
   endloop
 endfacet
 facet normal 7.045589102194e-01 7.022503017029e-01 1.021824632148e-01
   outer loop
     vertex 6.777105206450e+00 1.415861434621e+01 4.970712277144e+00
     vertex 6.703851681447e+00 1.415861434621e+01 5.475803093334e+00
     vertex 6.907814888475e+00 1.394993259417e+01 5.503623214052e+00
   endloop
 endfacet
 facet normal 7.045589102194e-01 7.022503017029e-01 1.021824632148e-01
   outer loop
     vertex 6.777105206450e+00 1.415861434621e+01 4.970712277144e+00
     vertex 6.907814888475e+00 1.394993259417e+01 5.503623214052e+00
     vertex 6.980568211363e+00 1.394993259417e+01 5.001981344441e+00
   endloop
 endfacet
 facet normal 5.538928897685e-01 8.307308786638e-01 5.557763847441e-02
   outer loop
     vertex 6.216762102774e+00 1.452535894006e+01 5.409365175059e+00
     vertex 6.255555190937e+00 1.435338406288e+01 7.593294331587e+00
     vertex 6.471208353668e+00 1.435338406288e+01 5.444071068928e+00
   endloop
 endfacet
 facet normal 5.538928897685e-01 8.307308786638e-01 5.557763847441e-02
   outer loop
     vertex 6.216762102774e+00 1.452535894006e+01 5.409365175059e+00
     vertex 5.999286103870e+00 1.452535894006e+01 7.576755024550e+00
     vertex 6.255555190937e+00 1.435338406288e+01 7.593294331587e+00
   endloop
 endfacet
 facet normal 4.720217114091e-01 8.803137397792e-01 4.736268060732e-02
   outer loop
     vertex 6.216762102774e+00 1.452535894006e+01 5.409365175059e+00
     vertex 5.764556422062e+00 1.465203538143e+01 7.561605845527e+00
     vertex 5.999286103870e+00 1.452535894006e+01 7.576755024550e+00
   endloop
 endfacet
 facet normal 9.498760722789e-01 2.607689439460e-01 1.724384098318e-01
   outer loop
     vertex 7.871603373200e+00 1.288519116504e+01 3.532100023112e+00
     vertex 7.669932666982e+00 1.257775149479e+01 5.107925830832e+00
     vertex 7.952909889401e+00 1.257775149479e+01 3.549147291653e+00
   endloop
 endfacet
 facet normal 9.498760722789e-01 2.607689439460e-01 1.724384098318e-01
   outer loop
     vertex 7.871603373200e+00 1.288519116504e+01 3.532100023112e+00
     vertex 7.587822266911e+00 1.288519116504e+01 5.095306752357e+00
     vertex 7.669932666982e+00 1.257775149479e+01 5.107925830832e+00
   endloop
 endfacet
 facet normal 9.749027988317e-01 5.159751713420e-02 2.165692246274e-01
   outer loop
     vertex 8.153218043548e+00 1.225919457915e+01 2.880012313328e+00
     vertex 8.002274228824e+00 1.225919457915e+01 3.559497349555e+00
     vertex 8.168771538857e+00 1.195000000000e+01 2.883662538740e+00
   endloop
 endfacet
 facet normal 6.318546772190e-01 7.696506469604e-01 9.163813894838e-02
   outer loop
     vertex 6.545032416299e+00 1.435338406288e+01 4.935046335337e+00
     vertex 6.703851681447e+00 1.415861434621e+01 5.475803093334e+00
     vertex 6.777105206450e+00 1.415861434621e+01 4.970712277144e+00
   endloop
 endfacet
 facet normal 6.318546772190e-01 7.696506469604e-01 9.163813894837e-02
   outer loop
     vertex 6.545032416299e+00 1.435338406288e+01 4.935046335337e+00
     vertex 6.471208353668e+00 1.435338406288e+01 5.444071068928e+00
     vertex 6.703851681447e+00 1.415861434621e+01 5.475803093334e+00
   endloop
 endfacet
 facet normal 4.720217114091e-01 8.803137397792e-01 4.736268060732e-02
   outer loop
     vertex 5.983702047840e+00 1.465203538143e+01 5.377576310010e+00
     vertex 5.764556422062e+00 1.465203538143e+01 7.561605845527e+00
     vertex 6.216762102774e+00 1.452535894006e+01 5.409365175059e+00
   endloop
 endfacet
 facet normal 9.182905995729e-01 3.590988724418e-01 1.667044526914e-01
   outer loop
     vertex 7.765309437297e+00 1.316735286217e+01 3.509813724864e+00
     vertex 7.587822266911e+00 1.288519116504e+01 5.095306752357e+00
     vertex 7.871603373200e+00 1.288519116504e+01 3.532100023112e+00
   endloop
 endfacet
 facet normal 9.182905995729e-01 3.590988724418e-01 1.667044526914e-01
   outer loop
     vertex 7.765309437297e+00 1.316735286217e+01 3.509813724864e+00
     vertex 7.480477394568e+00 1.316735286217e+01 5.078809531948e+00
     vertex 7.587822266911e+00 1.288519116504e+01 5.095306752357e+00
   endloop
 endfacet
 facet normal 9.641939701844e-01 1.563729373316e-01 2.141903180127e-01
   outer loop
     vertex 8.104114496469e+00 1.257775149479e+01 2.868488278904e+00
     vertex 7.952909889401e+00 1.257775149479e+01 3.549147291653e+00
     vertex 8.002274228824e+00 1.225919457915e+01 3.559497349555e+00
   endloop
 endfacet
 facet normal 9.424087530482e-01 2.608408755422e-01 2.093508534125e-01
   outer loop
     vertex 8.104114496469e+00 1.257775149479e+01 2.868488278904e+00
     vertex 7.871603373200e+00 1.288519116504e+01 3.532100023112e+00
     vertex 7.952909889401e+00 1.257775149479e+01 3.549147291653e+00
   endloop
 endfacet
 facet normal 9.641939701844e-01 1.563729373316e-01 2.141903180127e-01
   outer loop
     vertex 8.104114496469e+00 1.257775149479e+01 2.868488278904e+00
     vertex 8.002274228824e+00 1.225919457915e+01 3.559497349555e+00
     vertex 8.153218043548e+00 1.225919457915e+01 2.880012313328e+00
   endloop
 endfacet
 facet normal 4.692631916395e-01 8.804318503859e-01 6.805743014848e-02
   outer loop
     vertex 6.291210172817e+00 1.452535894006e+01 4.896037844253e+00
     vertex 5.983702047840e+00 1.465203538143e+01 5.377576310010e+00
     vertex 6.216762102774e+00 1.452535894006e+01 5.409365175059e+00
   endloop
 endfacet
 facet normal 5.506837660898e-01 8.308843659318e-01 7.986588893456e-02
   outer loop
     vertex 6.291210172817e+00 1.452535894006e+01 4.896037844253e+00
     vertex 6.471208353668e+00 1.435338406288e+01 5.444071068928e+00
     vertex 6.545032416299e+00 1.435338406288e+01 4.935046335337e+00
   endloop
 endfacet
 facet normal 5.506837660898e-01 8.308843659318e-01 7.986588893456e-02
   outer loop
     vertex 6.291210172817e+00 1.452535894006e+01 4.896037844253e+00
     vertex 6.216762102774e+00 1.452535894006e+01 5.409365175059e+00
     vertex 6.471208353668e+00 1.435338406288e+01 5.444071068928e+00
   endloop
 endfacet
 facet normal 3.841980972995e-01 9.224454913144e-01 3.855045505855e-02
   outer loop
     vertex 5.691722080317e+00 1.477530926227e+01 5.337750901975e+00
     vertex 5.764556422062e+00 1.465203538143e+01 7.561605845527e+00
     vertex 5.983702047840e+00 1.465203538143e+01 5.377576310010e+00
   endloop
 endfacet
 facet normal 3.841980972995e-01 9.224454913144e-01 3.855045505855e-02
   outer loop
     vertex 5.691722080317e+00 1.477530926227e+01 5.337750901975e+00
     vertex 5.470484729293e+00 1.477530926227e+01 7.542626802549e+00
     vertex 5.764556422062e+00 1.465203538143e+01 7.561605845527e+00
   endloop
 endfacet
 facet normal 8.774933136561e-01 4.523599970413e-01 1.592982032718e-01
   outer loop
     vertex 7.627938684520e+00 1.344396891166e+01 3.481011653127e+00
     vertex 7.480477394568e+00 1.316735286217e+01 5.078809531948e+00
     vertex 7.765309437297e+00 1.316735286217e+01 3.509813724864e+00
   endloop
 endfacet
 facet normal 8.774933136561e-01 4.523599970413e-01 1.592982032718e-01
   outer loop
     vertex 7.627938684520e+00 1.344396891166e+01 3.481011653127e+00
     vertex 7.341748446439e+00 1.344396891166e+01 5.057489072157e+00
     vertex 7.480477394568e+00 1.316735286217e+01 5.078809531948e+00
   endloop
 endfacet
 facet normal 9.424087530482e-01 2.608408755422e-01 2.093508534125e-01
   outer loop
     vertex 8.023237523479e+00 1.288519116504e+01 2.849507389004e+00
     vertex 7.871603373200e+00 1.288519116504e+01 3.532100023112e+00
     vertex 8.104114496469e+00 1.257775149479e+01 2.868488278904e+00
   endloop
 endfacet
 facet normal 4.692631916395e-01 8.804318503859e-01 6.805743014848e-02
   outer loop
     vertex 6.058721677499e+00 1.465203538143e+01 4.860308015094e+00
     vertex 5.983702047840e+00 1.465203538143e+01 5.377576310010e+00
     vertex 6.291210172817e+00 1.452535894006e+01 4.896037844253e+00
   endloop
 endfacet
 facet normal 3.819355278501e-01 9.225274790898e-01 5.539226381056e-02
   outer loop
     vertex 6.058721677499e+00 1.465203538143e+01 4.860308015094e+00
     vertex 5.691722080317e+00 1.477530926227e+01 5.337750901975e+00
     vertex 5.983702047840e+00 1.465203538143e+01 5.377576310010e+00
   endloop
 endfacet
 facet normal 2.874159530272e-01 9.573715908573e-01 2.883933017411e-02
   outer loop
     vertex 5.406789134510e+00 1.486202072598e+01 5.298886691784e+00
     vertex 5.470484729293e+00 1.477530926227e+01 7.542626802549e+00
     vertex 5.691722080317e+00 1.477530926227e+01 5.337750901975e+00
   endloop
 endfacet
 facet normal 2.874159530272e-01 9.573715908573e-01 2.883933017411e-02
   outer loop
     vertex 5.406789134510e+00 1.486202072598e+01 5.298886691784e+00
     vertex 5.183510542640e+00 1.486202072598e+01 7.524105824311e+00
     vertex 5.470484729293e+00 1.477530926227e+01 7.542626802549e+00
   endloop
 endfacet
 facet normal 8.262616705609e-01 5.429478194693e-01 1.499977236343e-01
   outer loop
     vertex 7.459526600659e+00 1.371001460694e+01 3.445701248092e+00
     vertex 7.171671259162e+00 1.371001460694e+01 5.031350880514e+00
     vertex 7.341748446439e+00 1.344396891166e+01 5.057489072157e+00
   endloop
 endfacet
 facet normal 8.262616705609e-01 5.429478194693e-01 1.499977236343e-01
   outer loop
     vertex 7.459526600659e+00 1.371001460694e+01 3.445701248092e+00
     vertex 7.341748446439e+00 1.344396891166e+01 5.057489072157e+00
     vertex 7.627938684520e+00 1.344396891166e+01 3.481011653127e+00
   endloop
 endfacet
 facet normal 7.662170881295e-01 6.273462342528e-01 1.390973624023e-01
   outer loop
     vertex 7.459526600659e+00 1.371001460694e+01 3.445701248092e+00
     vertex 6.980568211363e+00 1.394993259417e+01 5.001981344441e+00
     vertex 7.171671259162e+00 1.371001460694e+01 5.031350880514e+00
   endloop
 endfacet
 facet normal 9.110551477456e-01 3.591914471815e-01 2.023858246960e-01
   outer loop
     vertex 7.917505139598e+00 1.316735286217e+01 2.824693221717e+00
     vertex 7.765309437297e+00 1.316735286217e+01 3.509813724864e+00
     vertex 7.871603373200e+00 1.288519116504e+01 3.532100023112e+00
   endloop
 endfacet
 facet normal 9.110551477456e-01 3.591914471815e-01 2.023858246960e-01
   outer loop
     vertex 7.917505139598e+00 1.316735286217e+01 2.824693221717e+00
     vertex 7.871603373200e+00 1.288519116504e+01 3.532100023112e+00
     vertex 8.023237523479e+00 1.288519116504e+01 2.849507389004e+00
   endloop
 endfacet
 facet normal 3.819355278501e-01 9.225274790898e-01 5.539226381056e-02
   outer loop
     vertex 5.767457765579e+00 1.477530926227e+01 4.815545327808e+00
     vertex 5.691722080317e+00 1.477530926227e+01 5.337750901975e+00
     vertex 6.058721677499e+00 1.465203538143e+01 4.860308015094e+00
   endloop
 endfacet
 facet normal 7.016266635624e-02 9.975107201863e-01 7.040125224893e-03
   outer loop
     vertex 5.110104794060e+00 1.492020333517e+01 5.258419617909e+00
     vertex 4.692201660811e+00 1.495000000000e+01 5.201418574509e+00
     vertex 4.884700775128e+00 1.492020333517e+01 7.504820991532e+00
   endloop
 endfacet
 facet normal 1.899054064079e-01 9.816174606838e-01 1.905511736410e-02
   outer loop
     vertex 5.110104794060e+00 1.492020333517e+01 5.258419617909e+00
     vertex 5.183510542640e+00 1.486202072598e+01 7.524105824311e+00
     vertex 5.406789134510e+00 1.486202072598e+01 5.298886691784e+00
   endloop
 endfacet
 facet normal 1.899054064079e-01 9.816174606838e-01 1.905511736410e-02
   outer loop
     vertex 5.110104794060e+00 1.492020333517e+01 5.258419617909e+00
     vertex 4.884700775128e+00 1.492020333517e+01 7.504820991532e+00
     vertex 5.183510542640e+00 1.486202072598e+01 7.524105824311e+00
   endloop
 endfacet
 facet normal 7.662170881295e-01 6.273462342528e-01 1.390973624023e-01
   outer loop
     vertex 7.270294505353e+00 1.394993259417e+01 3.406025580065e+00
     vertex 6.980568211363e+00 1.394993259417e+01 5.001981344441e+00
     vertex 7.459526600659e+00 1.371001460694e+01 3.445701248092e+00
   endloop
 endfacet
 facet normal 8.705598134785e-01 4.524664788486e-01 1.933900118276e-01
   outer loop
     vertex 7.780860118005e+00 1.344396891166e+01 2.792624215986e+00
     vertex 7.765309437297e+00 1.316735286217e+01 3.509813724864e+00
     vertex 7.917505139598e+00 1.316735286217e+01 2.824693221717e+00
   endloop
 endfacet
 facet normal 8.705598134785e-01 4.524664788486e-01 1.933900118276e-01
   outer loop
     vertex 7.780860118005e+00 1.344396891166e+01 2.792624215986e+00
     vertex 7.627938684520e+00 1.344396891166e+01 3.481011653127e+00
     vertex 7.765309437297e+00 1.316735286217e+01 3.509813724864e+00
   endloop
 endfacet
 facet normal 2.857121575401e-01 9.574192092519e-01 4.143694956431e-02
   outer loop
     vertex 5.483223593164e+00 1.486202072598e+01 4.771863001042e+00
     vertex 5.406789134510e+00 1.486202072598e+01 5.298886691784e+00
     vertex 5.691722080317e+00 1.477530926227e+01 5.337750901975e+00
   endloop
 endfacet
 facet normal 2.857121575401e-01 9.574192092519e-01 4.143694956431e-02
   outer loop
     vertex 5.483223593164e+00 1.486202072598e+01 4.771863001042e+00
     vertex 5.691722080317e+00 1.477530926227e+01 5.337750901975e+00
     vertex 5.767457765579e+00 1.477530926227e+01 4.815545327808e+00
   endloop
 endfacet
 facet normal 9.665884677159e-01 5.158680207253e-02 2.510887013198e-01
   outer loop
     vertex 8.500121438733e+00 1.225919457915e+01 1.544576591073e+00
     vertex 8.153218043548e+00 1.225919457915e+01 2.880012313328e+00
     vertex 8.168771538857e+00 1.195000000000e+01 2.883662538740e+00
   endloop
 endfacet
 facet normal 9.570014899627e-01 1.193942110413e-01 2.643731653913e-01
   outer loop
     vertex 8.500121438733e+00 1.225919457915e+01 1.544576591073e+00
     vertex 8.168771538857e+00 1.195000000000e+01 2.883662538740e+00
     vertex 8.774808837672e+00 1.195000000000e+01 6.898748406557e-01
   endloop
 endfacet
 facet normal 7.005955698290e-01 7.021324170212e-01 1.271845765171e-01
   outer loop
     vertex 7.068823460383e+00 1.415861434621e+01 3.363783811910e+00
     vertex 6.777105206450e+00 1.415861434621e+01 4.970712277144e+00
     vertex 6.980568211363e+00 1.394993259417e+01 5.001981344441e+00
   endloop
 endfacet
 facet normal 6.283209619324e-01 7.695467314753e-01 1.140640034017e-01
   outer loop
     vertex 7.068823460383e+00 1.415861434621e+01 3.363783811910e+00
     vertex 6.545032416299e+00 1.435338406288e+01 4.935046335337e+00
     vertex 6.777105206450e+00 1.415861434621e+01 4.970712277144e+00
   endloop
 endfacet
 facet normal 7.005955698290e-01 7.021324170212e-01 1.271845765171e-01
   outer loop
     vertex 7.068823460383e+00 1.415861434621e+01 3.363783811910e+00
     vertex 6.980568211363e+00 1.394993259417e+01 5.001981344441e+00
     vertex 7.270294505353e+00 1.394993259417e+01 3.406025580065e+00
   endloop
 endfacet
 facet normal 8.197111010813e-01 5.430611324104e-01 1.820942536962e-01
   outer loop
     vertex 7.613337757017e+00 1.371001460694e+01 2.753308655916e+00
     vertex 7.459526600659e+00 1.371001460694e+01 3.445701248092e+00
     vertex 7.627938684520e+00 1.344396891166e+01 3.481011653127e+00
   endloop
 endfacet
 facet normal 8.197111010813e-01 5.430611324104e-01 1.820942536962e-01
   outer loop
     vertex 7.613337757017e+00 1.371001460694e+01 2.753308655916e+00
     vertex 7.627938684520e+00 1.344396891166e+01 3.481011653127e+00
     vertex 7.780860118005e+00 1.344396891166e+01 2.792624215986e+00
   endloop
 endfacet
 facet normal 7.195861498954e-02 9.973301006361e-01 1.243495452598e-02
   outer loop
     vertex 5.187266845385e+00 1.492020333517e+01 4.726379098613e+00
     vertex 5.081753156497e+00 1.495000000000e+01 2.947161348392e+00
     vertex 4.692201660811e+00 1.495000000000e+01 5.201418574509e+00
   endloop
 endfacet
 facet normal 1.887743609811e-01 9.816387749875e-01 2.737802179073e-02
   outer loop
     vertex 5.187266845385e+00 1.492020333517e+01 4.726379098613e+00
     vertex 5.110104794060e+00 1.492020333517e+01 5.258419617909e+00
     vertex 5.406789134510e+00 1.486202072598e+01 5.298886691784e+00
   endloop
 endfacet
 facet normal 1.887743609811e-01 9.816387749875e-01 2.737802179073e-02
   outer loop
     vertex 5.187266845385e+00 1.492020333517e+01 4.726379098613e+00
     vertex 5.406789134510e+00 1.486202072598e+01 5.298886691784e+00
     vertex 5.483223593164e+00 1.486202072598e+01 4.771863001042e+00
   endloop
 endfacet
 facet normal 6.974348137327e-02 9.975136766445e-01 1.011492526249e-02
   outer loop
     vertex 5.187266845385e+00 1.492020333517e+01 4.726379098613e+00
     vertex 4.692201660811e+00 1.495000000000e+01 5.201418574509e+00
     vertex 5.110104794060e+00 1.492020333517e+01 5.258419617909e+00
   endloop
 endfacet
 facet normal 6.283209619324e-01 7.695467314753e-01 1.140640034017e-01
   outer loop
     vertex 6.839022728007e+00 1.435338406288e+01 3.315602251825e+00
     vertex 6.545032416299e+00 1.435338406288e+01 4.935046335337e+00
     vertex 7.068823460383e+00 1.415861434621e+01 3.363783811910e+00
   endloop
 endfacet
 facet normal 9.559753048926e-01 1.563411732276e-01 2.483317418079e-01
   outer loop
     vertex 8.451617252081e+00 1.257775149479e+01 1.530745264948e+00
     vertex 8.104114496469e+00 1.257775149479e+01 2.868488278904e+00
     vertex 8.153218043548e+00 1.225919457915e+01 2.880012313328e+00
   endloop
 endfacet
 facet normal 9.559753048926e-01 1.563411732276e-01 2.483317418079e-01
   outer loop
     vertex 8.451617252081e+00 1.257775149479e+01 1.530745264948e+00
     vertex 8.153218043548e+00 1.225919457915e+01 2.880012313328e+00
     vertex 8.500121438733e+00 1.225919457915e+01 1.544576591073e+00
   endloop
 endfacet
 facet normal 9.343842612804e-01 2.607902573797e-01 2.427230807471e-01
   outer loop
     vertex 8.451617252081e+00 1.257775149479e+01 1.530745264948e+00
     vertex 8.023237523479e+00 1.288519116504e+01 2.849507389004e+00
     vertex 8.104114496469e+00 1.257775149479e+01 2.868488278904e+00
   endloop
 endfacet
 facet normal 7.601203291381e-01 6.274588186287e-01 1.688564957473e-01
   outer loop
     vertex 7.425105376933e+00 1.394993259417e+01 2.709132693957e+00
     vertex 7.270294505353e+00 1.394993259417e+01 3.406025580065e+00
     vertex 7.459526600659e+00 1.371001460694e+01 3.445701248092e+00
   endloop
 endfacet
 facet normal 7.601203291381e-01 6.274588186287e-01 1.688564957473e-01
   outer loop
     vertex 7.425105376933e+00 1.394993259417e+01 2.709132693957e+00
     vertex 7.459526600659e+00 1.371001460694e+01 3.445701248092e+00
     vertex 7.613337757017e+00 1.371001460694e+01 2.753308655916e+00
   endloop
 endfacet
 facet normal 5.476217835452e-01 8.307991504502e-01 9.941405231659e-02
   outer loop
     vertex 6.587685475552e+00 1.452535894006e+01 3.262905200751e+00
     vertex 6.291210172817e+00 1.452535894006e+01 4.896037844253e+00
     vertex 6.545032416299e+00 1.435338406288e+01 4.935046335337e+00
   endloop
 endfacet
 facet normal 4.666670403999e-01 8.803662780901e-01 8.471770656821e-02
   outer loop
     vertex 6.587685475552e+00 1.452535894006e+01 3.262905200751e+00
     vertex 6.058721677499e+00 1.465203538143e+01 4.860308015094e+00
     vertex 6.291210172817e+00 1.452535894006e+01 4.896037844253e+00
   endloop
 endfacet
 facet normal 5.476217835452e-01 8.307991504502e-01 9.941405231659e-02
   outer loop
     vertex 6.587685475552e+00 1.452535894006e+01 3.262905200751e+00
     vertex 6.545032416299e+00 1.435338406288e+01 4.935046335337e+00
     vertex 6.839022728007e+00 1.435338406288e+01 3.315602251825e+00
   endloop
 endfacet
 facet normal 9.343842612804e-01 2.607902573797e-01 2.427230807471e-01
   outer loop
     vertex 8.371727467593e+00 1.288519116504e+01 1.507964104402e+00
     vertex 8.023237523479e+00 1.288519116504e+01 2.849507389004e+00
     vertex 8.451617252081e+00 1.257775149479e+01 1.530745264948e+00
   endloop
 endfacet
 facet normal 6.950005080697e-01 7.022377590778e-01 1.543904903429e-01
   outer loop
     vertex 7.224698705689e+00 1.415861434621e+01 2.662099566707e+00
     vertex 7.270294505353e+00 1.394993259417e+01 3.406025580065e+00
     vertex 7.425105376933e+00 1.394993259417e+01 2.709132693957e+00
   endloop
 endfacet
 facet normal 6.950005080697e-01 7.022377590778e-01 1.543904903429e-01
   outer loop
     vertex 7.224698705689e+00 1.415861434621e+01 2.662099566707e+00
     vertex 7.068823460383e+00 1.415861434621e+01 3.363783811910e+00
     vertex 7.270294505353e+00 1.394993259417e+01 3.406025580065e+00
   endloop
 endfacet
 facet normal 4.666670403999e-01 8.803662780901e-01 8.471770656821e-02
   outer loop
     vertex 6.357473107879e+00 1.465203538143e+01 3.214637334453e+00
     vertex 6.058721677499e+00 1.465203538143e+01 4.860308015094e+00
     vertex 6.587685475552e+00 1.452535894006e+01 3.262905200751e+00
   endloop
 endfacet
 facet normal 9.560594075315e-01 5.159508877766e-02 2.885972212004e-01
   outer loop
     vertex 8.759587184663e+00 1.225919457915e+01 6.850233829857e-01
     vertex 8.500121438733e+00 1.225919457915e+01 1.544576591073e+00
     vertex 8.774808837672e+00 1.195000000000e+01 6.898748406557e-01
   endloop
 endfacet
 facet normal 9.033090968482e-01 3.591263029905e-01 2.346507490969e-01
   outer loop
     vertex 8.267285658639e+00 1.316735286217e+01 1.478181753219e+00
     vertex 8.023237523479e+00 1.288519116504e+01 2.849507389004e+00
     vertex 8.371727467593e+00 1.288519116504e+01 1.507964104402e+00
   endloop
 endfacet
 facet normal 8.631716717833e-01 4.523915490983e-01 2.242243326121e-01
   outer loop
     vertex 8.267285658639e+00 1.316735286217e+01 1.478181753219e+00
     vertex 7.780860118005e+00 1.344396891166e+01 2.792624215986e+00
     vertex 7.917505139598e+00 1.316735286217e+01 2.824693221717e+00
   endloop
 endfacet
 facet normal 9.033090968482e-01 3.591263029905e-01 2.346507490969e-01
   outer loop
     vertex 8.267285658639e+00 1.316735286217e+01 1.478181753219e+00
     vertex 7.917505139598e+00 1.316735286217e+01 2.824693221717e+00
     vertex 8.023237523479e+00 1.288519116504e+01 2.849507389004e+00
   endloop
 endfacet
 facet normal 6.232847963705e-01 7.696395911086e-01 1.384592445870e-01
   outer loop
     vertex 6.996112013085e+00 1.435338406288e+01 2.608452914456e+00
     vertex 7.068823460383e+00 1.415861434621e+01 3.363783811910e+00
     vertex 7.224698705689e+00 1.415861434621e+01 2.662099566707e+00
   endloop
 endfacet
 facet normal 6.232847963705e-01 7.696395911086e-01 1.384592445870e-01
   outer loop
     vertex 6.996112013085e+00 1.435338406288e+01 2.608452914456e+00
     vertex 6.839022728007e+00 1.435338406288e+01 3.315602251825e+00
     vertex 7.068823460383e+00 1.415861434621e+01 3.363783811910e+00
   endloop
 endfacet
 facet normal 3.798320570400e-01 9.224819627355e-01 6.895387496390e-02
   outer loop
     vertex 6.069060751433e+00 1.477530926227e+01 3.154166868855e+00
     vertex 6.058721677499e+00 1.465203538143e+01 4.860308015094e+00
     vertex 6.357473107879e+00 1.465203538143e+01 3.214637334453e+00
   endloop
 endfacet
 facet normal 3.798320570400e-01 9.224819627355e-01 6.895387496390e-02
   outer loop
     vertex 6.069060751433e+00 1.477530926227e+01 3.154166868855e+00
     vertex 5.767457765579e+00 1.477530926227e+01 4.815545327808e+00
     vertex 6.058721677499e+00 1.465203538143e+01 4.860308015094e+00
   endloop
 endfacet
 facet normal 2.841448011321e-01 9.573927741022e-01 5.158302130051e-02
   outer loop
     vertex 6.069060751433e+00 1.477530926227e+01 3.154166868855e+00
     vertex 5.483223593164e+00 1.486202072598e+01 4.771863001042e+00
     vertex 5.767457765579e+00 1.477530926227e+01 4.815545327808e+00
   endloop
 endfacet
 facet normal 8.631716717833e-01 4.523915490983e-01 2.242243326121e-01
   outer loop
     vertex 8.132308533224e+00 1.344396891166e+01 1.439692031612e+00
     vertex 7.780860118005e+00 1.344396891166e+01 2.792624215986e+00
     vertex 8.267285658639e+00 1.316735286217e+01 1.478181753219e+00
   endloop
 endfacet
 facet normal 9.455585365436e-01 1.563657386643e-01 2.854274158897e-01
   outer loop
     vertex 8.711531288521e+00 1.257775149479e+01 6.697069685480e-01
     vertex 8.500121438733e+00 1.225919457915e+01 1.544576591073e+00
     vertex 8.759587184663e+00 1.225919457915e+01 6.850233829857e-01
   endloop
 endfacet
 facet normal 9.455585365436e-01 1.563657386643e-01 2.854274158897e-01
   outer loop
     vertex 8.711531288521e+00 1.257775149479e+01 6.697069685480e-01
     vertex 8.451617252081e+00 1.257775149479e+01 1.530745264948e+00
     vertex 8.500121438733e+00 1.225919457915e+01 1.544576591073e+00
   endloop
 endfacet
 facet normal 5.432166869925e-01 8.308753000188e-01 1.206725602261e-01
   outer loop
     vertex 6.746102578074e+00 1.452535894006e+01 2.549778592401e+00
     vertex 6.587685475552e+00 1.452535894006e+01 3.262905200751e+00
     vertex 6.839022728007e+00 1.435338406288e+01 3.315602251825e+00
   endloop
 endfacet
 facet normal 5.432166869925e-01 8.308753000188e-01 1.206725602261e-01
   outer loop
     vertex 6.746102578074e+00 1.452535894006e+01 2.549778592401e+00
     vertex 6.839022728007e+00 1.435338406288e+01 3.315602251825e+00
     vertex 6.996112013085e+00 1.435338406288e+01 2.608452914456e+00
   endloop
 endfacet
 facet normal 2.841448011321e-01 9.573927741022e-01 5.158302130051e-02
   outer loop
     vertex 5.787609311369e+00 1.486202072598e+01 3.095155875590e+00
     vertex 5.483223593164e+00 1.486202072598e+01 4.771863001042e+00
     vertex 6.069060751433e+00 1.477530926227e+01 3.154166868855e+00
   endloop
 endfacet
 facet normal 8.127697580119e-01 5.429813966331e-01 2.111315309746e-01
   outer loop
     vertex 7.966830958811e+00 1.371001460694e+01 1.392504882294e+00
     vertex 7.613337757017e+00 1.371001460694e+01 2.753308655916e+00
     vertex 7.780860118005e+00 1.344396891166e+01 2.792624215986e+00
   endloop
 endfacet
 facet normal 8.127697580119e-01 5.429813966331e-01 2.111315309746e-01
   outer loop
     vertex 7.966830958811e+00 1.371001460694e+01 1.392504882294e+00
     vertex 7.780860118005e+00 1.344396891166e+01 2.792624215986e+00
     vertex 8.132308533224e+00 1.344396891166e+01 1.439692031612e+00
   endloop
 endfacet
 facet normal 9.241962734284e-01 2.608294041192e-01 2.789789779317e-01
   outer loop
     vertex 8.632379869827e+00 1.288519116504e+01 6.444797637847e-01
     vertex 8.451617252081e+00 1.257775149479e+01 1.530745264948e+00
     vertex 8.711531288521e+00 1.257775149479e+01 6.697069685480e-01
   endloop
 endfacet
 facet normal 9.241962734284e-01 2.608294041192e-01 2.789789779317e-01
   outer loop
     vertex 8.632379869827e+00 1.288519116504e+01 6.444797637847e-01
     vertex 8.371727467593e+00 1.288519116504e+01 1.507964104402e+00
     vertex 8.451617252081e+00 1.257775149479e+01 1.530745264948e+00
   endloop
 endfacet
 facet normal 4.629015301665e-01 8.804248745367e-01 1.028309956512e-01
   outer loop
     vertex 6.517106424848e+00 1.465203538143e+01 2.496035844479e+00
     vertex 6.587685475552e+00 1.452535894006e+01 3.262905200751e+00
     vertex 6.746102578074e+00 1.452535894006e+01 2.549778592401e+00
   endloop
 endfacet
 facet normal 4.629015301665e-01 8.804248745367e-01 1.028309956512e-01
   outer loop
     vertex 6.517106424848e+00 1.465203538143e+01 2.496035844479e+00
     vertex 6.357473107879e+00 1.465203538143e+01 3.214637334453e+00
     vertex 6.587685475552e+00 1.452535894006e+01 3.262905200751e+00
   endloop
 endfacet
 facet normal 1.877417055723e-01 9.816269426635e-01 3.408221568349e-02
   outer loop
     vertex 5.494550063246e+00 1.492020333517e+01 3.033711111571e+00
     vertex 5.483223593164e+00 1.486202072598e+01 4.771863001042e+00
     vertex 5.787609311369e+00 1.486202072598e+01 3.095155875590e+00
   endloop
 endfacet
 facet normal 6.936268444216e-02 9.975120354305e-01 1.259194894570e-02
   outer loop
     vertex 5.494550063246e+00 1.492020333517e+01 3.033711111571e+00
     vertex 5.081753156497e+00 1.495000000000e+01 2.947161348392e+00
     vertex 5.187266845385e+00 1.492020333517e+01 4.726379098613e+00
   endloop
 endfacet
 facet normal 1.877417055723e-01 9.816269426635e-01 3.408221568349e-02
   outer loop
     vertex 5.494550063246e+00 1.492020333517e+01 3.033711111571e+00
     vertex 5.187266845385e+00 1.492020333517e+01 4.726379098613e+00
     vertex 5.483223593164e+00 1.486202072598e+01 4.771863001042e+00
   endloop
 endfacet
 facet normal 7.536991068484e-01 6.273795965557e-01 1.957868692264e-01
   outer loop
     vertex 7.780896152861e+00 1.394993259417e+01 1.339484202709e+00
     vertex 7.425105376933e+00 1.394993259417e+01 2.709132693957e+00
     vertex 7.613337757017e+00 1.371001460694e+01 2.753308655916e+00
   endloop
 endfacet
 facet normal 7.536991068484e-01 6.273795965557e-01 1.957868692264e-01
   outer loop
     vertex 7.780896152861e+00 1.394993259417e+01 1.339484202709e+00
     vertex 7.613337757017e+00 1.371001460694e+01 2.753308655916e+00
     vertex 7.966830958811e+00 1.371001460694e+01 1.392504882294e+00
   endloop
 endfacet
 facet normal 8.934511618370e-01 3.591766839911e-01 2.696982222581e-01
   outer loop
     vertex 8.528903343979e+00 1.316735286217e+01 6.114996410169e-01
     vertex 8.267285658639e+00 1.316735286217e+01 1.478181753219e+00
     vertex 8.371727467593e+00 1.288519116504e+01 1.507964104402e+00
   endloop
 endfacet
 facet normal 8.934511618370e-01 3.591766839911e-01 2.696982222581e-01
   outer loop
     vertex 8.528903343979e+00 1.316735286217e+01 6.114996410169e-01
     vertex 8.371727467593e+00 1.288519116504e+01 1.507964104402e+00
     vertex 8.632379869827e+00 1.288519116504e+01 6.444797637847e-01
   endloop
 endfacet
 facet normal 8.537413541398e-01 4.524494983332e-01 2.577113728369e-01
   outer loop
     vertex 8.528903343979e+00 1.316735286217e+01 6.114996410169e-01
     vertex 8.132308533224e+00 1.344396891166e+01 1.439692031612e+00
     vertex 8.267285658639e+00 1.316735286217e+01 1.478181753219e+00
   endloop
 endfacet
 facet normal 3.767587491917e-01 9.225226370369e-01 8.369485684296e-02
   outer loop
     vertex 6.230217754023e+00 1.477530926227e+01 2.428706392431e+00
     vertex 6.069060751433e+00 1.477530926227e+01 3.154166868855e+00
     vertex 6.357473107879e+00 1.465203538143e+01 3.214637334453e+00
   endloop
 endfacet
 facet normal 3.767587491917e-01 9.225226370369e-01 8.369485684296e-02
   outer loop
     vertex 6.230217754023e+00 1.477530926227e+01 2.428706392431e+00
     vertex 6.357473107879e+00 1.465203538143e+01 3.214637334453e+00
     vertex 6.517106424848e+00 1.465203538143e+01 2.496035844479e+00
   endloop
 endfacet
 facet normal 9.451961862848e-01 5.159069883870e-02 3.224012550008e-01
   outer loop
     vertex 9.139874211195e+00 1.225919457915e+01 -4.298787509140e-01
     vertex 8.759587184663e+00 1.225919457915e+01 6.850233829857e-01
     vertex 8.774808837672e+00 1.195000000000e+01 6.898748406557e-01
   endloop
 endfacet
 facet normal 9.331320375511e-01 1.224579702436e-01 3.380364566428e-01
   outer loop
     vertex 9.139874211195e+00 1.225919457915e+01 -4.298787509140e-01
     vertex 8.774808837672e+00 1.195000000000e+01 6.898748406557e-01
     vertex 9.550000000000e+00 1.195000000000e+01 -1.450000000000e+00
   endloop
 endfacet
 facet normal 6.891436635938e-01 7.021636341659e-01 1.790174343001e-01
   outer loop
     vertex 7.582935655778e+00 1.415861434621e+01 1.283034308710e+00
     vertex 7.425105376933e+00 1.394993259417e+01 2.709132693957e+00
     vertex 7.780896152861e+00 1.394993259417e+01 1.339484202709e+00
   endloop
 endfacet
 facet normal 6.891436635938e-01 7.021636341659e-01 1.790174343001e-01
   outer loop
     vertex 7.582935655778e+00 1.415861434621e+01 1.283034308710e+00
     vertex 7.224698705689e+00 1.415861434621e+01 2.662099566707e+00
     vertex 7.425105376933e+00 1.394993259417e+01 2.709132693957e+00
   endloop
 endfacet
 facet normal 8.537413541398e-01 4.524494983332e-01 2.577113728369e-01
   outer loop
     vertex 8.395173718392e+00 1.344396891166e+01 5.688772256102e-01
     vertex 8.132308533224e+00 1.344396891166e+01 1.439692031612e+00
     vertex 8.528903343979e+00 1.316735286217e+01 6.114996410169e-01
   endloop
 endfacet
 facet normal 2.818402480977e-01 9.574163971492e-01 6.260924070836e-02
   outer loop
     vertex 5.950253224984e+00 1.486202072598e+01 2.363001956355e+00
     vertex 6.069060751433e+00 1.477530926227e+01 3.154166868855e+00
     vertex 6.230217754023e+00 1.477530926227e+01 2.428706392431e+00
   endloop
 endfacet
 facet normal 2.818402480977e-01 9.574163971492e-01 6.260924070836e-02
   outer loop
     vertex 5.950253224984e+00 1.486202072598e+01 2.363001956355e+00
     vertex 5.787609311369e+00 1.486202072598e+01 3.095155875590e+00
     vertex 6.069060751433e+00 1.477530926227e+01 3.154166868855e+00
   endloop
 endfacet
 facet normal 6.180450763188e-01 7.695742504220e-01 1.605483002882e-01
   outer loop
     vertex 7.357139104128e+00 1.435338406288e+01 1.218646758700e+00
     vertex 6.996112013085e+00 1.435338406288e+01 2.608452914456e+00
     vertex 7.224698705689e+00 1.415861434621e+01 2.662099566707e+00
   endloop
 endfacet
 facet normal 6.180450763188e-01 7.695742504220e-01 1.605483002882e-01
   outer loop
     vertex 7.357139104128e+00 1.435338406288e+01 1.218646758700e+00
     vertex 7.224698705689e+00 1.415861434621e+01 2.662099566707e+00
     vertex 7.582935655778e+00 1.415861434621e+01 1.283034308710e+00
   endloop
 endfacet
 facet normal 5.386610636713e-01 8.308217180611e-01 1.399268783419e-01
   outer loop
     vertex 7.357139104128e+00 1.435338406288e+01 1.218646758700e+00
     vertex 6.746102578074e+00 1.452535894006e+01 2.549778592401e+00
     vertex 6.996112013085e+00 1.435338406288e+01 2.608452914456e+00
   endloop
 endfacet
 facet normal 9.348163689516e-01 1.563527249877e-01 3.188607560192e-01
   outer loop
     vertex 9.092475353866e+00 1.257775149479e+01 -4.471214313621e-01
     vertex 8.711531288521e+00 1.257775149479e+01 6.697069685480e-01
     vertex 8.759587184663e+00 1.225919457915e+01 6.850233829857e-01
   endloop
 endfacet
 facet normal 9.348163689516e-01 1.563527249877e-01 3.188607560192e-01
   outer loop
     vertex 9.092475353866e+00 1.257775149479e+01 -4.471214313621e-01
     vertex 8.759587184663e+00 1.225919457915e+01 6.850233829857e-01
     vertex 9.139874211195e+00 1.225919457915e+01 -4.298787509140e-01
   endloop
 endfacet
 facet normal 8.038784159582e-01 5.430430631510e-01 2.426596874639e-01
   outer loop
     vertex 8.231225538274e+00 1.371001460694e+01 5.166235278414e-01
     vertex 7.966830958811e+00 1.371001460694e+01 1.392504882294e+00
     vertex 8.132308533224e+00 1.344396891166e+01 1.439692031612e+00
   endloop
 endfacet
 facet normal 8.038784159582e-01 5.430430631510e-01 2.426596874639e-01
   outer loop
     vertex 8.231225538274e+00 1.371001460694e+01 5.166235278414e-01
     vertex 8.132308533224e+00 1.344396891166e+01 1.439692031612e+00
     vertex 8.395173718392e+00 1.344396891166e+01 5.688772256102e-01
   endloop
 endfacet
 facet normal 9.332783153109e-01 9.719383188761e-02 3.457527226408e-01
   outer loop
     vertex 9.259499810794e+00 1.225919457915e+01 -7.527799769963e-01
     vertex 9.139874211195e+00 1.225919457915e+01 -4.298787509140e-01
     vertex 9.550000000000e+00 1.195000000000e+01 -1.450000000000e+00
   endloop
 endfacet
 facet normal 7.147499417745e-02 9.972860409138e-01 1.766006245147e-02
   outer loop
     vertex 5.658742212062e+00 1.492020333517e+01 2.294587694092e+00
     vertex 5.630489212884e+00 1.495000000000e+01 7.262798230258e-01
     vertex 5.081753156497e+00 1.495000000000e+01 2.947161348392e+00
   endloop
 endfacet
 facet normal 1.862164397995e-01 9.816375163218e-01 4.136694450829e-02
   outer loop
     vertex 5.658742212062e+00 1.492020333517e+01 2.294587694092e+00
     vertex 5.494550063246e+00 1.492020333517e+01 3.033711111571e+00
     vertex 5.787609311369e+00 1.486202072598e+01 3.095155875590e+00
   endloop
 endfacet
 facet normal 6.879852281102e-02 9.975135020625e-01 1.528320849888e-02
   outer loop
     vertex 5.658742212062e+00 1.492020333517e+01 2.294587694092e+00
     vertex 5.081753156497e+00 1.495000000000e+01 2.947161348392e+00
     vertex 5.494550063246e+00 1.492020333517e+01 3.033711111571e+00
   endloop
 endfacet
 facet normal 1.862164397995e-01 9.816375163218e-01 4.136694450829e-02
   outer loop
     vertex 5.658742212062e+00 1.492020333517e+01 2.294587694092e+00
     vertex 5.787609311369e+00 1.486202072598e+01 3.095155875590e+00
     vertex 5.950253224984e+00 1.486202072598e+01 2.363001956355e+00
   endloop
 endfacet
 facet normal 5.386610636713e-01 8.308217180611e-01 1.399268783419e-01
   outer loop
     vertex 7.110181297169e+00 1.452535894006e+01 1.148224920857e+00
     vertex 6.746102578074e+00 1.452535894006e+01 2.549778592401e+00
     vertex 7.357139104128e+00 1.435338406288e+01 1.218646758700e+00
   endloop
 endfacet
 facet normal 9.137001922460e-01 2.608086660190e-01 3.116581435146e-01
   outer loop
     vertex 9.014406124003e+00 1.288519116504e+01 -4.755213308360e-01
     vertex 8.632379869827e+00 1.288519116504e+01 6.444797637847e-01
     vertex 8.711531288521e+00 1.257775149479e+01 6.697069685480e-01
   endloop
 endfacet
 facet normal 9.137001922460e-01 2.608086660190e-01 3.116581435146e-01
   outer loop
     vertex 9.014406124003e+00 1.288519116504e+01 -4.755213308360e-01
     vertex 8.711531288521e+00 1.257775149479e+01 6.697069685480e-01
     vertex 9.092475353866e+00 1.257775149479e+01 -4.471214313621e-01
   endloop
 endfacet
 facet normal 7.454421123470e-01 6.274408662104e-01 2.250200358831e-01
   outer loop
     vertex 8.047009198604e+00 1.394993259417e+01 4.579099457187e-01
     vertex 7.780896152861e+00 1.394993259417e+01 1.339484202709e+00
     vertex 7.966830958811e+00 1.371001460694e+01 1.392504882294e+00
   endloop
 endfacet
 facet normal 7.454421123470e-01 6.274408662104e-01 2.250200358831e-01
   outer loop
     vertex 8.047009198604e+00 1.394993259417e+01 4.579099457187e-01
     vertex 7.966830958811e+00 1.371001460694e+01 1.392504882294e+00
     vertex 8.231225538274e+00 1.371001460694e+01 5.166235278414e-01
   endloop
 endfacet
 facet normal 6.815829782950e-01 7.022209621245e-01 2.057434423048e-01
   outer loop
     vertex 8.047009198604e+00 1.394993259417e+01 4.579099457187e-01
     vertex 7.582935655778e+00 1.415861434621e+01 1.283034308710e+00
     vertex 7.780896152861e+00 1.394993259417e+01 1.339484202709e+00
   endloop
 endfacet
 facet normal 9.261810239762e-01 1.563811255640e-01 3.431233807156e-01
   outer loop
     vertex 9.212307635935e+00 1.257775149479e+01 -7.705805482561e-01
     vertex 9.139874211195e+00 1.225919457915e+01 -4.298787509140e-01
     vertex 9.259499810794e+00 1.225919457915e+01 -7.527799769963e-01
   endloop
 endfacet
 facet normal 9.261810239762e-01 1.563811255640e-01 3.431233807156e-01
   outer loop
     vertex 9.212307635935e+00 1.257775149479e+01 -7.705805482561e-01
     vertex 9.092475353866e+00 1.257775149479e+01 -4.471214313621e-01
     vertex 9.139874211195e+00 1.225919457915e+01 -4.298787509140e-01
   endloop
 endfacet
 facet normal 9.052525620784e-01 2.608539237989e-01 3.353699886532e-01
   outer loop
     vertex 9.212307635935e+00 1.257775149479e+01 -7.705805482561e-01
     vertex 9.014406124003e+00 1.288519116504e+01 -4.755213308360e-01
     vertex 9.092475353866e+00 1.257775149479e+01 -4.471214313621e-01
   endloop
 endfacet
 facet normal 9.291775956735e-01 5.870293835355e-02 3.649424074111e-01
   outer loop
     vertex 9.393705942523e+00 1.225919457915e+01 -1.101796273479e+00
     vertex 9.550000000000e+00 1.195000000000e+01 -1.450000000000e+00
     vertex 9.530480392600e+00 1.225896548591e+01 -1.450000000000e+00
   endloop
 endfacet
 facet normal 9.187115477944e-01 1.606805794051e-01 3.607642489928e-01
   outer loop
     vertex 9.393705942523e+00 1.225919457915e+01 -1.101796273479e+00
     vertex 9.530480392600e+00 1.225896548591e+01 -1.450000000000e+00
     vertex 9.474843140799e+00 1.257707851429e+01 -1.450000000000e+00
   endloop
 endfacet
 facet normal 9.312466411174e-01 6.746651040439e-02 3.580893231883e-01
   outer loop
     vertex 9.393705942523e+00 1.225919457915e+01 -1.101796273479e+00
     vertex 9.259499810794e+00 1.225919457915e+01 -7.527799769963e-01
     vertex 9.550000000000e+00 1.195000000000e+01 -1.450000000000e+00
   endloop
 endfacet
 facet normal 9.218898755410e-01 1.563806500891e-01 3.544913957386e-01
   outer loop
     vertex 9.393705942523e+00 1.225919457915e+01 -1.101796273479e+00
     vertex 9.212307635935e+00 1.257775149479e+01 -7.705805482561e-01
     vertex 9.259499810794e+00 1.225919457915e+01 -7.527799769963e-01
   endloop
 endfacet
 facet normal 3.736116094103e-01 9.224940175364e-01 9.705232054602e-02
   outer loop
     vertex 6.883980282794e+00 1.465203538143e+01 1.083722035322e+00
     vertex 6.230217754023e+00 1.477530926227e+01 2.428706392431e+00
     vertex 6.517106424848e+00 1.465203538143e+01 2.496035844479e+00
   endloop
 endfacet
 facet normal 4.590275666248e-01 8.803836441351e-01 1.192406483456e-01
   outer loop
     vertex 6.883980282794e+00 1.465203538143e+01 1.083722035322e+00
     vertex 6.746102578074e+00 1.452535894006e+01 2.549778592401e+00
     vertex 7.110181297169e+00 1.452535894006e+01 1.148224920857e+00
   endloop
 endfacet
 facet normal 4.590275666248e-01 8.803836441351e-01 1.192406483456e-01
   outer loop
     vertex 6.883980282794e+00 1.465203538143e+01 1.083722035322e+00
     vertex 6.517106424848e+00 1.465203538143e+01 2.496035844479e+00
     vertex 6.746102578074e+00 1.452535894006e+01 2.549778592401e+00
   endloop
 endfacet
 facet normal 6.815829782950e-01 7.022209621245e-01 2.057434423048e-01
   outer loop
     vertex 7.850878312911e+00 1.415861434621e+01 3.953989497640e-01
     vertex 7.582935655778e+00 1.415861434621e+01 1.283034308710e+00
     vertex 8.047009198604e+00 1.394993259417e+01 4.579099457187e-01
   endloop
 endfacet
 facet normal 6.112546563027e-01 7.696247850451e-01 1.845140520192e-01
   outer loop
     vertex 7.850878312911e+00 1.415861434621e+01 3.953989497640e-01
     vertex 7.357139104128e+00 1.435338406288e+01 1.218646758700e+00
     vertex 7.582935655778e+00 1.415861434621e+01 1.283034308710e+00
   endloop
 endfacet
 facet normal 8.833088471534e-01 3.591499946930e-01 3.012918217486e-01
   outer loop
     vertex 8.912344369267e+00 1.316735286217e+01 -5.126491926040e-01
     vertex 8.528903343979e+00 1.316735286217e+01 6.114996410169e-01
     vertex 8.632379869827e+00 1.288519116504e+01 6.444797637847e-01
   endloop
 endfacet
 facet normal 8.833088471534e-01 3.591499946930e-01 3.012918217486e-01
   outer loop
     vertex 8.912344369267e+00 1.316735286217e+01 -5.126491926040e-01
     vertex 8.632379869827e+00 1.288519116504e+01 6.444797637847e-01
     vertex 9.014406124003e+00 1.288519116504e+01 -4.755213308360e-01
   endloop
 endfacet
 facet normal 9.052525620784e-01 2.608539237989e-01 3.353699886532e-01
   outer loop
     vertex 9.134578826541e+00 1.288519116504e+01 -7.998993328778e-01
     vertex 9.014406124003e+00 1.288519116504e+01 -4.755213308360e-01
     vertex 9.212307635935e+00 1.257775149479e+01 -7.705805482561e-01
   endloop
 endfacet
 facet normal 9.218898755410e-01 1.563806500891e-01 3.544913957386e-01
   outer loop
     vertex 9.346745641566e+00 1.257775149479e+01 -1.120199855719e+00
     vertex 9.212307635935e+00 1.257775149479e+01 -7.705805482561e-01
     vertex 9.393705942523e+00 1.225919457915e+01 -1.101796273479e+00
   endloop
 endfacet
 facet normal 9.013287012516e-01 2.557586448384e-01 3.495627095251e-01
   outer loop
     vertex 9.346745641566e+00 1.257775149479e+01 -1.120199855719e+00
     vertex 9.474843140799e+00 1.257707851429e+01 -1.450000000000e+00
     vertex 9.387470600195e+00 1.288499138503e+01 -1.450000000000e+00
   endloop
 endfacet
 facet normal 9.207944331091e-01 1.563829342802e-01 3.573261672774e-01
   outer loop
     vertex 9.346745641566e+00 1.257775149479e+01 -1.120199855719e+00
     vertex 9.393705942523e+00 1.225919457915e+01 -1.101796273479e+00
     vertex 9.474843140799e+00 1.257707851429e+01 -1.450000000000e+00
   endloop
 endfacet
 facet normal 3.736116094103e-01 9.224940175364e-01 9.705232054602e-02
   outer loop
     vertex 6.600593389875e+00 1.477530926227e+01 1.002912175266e+00
     vertex 6.230217754023e+00 1.477530926227e+01 2.428706392431e+00
     vertex 6.883980282794e+00 1.465203538143e+01 1.083722035322e+00
   endloop
 endfacet
 facet normal 6.112546563027e-01 7.696247850451e-01 1.845140520192e-01
   outer loop
     vertex 7.627168641972e+00 1.435338406288e+01 3.240980208680e-01
     vertex 7.357139104128e+00 1.435338406288e+01 1.218646758700e+00
     vertex 7.850878312911e+00 1.415861434621e+01 3.953989497640e-01
   endloop
 endfacet
 facet normal 8.440552699157e-01 4.524188000325e-01 2.879026410173e-01
   outer loop
     vertex 8.780443146880e+00 1.344396891166e+01 -5.606320081496e-01
     vertex 8.528903343979e+00 1.316735286217e+01 6.114996410169e-01
     vertex 8.912344369267e+00 1.316735286217e+01 -5.126491926040e-01
   endloop
 endfacet
 facet normal 8.440552699157e-01 4.524188000325e-01 2.879026410173e-01
   outer loop
     vertex 8.780443146880e+00 1.344396891166e+01 -5.606320081496e-01
     vertex 8.395173718392e+00 1.344396891166e+01 5.688772256102e-01
     vertex 8.528903343979e+00 1.316735286217e+01 6.114996410169e-01
   endloop
 endfacet
 facet normal 8.751322655522e-01 3.592082395288e-01 3.242112867314e-01
   outer loop
     vertex 9.032962111552e+00 1.316735286217e+01 -8.382284749806e-01
     vertex 8.912344369267e+00 1.316735286217e+01 -5.126491926040e-01
     vertex 9.014406124003e+00 1.288519116504e+01 -4.755213308360e-01
   endloop
 endfacet
 facet normal 8.751322655522e-01 3.592082395288e-01 3.242112867314e-01
   outer loop
     vertex 9.032962111552e+00 1.316735286217e+01 -8.382284749806e-01
     vertex 9.014406124003e+00 1.288519116504e+01 -4.755213308360e-01
     vertex 9.134578826541e+00 1.288519116504e+01 -7.998993328778e-01
   endloop
 endfacet
 facet normal 8.362302631159e-01 4.524857930645e-01 3.097992158219e-01
   outer loop
     vertex 9.032962111552e+00 1.316735286217e+01 -8.382284749806e-01
     vertex 8.780443146880e+00 1.344396891166e+01 -5.606320081496e-01
     vertex 8.912344369267e+00 1.316735286217e+01 -5.126491926040e-01
   endloop
 endfacet
 facet normal 8.710779182900e-01 3.592072644373e-01 3.349528346545e-01
   outer loop
     vertex 9.269398744693e+00 1.288519116504e+01 -1.150511841559e+00
     vertex 9.032962111552e+00 1.316735286217e+01 -8.382284749806e-01
     vertex 9.134578826541e+00 1.288519116504e+01 -7.998993328778e-01
   endloop
 endfacet
 facet normal 9.010585010505e-01 2.608531661144e-01 3.464811732444e-01
   outer loop
     vertex 9.269398744693e+00 1.288519116504e+01 -1.150511841559e+00
     vertex 9.134578826541e+00 1.288519116504e+01 -7.998993328778e-01
     vertex 9.212307635935e+00 1.257775149479e+01 -7.705805482561e-01
   endloop
 endfacet
 facet normal 8.981606838430e-01 2.608577283754e-01 3.539217873280e-01
   outer loop
     vertex 9.269398744693e+00 1.288519116504e+01 -1.150511841559e+00
     vertex 9.346745641566e+00 1.257775149479e+01 -1.120199855719e+00
     vertex 9.387470600195e+00 1.288499138503e+01 -1.450000000000e+00
   endloop
 endfacet
 facet normal 8.687466645169e-01 3.579621048234e-01 3.422606673301e-01
   outer loop
     vertex 9.269398744693e+00 1.288519116504e+01 -1.150511841559e+00
     vertex 9.387470600195e+00 1.288499138503e+01 -1.450000000000e+00
     vertex 9.271394479378e+00 1.316669925698e+01 -1.450000000000e+00
   endloop
 endfacet
 facet normal 9.010585010505e-01 2.608531661143e-01 3.464811732444e-01
   outer loop
     vertex 9.269398744693e+00 1.288519116504e+01 -1.150511841559e+00
     vertex 9.212307635935e+00 1.257775149479e+01 -7.705805482561e-01
     vertex 9.346745641566e+00 1.257775149479e+01 -1.120199855719e+00
   endloop
 endfacet
 facet normal 2.794897996834e-01 9.573997755000e-01 7.260249131719e-02
   outer loop
     vertex 6.324046122310e+00 1.486202072598e+01 9.240526847632e-01
     vertex 6.230217754023e+00 1.477530926227e+01 2.428706392431e+00
     vertex 6.600593389875e+00 1.477530926227e+01 1.002912175266e+00
   endloop
 endfacet
 facet normal 2.794897996834e-01 9.573997755000e-01 7.260249131719e-02
   outer loop
     vertex 6.324046122310e+00 1.486202072598e+01 9.240526847632e-01
     vertex 5.950253224984e+00 1.486202072598e+01 2.363001956355e+00
     vertex 6.230217754023e+00 1.477530926227e+01 2.428706392431e+00
   endloop
 endfacet
 facet normal 1.846652666765e-01 9.816300765300e-01 4.797011710501e-02
   outer loop
     vertex 6.324046122310e+00 1.486202072598e+01 9.240526847632e-01
     vertex 5.658742212062e+00 1.492020333517e+01 2.294587694092e+00
     vertex 5.950253224984e+00 1.486202072598e+01 2.363001956355e+00
   endloop
 endfacet
 facet normal 5.327344208950e-01 8.308631587462e-01 1.608118410811e-01
   outer loop
     vertex 7.382493294509e+00 1.452535894006e+01 2.461148944400e-01
     vertex 7.357139104128e+00 1.435338406288e+01 1.218646758700e+00
     vertex 7.627168641972e+00 1.435338406288e+01 3.240980208680e-01
   endloop
 endfacet
 facet normal 5.327344208950e-01 8.308631587462e-01 1.608118410811e-01
   outer loop
     vertex 7.382493294509e+00 1.452535894006e+01 2.461148944400e-01
     vertex 7.110181297169e+00 1.452535894006e+01 1.148224920857e+00
     vertex 7.357139104128e+00 1.435338406288e+01 1.218646758700e+00
   endloop
 endfacet
 facet normal 7.947641642241e-01 5.430103959739e-01 2.710897141710e-01
   outer loop
     vertex 8.618736529736e+00 1.371001460694e+01 -6.194573824906e-01
     vertex 8.395173718392e+00 1.344396891166e+01 5.688772256102e-01
     vertex 8.780443146880e+00 1.344396891166e+01 -5.606320081496e-01
   endloop
 endfacet
 facet normal 7.947641642241e-01 5.430103959739e-01 2.710897141710e-01
   outer loop
     vertex 8.618736529736e+00 1.371001460694e+01 -6.194573824906e-01
     vertex 8.231225538274e+00 1.371001460694e+01 5.166235278414e-01
     vertex 8.395173718392e+00 1.344396891166e+01 5.688772256102e-01
   endloop
 endfacet
 facet normal 8.362302631159e-01 4.524857930645e-01 3.097992158219e-01
   outer loop
     vertex 8.901636043757e+00 1.344396891166e+01 -8.877637853367e-01
     vertex 8.780443146880e+00 1.344396891166e+01 -5.606320081496e-01
     vertex 9.032962111552e+00 1.316735286217e+01 -8.382284749806e-01
   endloop
 endfacet
 facet normal 8.677691796201e-01 3.592119303707e-01 3.434289445880e-01
   outer loop
     vertex 9.168281312996e+00 1.316735286217e+01 -1.190139419158e+00
     vertex 9.269398744693e+00 1.288519116504e+01 -1.150511841559e+00
     vertex 9.271394479378e+00 1.316669925698e+01 -1.450000000000e+00
   endloop
 endfacet
 facet normal 8.255626466438e-01 4.603169801493e-01 3.264270121370e-01
   outer loop
     vertex 9.168281312996e+00 1.316735286217e+01 -1.190139419158e+00
     vertex 9.271394479378e+00 1.316669925698e+01 -1.450000000000e+00
     vertex 9.117614203260e+00 1.344249888469e+01 -1.450000000000e+00
   endloop
 endfacet
 facet normal 8.710779182900e-01 3.592072644373e-01 3.349528346545e-01
   outer loop
     vertex 9.168281312996e+00 1.316735286217e+01 -1.190139419158e+00
     vertex 9.032962111552e+00 1.316735286217e+01 -8.382284749806e-01
     vertex 9.269398744693e+00 1.288519116504e+01 -1.150511841559e+00
   endloop
 endfacet
 facet normal 1.846652666765e-01 9.816300765300e-01 4.797011710501e-02
   outer loop
     vertex 6.036093307839e+00 1.492020333517e+01 8.419408185424e-01
     vertex 5.658742212062e+00 1.492020333517e+01 2.294587694092e+00
     vertex 6.324046122310e+00 1.486202072598e+01 9.240526847632e-01
   endloop
 endfacet
 facet normal 6.822588124538e-02 9.975124701215e-01 1.772289706578e-02
   outer loop
     vertex 6.036093307839e+00 1.492020333517e+01 8.419408185424e-01
     vertex 5.630489212884e+00 1.495000000000e+01 7.262798230258e-01
     vertex 5.658742212062e+00 1.492020333517e+01 2.294587694092e+00
   endloop
 endfacet
 facet normal 4.539708946833e-01 8.804155322262e-01 1.370361900938e-01
   outer loop
     vertex 7.158382899013e+00 1.465203538143e+01 1.746862462860e-01
     vertex 6.883980282794e+00 1.465203538143e+01 1.083722035322e+00
     vertex 7.110181297169e+00 1.452535894006e+01 1.148224920857e+00
   endloop
 endfacet
 facet normal 4.539708946833e-01 8.804155322262e-01 1.370361900938e-01
   outer loop
     vertex 7.158382899013e+00 1.465203538143e+01 1.746862462860e-01
     vertex 7.110181297169e+00 1.452535894006e+01 1.148224920857e+00
     vertex 7.382493294509e+00 1.452535894006e+01 2.461148944400e-01
   endloop
 endfacet
 facet normal 7.369966137640e-01 6.274084096316e-01 2.513855183259e-01
   outer loop
     vertex 8.437038867162e+00 1.394993259417e+01 -6.855550673385e-01
     vertex 8.231225538274e+00 1.371001460694e+01 5.166235278414e-01
     vertex 8.618736529736e+00 1.371001460694e+01 -6.194573824906e-01
   endloop
 endfacet
 facet normal 6.738666891969e-01 7.021905939366e-01 2.298522459705e-01
   outer loop
     vertex 8.437038867162e+00 1.394993259417e+01 -6.855550673385e-01
     vertex 7.850878312911e+00 1.415861434621e+01 3.953989497640e-01
     vertex 8.047009198604e+00 1.394993259417e+01 4.579099457187e-01
   endloop
 endfacet
 facet normal 7.369966137640e-01 6.274084096316e-01 2.513855183259e-01
   outer loop
     vertex 8.437038867162e+00 1.394993259417e+01 -6.855550673385e-01
     vertex 8.047009198604e+00 1.394993259417e+01 4.579099457187e-01
     vertex 8.231225538274e+00 1.371001460694e+01 5.166235278414e-01
   endloop
 endfacet
 facet normal 7.873829009459e-01 5.430816847204e-01 2.917026757149e-01
   outer loop
     vertex 8.740634547472e+00 1.371001460694e+01 -9.484924679215e-01
     vertex 8.780443146880e+00 1.344396891166e+01 -5.606320081496e-01
     vertex 8.901636043757e+00 1.344396891166e+01 -8.877637853367e-01
   endloop
 endfacet
 facet normal 7.873829009459e-01 5.430816847204e-01 2.917026757148e-01
   outer loop
     vertex 8.740634547472e+00 1.371001460694e+01 -9.484924679215e-01
     vertex 8.618736529736e+00 1.371001460694e+01 -6.194573824906e-01
     vertex 8.780443146880e+00 1.344396891166e+01 -5.606320081496e-01
   endloop
 endfacet
 facet normal 7.834522215015e-01 5.461070306228e-01 2.965969111920e-01
   outer loop
     vertex 9.037600502345e+00 1.344396891166e+01 -1.241352784428e+00
     vertex 9.117614203260e+00 1.344249888469e+01 -1.450000000000e+00
     vertex 8.932336204275e+00 1.370830110250e+01 -1.450000000000e+00
   endloop
 endfacet
 facet normal 8.337130767109e-01 4.524716533041e-01 3.165310548390e-01
   outer loop
     vertex 9.037600502345e+00 1.344396891166e+01 -1.241352784428e+00
     vertex 9.168281312996e+00 1.316735286217e+01 -1.190139419158e+00
     vertex 9.117614203260e+00 1.344249888469e+01 -1.450000000000e+00
   endloop
 endfacet
 facet normal 8.323563389991e-01 4.524846715406e-01 3.200633483371e-01
   outer loop
     vertex 9.037600502345e+00 1.344396891166e+01 -1.241352784428e+00
     vertex 9.032962111552e+00 1.316735286217e+01 -8.382284749806e-01
     vertex 9.168281312996e+00 1.316735286217e+01 -1.190139419158e+00
   endloop
 endfacet
 facet normal 8.323563389991e-01 4.524846715406e-01 3.200633483371e-01
   outer loop
     vertex 9.037600502345e+00 1.344396891166e+01 -1.241352784428e+00
     vertex 8.901636043757e+00 1.344396891166e+01 -8.877637853367e-01
     vertex 9.032962111552e+00 1.316735286217e+01 -8.382284749806e-01
   endloop
 endfacet
 facet normal 2.764046252274e-01 9.574126310132e-01 8.343582641326e-02
   outer loop
     vertex 6.877615154332e+00 1.477530926227e+01 8.519972156084e-02
     vertex 6.324046122310e+00 1.486202072598e+01 9.240526847632e-01
     vertex 6.600593389875e+00 1.477530926227e+01 1.002912175266e+00
   endloop
 endfacet
 facet normal 3.694913668126e-01 9.225161523230e-01 1.115351000990e-01
   outer loop
     vertex 6.877615154332e+00 1.477530926227e+01 8.519972156084e-02
     vertex 6.600593389875e+00 1.477530926227e+01 1.002912175266e+00
     vertex 6.883980282794e+00 1.465203538143e+01 1.083722035322e+00
   endloop
 endfacet
 facet normal 3.694913668126e-01 9.225161523230e-01 1.115351000990e-01
   outer loop
     vertex 6.877615154332e+00 1.477530926227e+01 8.519972156084e-02
     vertex 6.883980282794e+00 1.465203538143e+01 1.083722035322e+00
     vertex 7.158382899013e+00 1.465203538143e+01 1.746862462860e-01
   endloop
 endfacet
 facet normal 6.738666891969e-01 7.021905939366e-01 2.298522459705e-01
   outer loop
     vertex 8.243589558850e+00 1.415861434621e+01 -7.559277470623e-01
     vertex 7.850878312911e+00 1.415861434621e+01 3.953989497640e-01
     vertex 8.437038867162e+00 1.394993259417e+01 -6.855550673385e-01
   endloop
 endfacet
 facet normal 7.301384297813e-01 6.274792377362e-01 2.704952486948e-01
   outer loop
     vertex 8.559729176606e+00 1.394993259417e+01 -1.016728758259e+00
     vertex 8.437038867162e+00 1.394993259417e+01 -6.855550673385e-01
     vertex 8.618736529736e+00 1.371001460694e+01 -6.194573824906e-01
   endloop
 endfacet
 facet normal 7.301384297813e-01 6.274792377362e-01 2.704952486948e-01
   outer loop
     vertex 8.559729176606e+00 1.394993259417e+01 -1.016728758259e+00
     vertex 8.618736529736e+00 1.371001460694e+01 -6.194573824906e-01
     vertex 8.740634547472e+00 1.371001460694e+01 -9.484924679215e-01
   endloop
 endfacet
 facet normal 7.328768222706e-01 6.250393158784e-01 2.687329845492e-01
   outer loop
     vertex 8.877390070374e+00 1.371001460694e+01 -1.304138707867e+00
     vertex 8.932336204275e+00 1.370830110250e+01 -1.450000000000e+00
     vertex 8.726586953544e+00 1.394954809805e+01 -1.450000000000e+00
   endloop
 endfacet
 facet normal 7.879048389826e-01 5.430090641589e-01 2.904257580676e-01
   outer loop
     vertex 8.877390070374e+00 1.371001460694e+01 -1.304138707867e+00
     vertex 9.037600502345e+00 1.344396891166e+01 -1.241352784428e+00
     vertex 8.932336204275e+00 1.370830110250e+01 -1.450000000000e+00
   endloop
 endfacet
 facet normal 7.837354876564e-01 5.430804913119e-01 3.013673262722e-01
   outer loop
     vertex 8.877390070374e+00 1.371001460694e+01 -1.304138707867e+00
     vertex 8.901636043757e+00 1.344396891166e+01 -8.877637853367e-01
     vertex 9.037600502345e+00 1.344396891166e+01 -1.241352784428e+00
   endloop
 endfacet
 facet normal 7.837354876564e-01 5.430804913119e-01 3.013673262722e-01
   outer loop
     vertex 8.877390070374e+00 1.371001460694e+01 -1.304138707867e+00
     vertex 8.740634547472e+00 1.371001460694e+01 -9.484924679215e-01
     vertex 8.901636043757e+00 1.344396891166e+01 -8.877637853367e-01
   endloop
 endfacet
 facet normal 2.764046252274e-01 9.574126310132e-01 8.343582641326e-02
   outer loop
     vertex 6.603623821099e+00 1.486202072598e+01 -2.127019777698e-03
     vertex 6.324046122310e+00 1.486202072598e+01 9.240526847632e-01
     vertex 6.877615154332e+00 1.477530926227e+01 8.519972156084e-02
   endloop
 endfacet
 facet normal 6.043396783540e-01 7.695980157746e-01 2.061369624373e-01
   outer loop
     vertex 8.022938533117e+00 1.435338406288e+01 -8.361958240072e-01
     vertex 7.850878312911e+00 1.415861434621e+01 3.953989497640e-01
     vertex 8.243589558850e+00 1.415861434621e+01 -7.559277470623e-01
   endloop
 endfacet
 facet normal 6.043396783540e-01 7.695980157746e-01 2.061369624373e-01
   outer loop
     vertex 8.022938533117e+00 1.435338406288e+01 -8.361958240072e-01
     vertex 7.627168641972e+00 1.435338406288e+01 3.240980208680e-01
     vertex 7.850878312911e+00 1.415861434621e+01 3.953989497640e-01
   endloop
 endfacet
 facet normal 6.675836073980e-01 7.022568636703e-01 2.473204895705e-01
   outer loop
     vertex 8.367123402991e+00 1.415861434621e+01 -1.089378361894e+00
     vertex 8.243589558850e+00 1.415861434621e+01 -7.559277470623e-01
     vertex 8.437038867162e+00 1.394993259417e+01 -6.855550673385e-01
   endloop
 endfacet
 facet normal 5.900069273431e-01 7.755401400349e-01 2.245647275995e-01
   outer loop
     vertex 8.367123402991e+00 1.415861434621e+01 -1.089378361894e+00
     vertex 8.505162948124e+00 1.415801942156e+01 -1.450000000000e+00
     vertex 8.251720216815e+00 1.435083080480e+01 -1.450000000000e+00
   endloop
 endfacet
 facet normal 6.675836073980e-01 7.022568636703e-01 2.473204895705e-01
   outer loop
     vertex 8.367123402991e+00 1.415861434621e+01 -1.089378361894e+00
     vertex 8.437038867162e+00 1.394993259417e+01 -6.855550673385e-01
     vertex 8.559729176606e+00 1.394993259417e+01 -1.016728758259e+00
   endloop
 endfacet
 facet normal 7.270117360848e-01 6.274756820394e-01 2.787977834275e-01
   outer loop
     vertex 8.697373559465e+00 1.394993259417e+01 -1.374686566285e+00
     vertex 8.877390070374e+00 1.371001460694e+01 -1.304138707867e+00
     vertex 8.726586953544e+00 1.394954809805e+01 -1.450000000000e+00
   endloop
 endfacet
 facet normal 6.630801337113e-01 7.042784429548e-01 2.536071983731e-01
   outer loop
     vertex 8.697373559465e+00 1.394993259417e+01 -1.374686566285e+00
     vertex 8.726586953544e+00 1.394954809805e+01 -1.450000000000e+00
     vertex 8.505162948124e+00 1.415801942156e+01 -1.450000000000e+00
   endloop
 endfacet
 facet normal 6.634014339198e-01 7.042745385427e-01 2.527764067978e-01
   outer loop
     vertex 8.697373559465e+00 1.394993259417e+01 -1.374686566285e+00
     vertex 8.505162948124e+00 1.415801942156e+01 -1.450000000000e+00
     vertex 8.367123402991e+00 1.415861434621e+01 -1.089378361894e+00
   endloop
 endfacet
 facet normal 7.267564152451e-01 6.274780520713e-01 2.794573439166e-01
   outer loop
     vertex 8.697373559465e+00 1.394993259417e+01 -1.374686566285e+00
     vertex 8.559729176606e+00 1.394993259417e+01 -1.016728758259e+00
     vertex 8.740634547472e+00 1.371001460694e+01 -9.484924679215e-01
   endloop
 endfacet
 facet normal 7.267564152451e-01 6.274780520713e-01 2.794573439166e-01
   outer loop
     vertex 8.697373559465e+00 1.394993259417e+01 -1.374686566285e+00
     vertex 8.740634547472e+00 1.371001460694e+01 -9.484924679215e-01
     vertex 8.877390070374e+00 1.371001460694e+01 -1.304138707867e+00
   endloop
 endfacet
 facet normal 6.644915538728e-01 7.022557543429e-01 2.555148338630e-01
   outer loop
     vertex 8.697373559465e+00 1.394993259417e+01 -1.374686566285e+00
     vertex 8.367123402991e+00 1.415861434621e+01 -1.089378361894e+00
     vertex 8.559729176606e+00 1.394993259417e+01 -1.016728758259e+00
   endloop
 endfacet
 facet normal 1.826254400622e-01 9.816358306317e-01 5.512753089111e-02
   outer loop
     vertex 6.318332354508e+00 1.492020333517e+01 -9.305534884207e-02
     vertex 6.036093307839e+00 1.492020333517e+01 8.419408185424e-01
     vertex 6.324046122310e+00 1.486202072598e+01 9.240526847632e-01
   endloop
 endfacet
 facet normal 7.035377082852e-02 9.972616029143e-01 2.279566368688e-02
   outer loop
     vertex 6.318332354508e+00 1.492020333517e+01 -9.305534884207e-02
     vertex 6.335636106221e+00 1.495000000000e+01 -1.450000000000e+00
     vertex 5.630489212884e+00 1.495000000000e+01 7.262798230258e-01
   endloop
 endfacet
 facet normal 6.747191143982e-02 9.975132682496e-01 2.036715082474e-02
   outer loop
     vertex 6.318332354508e+00 1.492020333517e+01 -9.305534884207e-02
     vertex 5.630489212884e+00 1.495000000000e+01 7.262798230258e-01
     vertex 6.036093307839e+00 1.492020333517e+01 8.419408185424e-01
   endloop
 endfacet
 facet normal 1.826254400622e-01 9.816358306317e-01 5.512753089111e-02
   outer loop
     vertex 6.318332354508e+00 1.492020333517e+01 -9.305534884207e-02
     vertex 6.324046122310e+00 1.486202072598e+01 9.240526847632e-01
     vertex 6.603623821099e+00 1.486202072598e+01 -2.127019777698e-03
   endloop
 endfacet
 facet normal 5.267121279913e-01 8.308412069736e-01 1.796586291318e-01
   outer loop
     vertex 7.781608481706e+00 1.452535894006e+01 -9.239864838127e-01
     vertex 7.382493294509e+00 1.452535894006e+01 2.461148944400e-01
     vertex 7.627168641972e+00 1.435338406288e+01 3.240980208680e-01
   endloop
 endfacet
 facet normal 5.267121279913e-01 8.308412069736e-01 1.796586291318e-01
   outer loop
     vertex 7.781608481706e+00 1.452535894006e+01 -9.239864838127e-01
     vertex 7.627168641972e+00 1.435338406288e+01 3.240980208680e-01
     vertex 8.022938533117e+00 1.435338406288e+01 -8.361958240072e-01
   endloop
 endfacet
 facet normal 5.986938028292e-01 7.696564310415e-01 2.217988020941e-01
   outer loop
     vertex 8.147434524904e+00 1.435338406288e+01 -1.172243530558e+00
     vertex 8.243589558850e+00 1.415861434621e+01 -7.559277470623e-01
     vertex 8.367123402991e+00 1.415861434621e+01 -1.089378361894e+00
   endloop
 endfacet
 facet normal 5.211570124737e-01 8.324926491309e-01 1.880195667810e-01
   outer loop
     vertex 8.147434524904e+00 1.435338406288e+01 -1.172243530558e+00
     vertex 8.251720216815e+00 1.435083080480e+01 -1.450000000000e+00
     vertex 7.976887645171e+00 1.452288147950e+01 -1.450000000000e+00
   endloop
 endfacet
 facet normal 5.986938028292e-01 7.696564310415e-01 2.217988020941e-01
   outer loop
     vertex 8.147434524904e+00 1.435338406288e+01 -1.172243530558e+00
     vertex 8.022938533117e+00 1.435338406288e+01 -8.361958240072e-01
     vertex 8.243589558850e+00 1.415861434621e+01 -7.559277470623e-01
   endloop
 endfacet
 facet normal 6.000320519605e-01 7.696396931622e-01 2.182115471951e-01
   outer loop
     vertex 8.147434524904e+00 1.435338406288e+01 -1.172243530558e+00
     vertex 8.367123402991e+00 1.415861434621e+01 -1.089378361894e+00
     vertex 8.251720216815e+00 1.435083080480e+01 -1.450000000000e+00
   endloop
 endfacet
 facet normal 5.217819449009e-01 8.308891089007e-01 1.933051750101e-01
   outer loop
     vertex 8.147434524904e+00 1.435338406288e+01 -1.172243530558e+00
     vertex 7.781608481706e+00 1.452535894006e+01 -9.239864838127e-01
     vertex 8.022938533117e+00 1.435338406288e+01 -8.361958240072e-01
   endloop
 endfacet
 facet normal 4.488422308528e-01 8.803986407733e-01 1.530976326651e-01
   outer loop
     vertex 7.560562210278e+00 1.465203538143e+01 -1.004398342604e+00
     vertex 7.158382899013e+00 1.465203538143e+01 1.746862462860e-01
     vertex 7.382493294509e+00 1.452535894006e+01 2.461148944400e-01
   endloop
 endfacet
 facet normal 4.488422308528e-01 8.803986407733e-01 1.530976326651e-01
   outer loop
     vertex 7.560562210278e+00 1.465203538143e+01 -1.004398342604e+00
     vertex 7.382493294509e+00 1.452535894006e+01 2.461148944400e-01
     vertex 7.781608481706e+00 1.452535894006e+01 -9.239864838127e-01
   endloop
 endfacet
 facet normal 4.462690939875e-01 8.814384708453e-01 1.546289683904e-01
   outer loop
     vertex 7.907156791921e+00 1.452535894006e+01 -1.262874676947e+00
     vertex 7.976887645171e+00 1.452288147950e+01 -1.450000000000e+00
     vertex 7.694981368093e+00 1.466560960293e+01 -1.450000000000e+00
   endloop
 endfacet
 facet normal 5.250068966379e-01 8.308283817495e-01 1.846400784287e-01
   outer loop
     vertex 7.907156791921e+00 1.452535894006e+01 -1.262874676947e+00
     vertex 8.147434524904e+00 1.435338406288e+01 -1.172243530558e+00
     vertex 7.976887645171e+00 1.452288147950e+01 -1.450000000000e+00
   endloop
 endfacet
 facet normal 5.217819449009e-01 8.308891089007e-01 1.933051750101e-01
   outer loop
     vertex 7.907156791921e+00 1.452535894006e+01 -1.262874676947e+00
     vertex 7.781608481706e+00 1.452535894006e+01 -9.239864838127e-01
     vertex 8.147434524904e+00 1.435338406288e+01 -1.172243530558e+00
   endloop
 endfacet
 facet normal 2.633995977230e-01 9.600096559634e-01 9.487946235287e-02
   outer loop
     vertex 7.283633230873e+00 1.477530926227e+01 -1.105139123452e+00
     vertex 7.410950005280e+00 1.477446034101e+01 -1.450000000000e+00
     vertex 7.103460983226e+00 1.485882666400e+01 -1.450000000000e+00
   endloop
 endfacet
 facet normal 3.653194628413e-01 9.225044273979e-01 1.246084728285e-01
   outer loop
     vertex 7.283633230873e+00 1.477530926227e+01 -1.105139123452e+00
     vertex 6.877615154332e+00 1.477530926227e+01 8.519972156084e-02
     vertex 7.158382899013e+00 1.465203538143e+01 1.746862462860e-01
   endloop
 endfacet
 facet normal 3.653194628413e-01 9.225044273979e-01 1.246084728285e-01
   outer loop
     vertex 7.283633230873e+00 1.477530926227e+01 -1.105139123452e+00
     vertex 7.158382899013e+00 1.465203538143e+01 1.746862462860e-01
     vertex 7.560562210278e+00 1.465203538143e+01 -1.004398342604e+00
   endloop
 endfacet
 facet normal 3.618891357366e-01 9.225300122499e-01 1.340694966574e-01
   outer loop
     vertex 7.687074391603e+00 1.465203538143e+01 -1.345888279551e+00
     vertex 7.283633230873e+00 1.477530926227e+01 -1.105139123452e+00
     vertex 7.560562210278e+00 1.465203538143e+01 -1.004398342604e+00
   endloop
 endfacet
 facet normal 4.504760710361e-01 8.802700453447e-01 1.489830751887e-01
   outer loop
     vertex 7.687074391603e+00 1.465203538143e+01 -1.345888279551e+00
     vertex 7.907156791921e+00 1.452535894006e+01 -1.262874676947e+00
     vertex 7.694981368093e+00 1.466560960293e+01 -1.450000000000e+00
   endloop
 endfacet
 facet normal 3.539523171865e-01 9.235909723431e-01 1.473006210602e-01
   outer loop
     vertex 7.687074391603e+00 1.465203538143e+01 -1.345888279551e+00
     vertex 7.694981368093e+00 1.466560960293e+01 -1.450000000000e+00
     vertex 7.410950005280e+00 1.477446034101e+01 -1.450000000000e+00
   endloop
 endfacet
 facet normal 4.446339135546e-01 8.804354998815e-01 1.647240524802e-01
   outer loop
     vertex 7.687074391603e+00 1.465203538143e+01 -1.345888279551e+00
     vertex 7.560562210278e+00 1.465203538143e+01 -1.004398342604e+00
     vertex 7.781608481706e+00 1.452535894006e+01 -9.239864838127e-01
   endloop
 endfacet
 facet normal 3.602341847703e-01 9.236579300253e-01 1.307186307467e-01
   outer loop
     vertex 7.687074391603e+00 1.465203538143e+01 -1.345888279551e+00
     vertex 7.410950005280e+00 1.477446034101e+01 -1.450000000000e+00
     vertex 7.283633230873e+00 1.477530926227e+01 -1.105139123452e+00
   endloop
 endfacet
 facet normal 4.446339135546e-01 8.804354998815e-01 1.647240524802e-01
   outer loop
     vertex 7.687074391603e+00 1.465203538143e+01 -1.345888279551e+00
     vertex 7.781608481706e+00 1.452535894006e+01 -9.239864838127e-01
     vertex 7.907156791921e+00 1.452535894006e+01 -1.262874676947e+00
   endloop
 endfacet
 facet normal 1.798367820715e-01 9.822690096771e-01 5.297475287433e-02
   outer loop
     vertex 7.013388013194e+00 1.486202072598e+01 -1.203448496158e+00
     vertex 7.103460983226e+00 1.485882666400e+01 -1.450000000000e+00
     vertex 6.784395229188e+00 1.491724218756e+01 -1.450000000000e+00
   endloop
 endfacet
 facet normal 2.732852875000e-01 9.574058214239e-01 9.321611845428e-02
   outer loop
     vertex 7.013388013194e+00 1.486202072598e+01 -1.203448496158e+00
     vertex 6.603623821099e+00 1.486202072598e+01 -2.127019777698e-03
     vertex 6.877615154332e+00 1.477530926227e+01 8.519972156084e-02
   endloop
 endfacet
 facet normal 2.751283857169e-01 9.573614382565e-01 8.811043021300e-02
   outer loop
     vertex 7.013388013194e+00 1.486202072598e+01 -1.203448496158e+00
     vertex 7.283633230873e+00 1.477530926227e+01 -1.105139123452e+00
     vertex 7.103460983226e+00 1.485882666400e+01 -1.450000000000e+00
   endloop
 endfacet
 facet normal 2.732852875000e-01 9.574058214239e-01 9.321611845428e-02
   outer loop
     vertex 7.013388013194e+00 1.486202072598e+01 -1.203448496158e+00
     vertex 6.877615154332e+00 1.477530926227e+01 8.519972156084e-02
     vertex 7.283633230873e+00 1.477530926227e+01 -1.105139123452e+00
   endloop
 endfacet
 facet normal 1.857161125204e-01 9.814627152089e-01 4.733354207295e-02
   outer loop
     vertex 6.731997161955e+00 1.492020333517e+01 -1.305812409600e+00
     vertex 7.013388013194e+00 1.486202072598e+01 -1.203448496158e+00
     vertex 6.784395229188e+00 1.491724218756e+01 -1.450000000000e+00
   endloop
 endfacet
 facet normal 1.062129252820e-01 9.941771838040e-01 1.818080599639e-02
   outer loop
     vertex 6.731997161955e+00 1.492020333517e+01 -1.305812409600e+00
     vertex 6.784395229188e+00 1.491724218756e+01 -1.450000000000e+00
     vertex 6.556099948969e+00 1.494163211517e+01 -1.450000000000e+00
   endloop
 endfacet
 facet normal 3.773180839389e-02 9.940982267064e-01 1.017105023807e-01
   outer loop
     vertex 6.731997161955e+00 1.492020333517e+01 -1.305812409600e+00
     vertex 6.556099948969e+00 1.494163211517e+01 -1.450000000000e+00
     vertex 6.335636106221e+00 1.495000000000e+01 -1.450000000000e+00
   endloop
 endfacet
 facet normal 1.805651619025e-01 9.816327826895e-01 6.158979019542e-02
   outer loop
     vertex 6.731997161955e+00 1.492020333517e+01 -1.305812409600e+00
     vertex 6.603623821099e+00 1.486202072598e+01 -2.127019777698e-03
     vertex 7.013388013194e+00 1.486202072598e+01 -1.203448496158e+00
   endloop
 endfacet
 facet normal 6.671090990126e-02 9.975128454834e-01 2.275472688792e-02
   outer loop
     vertex 6.731997161955e+00 1.492020333517e+01 -1.305812409600e+00
     vertex 6.335636106221e+00 1.495000000000e+01 -1.450000000000e+00
     vertex 6.318332354508e+00 1.492020333517e+01 -9.305534884207e-02
   endloop
 endfacet
 facet normal 1.805651619025e-01 9.816327826895e-01 6.158979019542e-02
   outer loop
     vertex 6.731997161955e+00 1.492020333517e+01 -1.305812409600e+00
     vertex 6.318332354508e+00 1.492020333517e+01 -9.305534884207e-02
     vertex 6.603623821099e+00 1.486202072598e+01 -2.127019777698e-03
   endloop
 endfacet
 facet normal 9.402083273277e-01 -2.881080886806e-17 3.405999137164e-01
   outer loop
     vertex 9.550000000000e+00 1.195000000000e+01 -1.450000000000e+00
     vertex 8.774808837672e+00 1.450000000000e+00 6.898748406556e-01
     vertex 9.550000000000e+00 1.450000000000e+00 -1.450000000000e+00
   endloop
 endfacet
 facet normal 9.638963097001e-01 3.238354215385e-16 2.662778701780e-01
   outer loop
     vertex 8.774808837672e+00 1.195000000000e+01 6.898748406557e-01
     vertex 8.168771538857e+00 1.450000000000e+00 2.883662538740e+00
     vertex 8.774808837672e+00 1.450000000000e+00 6.898748406556e-01
   endloop
 endfacet
 facet normal 9.402083273277e-01 -1.800459369805e-16 3.405999137164e-01
   outer loop
     vertex 8.774808837672e+00 1.195000000000e+01 6.898748406557e-01
     vertex 8.774808837672e+00 1.450000000000e+00 6.898748406556e-01
     vertex 9.550000000000e+00 1.195000000000e+01 -1.450000000000e+00
   endloop
 endfacet
 facet normal 9.817190922715e-01 4.774778228696e-16 1.903355559783e-01
   outer loop
     vertex 8.168771538857e+00 1.195000000000e+01 2.883662538740e+00
     vertex 7.735575771832e+00 1.450000000000e+00 5.118014144744e+00
     vertex 8.168771538857e+00 1.450000000000e+00 2.883662538740e+00
   endloop
 endfacet
 facet normal 9.638963097001e-01 -2.482647011413e-17 2.662778701780e-01
   outer loop
     vertex 8.168771538857e+00 1.195000000000e+01 2.883662538740e+00
     vertex 8.168771538857e+00 1.450000000000e+00 2.883662538740e+00
     vertex 8.774808837672e+00 1.195000000000e+01 6.898748406557e-01
   endloop
 endfacet
 facet normal 9.935682254300e-01 5.614440690156e-16 1.132350714922e-01
   outer loop
     vertex 7.735575771832e+00 1.195000000000e+01 5.118014144744e+00
     vertex 7.477857483743e+00 1.450000000000e+00 7.379333882377e+00
     vertex 7.735575771832e+00 1.450000000000e+00 5.118014144744e+00
   endloop
 endfacet
 facet normal 9.817190922715e-01 7.031757590243e-17 1.903355559783e-01
   outer loop
     vertex 7.735575771832e+00 1.195000000000e+01 5.118014144744e+00
     vertex 7.735575771832e+00 1.450000000000e+00 5.118014144744e+00
     vertex 8.168771538857e+00 1.195000000000e+01 2.883662538740e+00
   endloop
 endfacet
 facet normal 9.993716085432e-01 2.873447455930e-17 3.544556442960e-02
   outer loop
     vertex 7.477857483743e+00 1.195000000000e+01 7.379333882377e+00
     vertex 7.397184861164e+00 1.450000000000e+00 9.653861877322e+00
     vertex 7.477857483743e+00 1.450000000000e+00 7.379333882377e+00
   endloop
 endfacet
 facet normal 9.935682254300e-01 -4.662450899964e-16 1.132350714922e-01
   outer loop
     vertex 7.477857483743e+00 1.195000000000e+01 7.379333882377e+00
     vertex 7.477857483743e+00 1.450000000000e+00 7.379333882377e+00
     vertex 7.735575771832e+00 1.195000000000e+01 5.118014144744e+00
   endloop
 endfacet
 facet normal 9.990939286826e-01 -1.561550806243e-16 -4.255962487528e-02
   outer loop
     vertex 7.397184861164e+00 1.195000000000e+01 9.653861877322e+00
     vertex 7.494048787862e+00 1.450000000000e+00 1.192775788451e+01
     vertex 7.397184861164e+00 1.450000000000e+00 9.653861877322e+00
   endloop
 endfacet
 facet normal 9.993716085432e-01 -6.445493713790e-16 3.544556442960e-02
   outer loop
     vertex 7.397184861164e+00 1.195000000000e+01 9.653861877322e+00
     vertex 7.397184861164e+00 1.450000000000e+00 9.653861877322e+00
     vertex 7.477857483743e+00 1.195000000000e+01 7.379333882377e+00
   endloop
 endfacet
 facet normal 9.990939286826e-01 -9.465319111566e-15 -4.255962487532e-02
   outer loop
     vertex 7.494048787862e+00 1.195000000000e+01 1.192775788451e+01
     vertex 7.494048787862e+00 1.450000000000e+00 1.192775788451e+01
     vertex 7.397184861164e+00 1.195000000000e+01 9.653861877322e+00
   endloop
 endfacet
 facet normal 9.974917538382e-01 -5.660992906759e-02 -4.249137507573e-02
   outer loop
     vertex 7.475373102740e+00 1.120315748731e+00 1.192857123011e+01
     vertex 7.397184861164e+00 1.450000000000e+00 9.653861877322e+00
     vertex 7.494048787862e+00 1.450000000000e+00 1.192775788451e+01
   endloop
 endfacet
 facet normal 5.912521667945e-02 -9.982474495494e-01 -2.497643037584e-03
   outer loop
     vertex 4.494266600523e+00 -1.550000000000e+00 1.205000000000e+01
     vertex 4.397714102285e+00 -1.550000000000e+00 9.764370190872e+00
     vertex 4.830530126409e+00 -1.530050602328e+00 1.203687501916e+01
   endloop
 endfacet
 facet normal 9.246846955306e-01 -1.360255246053e-01 3.556054984211e-01
   outer loop
     vertex 9.402364114725e+00 1.120260079665e+00 -1.129879423749e+00
     vertex 9.497873061281e+00 9.326410575727e-01 -1.450000000000e+00
     vertex 9.536554735328e+00 1.195594294418e+00 -1.450000000000e+00
   endloop
 endfacet
 facet normal 9.251968096667e-01 -4.889637184526e-02 3.763243391053e-01
   outer loop
     vertex 9.402364114725e+00 1.120260079665e+00 -1.129879423749e+00
     vertex 9.536554735328e+00 1.195594294418e+00 -1.450000000000e+00
     vertex 9.550000000000e+00 1.450000000000e+00 -1.450000000000e+00
   endloop
 endfacet
 facet normal 9.146537290990e-01 -1.644538733601e-01 3.692742603841e-01
   outer loop
     vertex 9.351810095050e+00 7.944721244132e-01 -1.149749935469e+00
     vertex 9.497873061281e+00 9.326410575727e-01 -1.450000000000e+00
     vertex 9.402364114725e+00 1.120260079665e+00 -1.129879423749e+00
   endloop
 endfacet
 facet normal 9.129806378008e-01 -2.237720540295e-01 3.411633374739e-01
   outer loop
     vertex 9.351810095050e+00 7.944721244132e-01 -1.149749935469e+00
     vertex 9.421159241176e+00 6.196518743997e-01 -1.450000000000e+00
     vertex 9.497873061281e+00 9.326410575727e-01 -1.450000000000e+00
   endloop
 endfacet
 facet normal 9.308613563586e-01 -6.832141383223e-02 3.589280145798e-01
   outer loop
     vertex 9.266133472744e+00 1.120260079665e+00 -7.765722562353e-01
     vertex 9.402364114725e+00 1.120260079665e+00 -1.129879423749e+00
     vertex 9.550000000000e+00 1.450000000000e+00 -1.450000000000e+00
   endloop
 endfacet
 facet normal 8.901966636320e-01 -2.731175762660e-01 3.646322662532e-01
   outer loop
     vertex 9.265872510126e+00 4.692716220566e-01 -1.183528135490e+00
     vertex 9.421159241176e+00 6.196518743997e-01 -1.450000000000e+00
     vertex 9.351810095050e+00 7.944721244132e-01 -1.149749935469e+00
   endloop
 endfacet
 facet normal 8.857247754837e-01 -3.218403203125e-01 3.345301635360e-01
   outer loop
     vertex 9.265872510126e+00 4.692716220566e-01 -1.183528135490e+00
     vertex 9.315688705673e+00 3.293903363564e-01 -1.450000000000e+00
     vertex 9.421159241176e+00 6.196518743997e-01 -1.450000000000e+00
   endloop
 endfacet
 facet normal 9.203374324378e-01 -1.644573005618e-01 3.548701265896e-01
   outer loop
     vertex 9.215325988357e+00 7.944721244132e-01 -7.957854202519e-01
     vertex 9.351810095050e+00 7.944721244132e-01 -1.149749935469e+00
     vertex 9.402364114725e+00 1.120260079665e+00 -1.129879423749e+00
   endloop
 endfacet
 facet normal 9.203374324378e-01 -1.644573005618e-01 3.548701265896e-01
   outer loop
     vertex 9.215325988357e+00 7.944721244132e-01 -7.957854202519e-01
     vertex 9.402364114725e+00 1.120260079665e+00 -1.129879423749e+00
     vertex 9.266133472744e+00 1.120260079665e+00 -7.765722562353e-01
   endloop
 endfacet
 facet normal 9.332466810335e-01 -1.214656609009e-01 3.380779873962e-01
   outer loop
     vertex 9.137806403534e+00 1.120260079665e+00 -4.306309746750e-01
     vertex 9.550000000000e+00 1.450000000000e+00 -1.450000000000e+00
     vertex 8.774808837672e+00 1.450000000000e+00 6.898748406556e-01
   endloop
 endfacet
 facet normal 9.332059259210e-01 -9.638907338630e-02 3.461731450555e-01
   outer loop
     vertex 9.137806403534e+00 1.120260079665e+00 -4.306309746750e-01
     vertex 9.266133472744e+00 1.120260079665e+00 -7.765722562353e-01
     vertex 9.550000000000e+00 1.450000000000e+00 -1.450000000000e+00
   endloop
 endfacet
 facet normal 8.464587768515e-01 -4.299690396607e-01 3.140607648598e-01
   outer loop
     vertex 9.146470280648e+00 1.566163792762e-01 -1.230459782380e+00
     vertex 9.175853232290e+00 5.410315788009e-02 -1.450000000000e+00
     vertex 9.315688705673e+00 3.293903363564e-01 -1.450000000000e+00
   endloop
 endfacet
 facet normal 8.528283963939e-01 -3.795308688230e-01 3.586642523513e-01
   outer loop
     vertex 9.146470280648e+00 1.566163792762e-01 -1.230459782380e+00
     vertex 9.315688705673e+00 3.293903363564e-01 -1.450000000000e+00
     vertex 9.265872510126e+00 4.692716220566e-01 -1.183528135490e+00
   endloop
 endfacet
 facet normal 8.975625153896e-01 -2.731379501630e-01 3.460884152182e-01
   outer loop
     vertex 9.128957534722e+00 4.692716220566e-01 -8.284461844201e-01
     vertex 9.351810095050e+00 7.944721244132e-01 -1.149749935469e+00
     vertex 9.215325988357e+00 7.944721244132e-01 -7.957854202519e-01
   endloop
 endfacet
 facet normal 8.975625153896e-01 -2.731379501630e-01 3.460884152182e-01
   outer loop
     vertex 9.128957534722e+00 4.692716220566e-01 -8.284461844201e-01
     vertex 9.265872510126e+00 4.692716220566e-01 -1.183528135490e+00
     vertex 9.351810095050e+00 7.944721244132e-01 -1.149749935469e+00
   endloop
 endfacet
 facet normal 9.248056996015e-01 -1.644574704985e-01 3.430570774402e-01
   outer loop
     vertex 9.086760159473e+00 7.944721244132e-01 -4.492004956300e-01
     vertex 9.266133472744e+00 1.120260079665e+00 -7.765722562353e-01
     vertex 9.137806403534e+00 1.120260079665e+00 -4.306309746750e-01
   endloop
 endfacet
 facet normal 9.248056996015e-01 -1.644574704985e-01 3.430570774402e-01
   outer loop
     vertex 9.086760159473e+00 7.944721244132e-01 -4.492004956300e-01
     vertex 9.215325988357e+00 7.944721244132e-01 -7.957854202519e-01
     vertex 9.266133472744e+00 1.120260079665e+00 -7.765722562353e-01
   endloop
 endfacet
 facet normal 8.061758843055e-01 -5.218822729761e-01 2.787818801817e-01
   outer loop
     vertex 8.995103346254e+00 -1.396160904973e-01 -1.289955317320e+00
     vertex 9.000789084753e+00 -2.163265946889e-01 -1.450000000000e+00
     vertex 9.175853232290e+00 5.410315788009e-02 -1.450000000000e+00
   endloop
 endfacet
 facet normal 8.107973435607e-01 -4.812199182643e-01 3.332192340495e-01
   outer loop
     vertex 8.995103346254e+00 -1.396160904973e-01 -1.289955317320e+00
     vertex 9.175853232290e+00 5.410315788009e-02 -1.450000000000e+00
     vertex 9.146470280648e+00 1.566163792762e-01 -1.230459782380e+00
   endloop
 endfacet
 facet normal 8.631984899642e-01 -3.796145014403e-01 3.328380946043e-01
   outer loop
     vertex 9.008956653506e+00 1.566163792762e-01 -8.738252587976e-01
     vertex 9.265872510126e+00 4.692716220566e-01 -1.183528135490e+00
     vertex 9.128957534722e+00 4.692716220566e-01 -8.284461844201e-01
   endloop
 endfacet
 facet normal 8.631984899642e-01 -3.796145014403e-01 3.328380946043e-01
   outer loop
     vertex 9.008956653506e+00 1.566163792762e-01 -8.738252587976e-01
     vertex 9.146470280648e+00 1.566163792762e-01 -1.230459782380e+00
     vertex 9.265872510126e+00 4.692716220566e-01 -1.183528135490e+00
   endloop
 endfacet
 facet normal 9.019201640603e-01 -2.731382186054e-01 3.345676780541e-01
   outer loop
     vertex 8.999985834457e+00 4.692716220566e-01 -4.807671206847e-01
     vertex 9.128957534722e+00 4.692716220566e-01 -8.284461844201e-01
     vertex 9.215325988357e+00 7.944721244132e-01 -7.957854202519e-01
   endloop
 endfacet
 facet normal 9.019201640603e-01 -2.731382186054e-01 3.345676780541e-01
   outer loop
     vertex 8.999985834457e+00 4.692716220566e-01 -4.807671206847e-01
     vertex 9.215325988357e+00 7.944721244132e-01 -7.957854202519e-01
     vertex 9.086760159473e+00 7.944721244132e-01 -4.492004956300e-01
   endloop
 endfacet
 facet normal 7.590171729636e-01 -6.025312122290e-01 2.466760414720e-01
   outer loop
     vertex 8.813870739903e+00 -4.154314031993e-01 -1.361189704847e+00
     vertex 8.801454137112e+00 -4.674316749916e-01 -1.450000000000e+00
     vertex 9.000789084753e+00 -2.163265946889e-01 -1.450000000000e+00
   endloop
 endfacet
 facet normal 7.584976032719e-01 -5.767482216393e-01 3.033856863247e-01
   outer loop
     vertex 8.813870739903e+00 -4.154314031993e-01 -1.361189704847e+00
     vertex 9.000789084753e+00 -2.163265946889e-01 -1.450000000000e+00
     vertex 8.995103346254e+00 -1.396160904973e-01 -1.289955317320e+00
   endloop
 endfacet
 facet normal 8.178855585264e-01 -4.812561558741e-01 3.153660184410e-01
   outer loop
     vertex 8.856830804652e+00 -1.396160904973e-01 -9.313525880963e-01
     vertex 8.995103346254e+00 -1.396160904973e-01 -1.289955317320e+00
     vertex 9.146470280648e+00 1.566163792762e-01 -1.230459782380e+00
   endloop
 endfacet
 facet normal 8.178855585264e-01 -4.812561558741e-01 3.153660184410e-01
   outer loop
     vertex 8.856830804652e+00 -1.396160904973e-01 -9.313525880963e-01
     vertex 9.146470280648e+00 1.566163792762e-01 -1.230459782380e+00
     vertex 9.008956653506e+00 1.566163792762e-01 -8.738252587976e-01
   endloop
 endfacet
 facet normal 8.673892379291e-01 -3.796148465076e-01 3.217584159518e-01
   outer loop
     vertex 8.879421032951e+00 1.566163792762e-01 -5.246259911885e-01
     vertex 9.128957534722e+00 4.692716220566e-01 -8.284461844201e-01
     vertex 8.999985834457e+00 4.692716220566e-01 -4.807671206847e-01
   endloop
 endfacet
 facet normal 8.673892379291e-01 -3.796148465076e-01 3.217584159518e-01
   outer loop
     vertex 8.879421032951e+00 1.566163792762e-01 -5.246259911885e-01
     vertex 9.008956653506e+00 1.566163792762e-01 -8.738252587976e-01
     vertex 9.128957534722e+00 4.692716220566e-01 -8.284461844201e-01
   endloop
 endfacet
 facet normal 9.450224622830e-01 -5.502891657385e-02 3.223419986929e-01
   outer loop
     vertex 8.757490713233e+00 1.120260079665e+00 6.843551939005e-01
     vertex 9.137806403534e+00 1.120260079665e+00 -4.306309746750e-01
     vertex 8.774808837672e+00 1.450000000000e+00 6.898748406556e-01
   endloop
 endfacet
 facet normal 7.132325347390e-01 -6.980129856731e-01 6.385313791466e-02
   outer loop
     vertex 8.605070521591e+00 -6.674806658002e-01 -1.443259680921e+00
     vertex 8.587942056442e+00 -6.855991956816e-01 -1.450000000000e+00
     vertex 8.801454137112e+00 -4.674316749916e-01 -1.450000000000e+00
   endloop
 endfacet
 facet normal 6.871856549724e-01 -6.647182223086e-01 2.931306202549e-01
   outer loop
     vertex 8.605070521591e+00 -6.674806658002e-01 -1.443259680921e+00
     vertex 8.801454137112e+00 -4.674316749916e-01 -1.450000000000e+00
     vertex 8.813870739903e+00 -4.154314031993e-01 -1.361189704847e+00
   endloop
 endfacet
 facet normal 7.622229095669e-01 -5.767470241576e-01 2.939032260060e-01
   outer loop
     vertex 8.674689545127e+00 -4.154314031993e-01 -1.000230430321e+00
     vertex 8.995103346254e+00 -1.396160904973e-01 -1.289955317320e+00
     vertex 8.856830804652e+00 -1.396160904973e-01 -9.313525880963e-01
   endloop
 endfacet
 facet normal 7.622229095669e-01 -5.767470241576e-01 2.939032260060e-01
   outer loop
     vertex 8.674689545127e+00 -4.154314031993e-01 -1.000230430321e+00
     vertex 8.813870739903e+00 -4.154314031993e-01 -1.361189704847e+00
     vertex 8.995103346254e+00 -1.396160904973e-01 -1.289955317320e+00
   endloop
 endfacet
 facet normal 7.659232771712e-01 -5.767474329369e-01 2.841195735742e-01
   outer loop
     vertex 8.726580298908e+00 -1.396160904973e-01 -5.802261487668e-01
     vertex 8.674689545127e+00 -4.154314031993e-01 -1.000230430321e+00
     vertex 8.856830804652e+00 -1.396160904973e-01 -9.313525880963e-01
   endloop
 endfacet
 facet normal 8.218562400713e-01 -4.812565486103e-01 3.048679305462e-01
   outer loop
     vertex 8.726580298908e+00 -1.396160904973e-01 -5.802261487668e-01
     vertex 8.856830804652e+00 -1.396160904973e-01 -9.313525880963e-01
     vertex 9.008956653506e+00 1.566163792762e-01 -8.738252587976e-01
   endloop
 endfacet
 facet normal 8.218562400713e-01 -4.812565486103e-01 3.048679305462e-01
   outer loop
     vertex 8.726580298908e+00 -1.396160904973e-01 -5.802261487668e-01
     vertex 9.008956653506e+00 1.566163792762e-01 -8.738252587976e-01
     vertex 8.879421032951e+00 1.566163792762e-01 -5.246259911885e-01
   endloop
 endfacet
 facet normal 9.335744179959e-01 -1.644280942475e-01 3.184371333337e-01
   outer loop
     vertex 8.705736870604e+00 7.944721244132e-01 6.678601669404e-01
     vertex 9.137806403534e+00 1.120260079665e+00 -4.306309746750e-01
     vertex 8.757490713233e+00 1.120260079665e+00 6.843551939005e-01
   endloop
 endfacet
 facet normal 9.335744179959e-01 -1.644280942475e-01 3.184371333337e-01
   outer loop
     vertex 8.705736870604e+00 7.944721244132e-01 6.678601669404e-01
     vertex 9.086760159473e+00 7.944721244132e-01 -4.492004956300e-01
     vertex 9.137806403534e+00 1.120260079665e+00 -4.306309746750e-01
   endloop
 endfacet
 facet normal 6.144894689127e-01 -7.512268036670e-01 2.409584653994e-01
   outer loop
     vertex 8.464842456799e+00 -6.674806658002e-01 -1.079585402823e+00
     vertex 8.346170056747e+00 -8.833641675451e-01 -1.450000000000e+00
     vertex 8.587942056442e+00 -6.855991956816e-01 -1.450000000000e+00
   endloop
 endfacet
 facet normal 6.969495492453e-01 -6.648631466554e-01 2.687346684489e-01
   outer loop
     vertex 8.464842456799e+00 -6.674806658002e-01 -1.079585402823e+00
     vertex 8.605070521591e+00 -6.674806658002e-01 -1.443259680921e+00
     vertex 8.813870739903e+00 -4.154314031993e-01 -1.361189704847e+00
   endloop
 endfacet
 facet normal 6.969495492453e-01 -6.648631466554e-01 2.687346684489e-01
   outer loop
     vertex 8.464842456799e+00 -6.674806658002e-01 -1.079585402823e+00
     vertex 8.813870739903e+00 -4.154314031993e-01 -1.361189704847e+00
     vertex 8.674689545127e+00 -4.154314031993e-01 -1.000230430321e+00
   endloop
 endfacet
 facet normal 6.545375323368e-01 -7.126600699695e-01 2.523811471438e-01
   outer loop
     vertex 8.464842456799e+00 -6.674806658002e-01 -1.079585402823e+00
     vertex 8.587942056442e+00 -6.855991956816e-01 -1.450000000000e+00
     vertex 8.605070521591e+00 -6.674806658002e-01 -1.443259680921e+00
   endloop
 endfacet
 facet normal 7.659232771712e-01 -5.767474329369e-01 2.841195735742e-01
   outer loop
     vertex 8.543583102736e+00 -4.154314031993e-01 -6.467965758668e-01
     vertex 8.674689545127e+00 -4.154314031993e-01 -1.000230430321e+00
     vertex 8.726580298908e+00 -1.396160904973e-01 -5.802261487668e-01
   endloop
 endfacet
 facet normal 9.104798379127e-01 -2.730918134617e-01 3.105596982461e-01
   outer loop
     vertex 8.617759687489e+00 4.692716220566e-01 6.398200073380e-01
     vertex 8.999985834457e+00 4.692716220566e-01 -4.807671206847e-01
     vertex 9.086760159473e+00 7.944721244132e-01 -4.492004956300e-01
   endloop
 endfacet
 facet normal 9.104798379127e-01 -2.730918134617e-01 3.105596982461e-01
   outer loop
     vertex 8.617759687489e+00 4.692716220566e-01 6.398200073380e-01
     vertex 9.086760159473e+00 7.944721244132e-01 -4.492004956300e-01
     vertex 8.705736870604e+00 7.944721244132e-01 6.678601669404e-01
   endloop
 endfacet
 facet normal 5.462312002361e-01 -8.131785158340e-01 2.009282888861e-01
   outer loop
     vertex 8.238495194695e+00 -8.853157408694e-01 -1.165180017947e+00
     vertex 8.077964682008e+00 -1.063524047450e+00 -1.450000000000e+00
     vertex 8.346170056747e+00 -8.833641675451e-01 -1.450000000000e+00
   endloop
 endfacet
 facet normal 6.274889599722e-01 -7.432191944826e-01 2.321267629240e-01
   outer loop
     vertex 8.238495194695e+00 -8.853157408694e-01 -1.165180017947e+00
     vertex 8.346170056747e+00 -8.833641675451e-01 -1.450000000000e+00
     vertex 8.464842456799e+00 -6.674806658002e-01 -1.079585402823e+00
   endloop
 endfacet
 facet normal 7.003329525466e-01 -6.648635406356e-01 2.597888140603e-01
   outer loop
     vertex 8.332749879727e+00 -6.674806658002e-01 -7.234931482524e-01
     vertex 8.464842456799e+00 -6.674806658002e-01 -1.079585402823e+00
     vertex 8.674689545127e+00 -4.154314031993e-01 -1.000230430321e+00
   endloop
 endfacet
 facet normal 7.003329525466e-01 -6.648635406356e-01 2.597888140603e-01
   outer loop
     vertex 8.332749879727e+00 -6.674806658002e-01 -7.234931482524e-01
     vertex 8.674689545127e+00 -4.154314031993e-01 -1.000230430321e+00
     vertex 8.543583102736e+00 -4.154314031993e-01 -6.467965758668e-01
   endloop
 endfacet
 facet normal 9.570942016419e-01 -1.185916347438e-01 2.643987771384e-01
   outer loop
     vertex 8.498005410322e+00 1.120260079665e+00 1.543973189984e+00
     vertex 8.774808837672e+00 1.450000000000e+00 6.898748406556e-01
     vertex 8.168771538857e+00 1.450000000000e+00 2.883662538740e+00
   endloop
 endfacet
 facet normal 9.558836570070e-01 -5.503359735520e-02 2.885441689396e-01
   outer loop
     vertex 8.498005410322e+00 1.120260079665e+00 1.543973189984e+00
     vertex 8.757490713233e+00 1.120260079665e+00 6.843551939005e-01
     vertex 8.774808837672e+00 1.450000000000e+00 6.898748406556e-01
   endloop
 endfacet
 facet normal 8.756323684239e-01 -3.795551942320e-01 2.986734167949e-01
   outer loop
     vertex 8.495523627257e+00 1.566163792762e-01 6.008608304613e-01
     vertex 8.879421032951e+00 1.566163792762e-01 -5.246259911885e-01
     vertex 8.999985834457e+00 4.692716220566e-01 -4.807671206847e-01
   endloop
 endfacet
 facet normal 8.756323684239e-01 -3.795551942320e-01 2.986734167949e-01
   outer loop
     vertex 8.495523627257e+00 1.566163792762e-01 6.008608304613e-01
     vertex 8.999985834457e+00 4.692716220566e-01 -4.807671206847e-01
     vertex 8.617759687489e+00 4.692716220566e-01 6.398200073380e-01
   endloop
 endfacet
 facet normal 4.749472046672e-01 -8.645505965018e-01 1.642480406802e-01
   outer loop
     vertex 8.004876762085e+00 -1.066348809540e+00 -1.253524271105e+00
     vertex 7.797553004641e+00 -1.217570256961e+00 -1.450000000000e+00
     vertex 8.077964682008e+00 -1.063524047450e+00 -1.450000000000e+00
   endloop
 endfacet
 facet normal 5.538569190748e-01 -8.096012878322e-01 1.943920469911e-01
   outer loop
     vertex 8.004876762085e+00 -1.066348809540e+00 -1.253524271105e+00
     vertex 8.077964682008e+00 -1.063524047450e+00 -1.450000000000e+00
     vertex 8.238495194695e+00 -8.853157408694e-01 -1.165180017947e+00
   endloop
 endfacet
 facet normal 6.272782400079e-01 -7.432212156034e-01 2.326891365956e-01
   outer loop
     vertex 8.105338943653e+00 -8.853157408694e-01 -8.062203345608e-01
     vertex 8.238495194695e+00 -8.853157408694e-01 -1.165180017947e+00
     vertex 8.464842456799e+00 -6.674806658002e-01 -1.079585402823e+00
   endloop
 endfacet
 facet normal 6.272782400079e-01 -7.432212156034e-01 2.326891365956e-01
   outer loop
     vertex 8.105338943653e+00 -8.853157408694e-01 -8.062203345608e-01
     vertex 8.464842456799e+00 -6.674806658002e-01 -1.079585402823e+00
     vertex 8.332749879727e+00 -6.674806658002e-01 -7.234931482524e-01
   endloop
 endfacet
 facet normal 9.443021053636e-01 -1.644417437149e-01 2.850481480907e-01
   outer loop
     vertex 8.445768780805e+00 7.944721244132e-01 1.529077530282e+00
     vertex 8.757490713233e+00 1.120260079665e+00 6.843551939005e-01
     vertex 8.498005410322e+00 1.120260079665e+00 1.543973189984e+00
   endloop
 endfacet
 facet normal 9.443021053636e-01 -1.644417437149e-01 2.850481480907e-01
   outer loop
     vertex 8.445768780805e+00 7.944721244132e-01 1.529077530282e+00
     vertex 8.705736870604e+00 7.944721244132e-01 6.678601669404e-01
     vertex 8.757490713233e+00 1.120260079665e+00 6.843551939005e-01
   endloop
 endfacet
 facet normal 3.851683913071e-01 -9.130718020741e-01 1.339596752577e-01
   outer loop
     vertex 7.758908287794e+00 -1.218692940286e+00 -1.346538768801e+00
     vertex 7.485743521462e+00 -1.349103348616e+00 -1.450000000000e+00
     vertex 7.797553004641e+00 -1.217570256961e+00 -1.450000000000e+00
   endloop
 endfacet
 facet normal 4.726800426067e-01 -8.652335501049e-01 1.671660285289e-01
   outer loop
     vertex 7.758908287794e+00 -1.218692940286e+00 -1.346538768801e+00
     vertex 7.797553004641e+00 -1.217570256961e+00 -1.450000000000e+00
     vertex 8.004876762085e+00 -1.066348809540e+00 -1.253524271105e+00
   endloop
 endfacet
 facet normal 8.296799808207e-01 -4.811886541096e-01 2.829993084473e-01
   outer loop
     vertex 8.340564228335e+00 -1.396160904973e-01 5.514720443713e-01
     vertex 8.726580298908e+00 -1.396160904973e-01 -5.802261487668e-01
     vertex 8.879421032951e+00 1.566163792762e-01 -5.246259911885e-01
   endloop
 endfacet
 facet normal 8.296799808207e-01 -4.811886541096e-01 2.829993084473e-01
   outer loop
     vertex 8.340564228335e+00 -1.396160904973e-01 5.514720443713e-01
     vertex 8.879421032951e+00 1.566163792762e-01 -5.246259911885e-01
     vertex 8.495523627257e+00 1.566163792762e-01 6.008608304613e-01
   endloop
 endfacet
 facet normal 5.502393174468e-01 -8.096759741454e-01 2.041115146860e-01
   outer loop
     vertex 7.870622667653e+00 -1.066348809540e+00 -8.916050457339e-01
     vertex 8.004876762085e+00 -1.066348809540e+00 -1.253524271105e+00
     vertex 8.238495194695e+00 -8.853157408694e-01 -1.165180017947e+00
   endloop
 endfacet
 facet normal 5.502393174468e-01 -8.096759741454e-01 2.041115146860e-01
   outer loop
     vertex 7.870622667653e+00 -1.066348809540e+00 -8.916050457339e-01
     vertex 8.238495194695e+00 -8.853157408694e-01 -1.165180017947e+00
     vertex 8.105338943653e+00 -8.853157408694e-01 -8.062203345608e-01
   endloop
 endfacet
 facet normal 9.209384101519e-01 -2.731133754348e-01 2.779955554778e-01
   outer loop
     vertex 8.356970900554e+00 4.692716220566e-01 1.503756160608e+00
     vertex 8.617759687489e+00 4.692716220566e-01 6.398200073380e-01
     vertex 8.705736870604e+00 7.944721244132e-01 6.678601669404e-01
   endloop
 endfacet
 facet normal 9.209384101519e-01 -2.731133754348e-01 2.779955554778e-01
   outer loop
     vertex 8.356970900554e+00 4.692716220566e-01 1.503756160608e+00
     vertex 8.705736870604e+00 7.944721244132e-01 6.678601669404e-01
     vertex 8.445768780805e+00 7.944721244132e-01 1.529077530282e+00
   endloop
 endfacet
 facet normal 7.732289004852e-01 -5.766767630294e-01 2.637441533690e-01
   outer loop
     vertex 8.155030341046e+00 -4.154314031993e-01 4.923385323963e-01
     vertex 8.726580298908e+00 -1.396160904973e-01 -5.802261487668e-01
     vertex 8.340564228335e+00 -1.396160904973e-01 5.514720443713e-01
   endloop
 endfacet
 facet normal 7.732289004852e-01 -5.766767630294e-01 2.637441533690e-01
   outer loop
     vertex 8.155030341046e+00 -4.154314031993e-01 4.923385323963e-01
     vertex 8.543583102736e+00 -4.154314031993e-01 -6.467965758668e-01
     vertex 8.726580298908e+00 -1.396160904973e-01 -5.802261487668e-01
   endloop
 endfacet
 facet normal 4.699941939017e-01 -8.652799750324e-01 1.743445511238e-01
   outer loop
     vertex 7.623498313406e+00 -1.218692940286e+00 -9.815035477501e-01
     vertex 7.758908287794e+00 -1.218692940286e+00 -1.346538768801e+00
     vertex 8.004876762085e+00 -1.066348809540e+00 -1.253524271105e+00
   endloop
 endfacet
 facet normal 4.699941939017e-01 -8.652799750324e-01 1.743445511238e-01
   outer loop
     vertex 7.623498313406e+00 -1.218692940286e+00 -9.815035477501e-01
     vertex 8.004876762085e+00 -1.066348809540e+00 -1.253524271105e+00
     vertex 7.870622667653e+00 -1.066348809540e+00 -8.916050457339e-01
   endloop
 endfacet
 facet normal 8.856854013111e-01 -3.795829117184e-01 2.673540406198e-01
   outer loop
     vertex 8.233594558477e+00 1.566163792762e-01 1.468574487826e+00
     vertex 8.617759687489e+00 4.692716220566e-01 6.398200073380e-01
     vertex 8.356970900554e+00 4.692716220566e-01 1.503756160608e+00
   endloop
 endfacet
 facet normal 8.856854013111e-01 -3.795829117184e-01 2.673540406198e-01
   outer loop
     vertex 8.233594558477e+00 1.566163792762e-01 1.468574487826e+00
     vertex 8.495523627257e+00 1.566163792762e-01 6.008608304613e-01
     vertex 8.617759687489e+00 4.692716220566e-01 6.398200073380e-01
   endloop
 endfacet
 facet normal 7.070271559326e-01 -6.647954271597e-01 2.411630999996e-01
   outer loop
     vertex 7.941274566352e+00 -6.674806658002e-01 4.242101174351e-01
     vertex 8.332749879727e+00 -6.674806658002e-01 -7.234931482524e-01
     vertex 8.543583102736e+00 -4.154314031993e-01 -6.467965758668e-01
   endloop
 endfacet
 facet normal 7.070271559326e-01 -6.647954271597e-01 2.411630999996e-01
   outer loop
     vertex 7.941274566352e+00 -6.674806658002e-01 4.242101174351e-01
     vertex 8.543583102736e+00 -4.154314031993e-01 -6.467965758668e-01
     vertex 8.155030341046e+00 -4.154314031993e-01 4.923385323963e-01
   endloop
 endfacet
 facet normal 2.754834199785e-01 -9.559741765990e-01 1.011051877645e-01
   outer loop
     vertex 7.348744449383e+00 -1.349604372831e+00 -1.081453068606e+00
     vertex 7.110832009592e+00 -1.457141732923e+00 -1.450000000000e+00
     vertex 7.485743521462e+00 -1.349103348616e+00 -1.450000000000e+00
   endloop
 endfacet
 facet normal 3.825412519350e-01 -9.131224050467e-01 1.409597955793e-01
   outer loop
     vertex 7.348744449383e+00 -1.349604372831e+00 -1.081453068606e+00
     vertex 7.485743521462e+00 -1.349103348616e+00 -1.450000000000e+00
     vertex 7.758908287794e+00 -1.218692940286e+00 -1.346538768801e+00
   endloop
 endfacet
 facet normal 3.831587129381e-01 -9.126815664973e-01 1.421328916041e-01
   outer loop
     vertex 7.348744449383e+00 -1.349604372831e+00 -1.081453068606e+00
     vertex 7.758908287794e+00 -1.218692940286e+00 -1.346538768801e+00
     vertex 7.623498313406e+00 -1.218692940286e+00 -9.815035477501e-01
   endloop
 endfacet
 facet normal 8.391991760791e-01 -4.812202017607e-01 2.533216538033e-01
   outer loop
     vertex 8.077189617308e+00 -1.396160904973e-01 1.423974466711e+00
     vertex 8.340564228335e+00 -1.396160904973e-01 5.514720443713e-01
     vertex 8.495523627257e+00 1.566163792762e-01 6.008608304613e-01
   endloop
 endfacet
 facet normal 8.391991760791e-01 -4.812202017607e-01 2.533216538033e-01
   outer loop
     vertex 8.077189617308e+00 -1.396160904973e-01 1.423974466711e+00
     vertex 8.495523627257e+00 1.566163792762e-01 6.008608304613e-01
     vertex 8.233594558477e+00 1.566163792762e-01 1.468574487826e+00
   endloop
 endfacet
 facet normal 7.820936733097e-01 -5.767096007816e-01 2.360837193353e-01
   outer loop
     vertex 8.077189617308e+00 -1.396160904973e-01 1.423974466711e+00
     vertex 8.155030341046e+00 -4.154314031993e-01 4.923385323963e-01
     vertex 8.340564228335e+00 -1.396160904973e-01 5.514720443713e-01
   endloop
 endfacet
 facet normal 6.332869715455e-01 -7.431601293989e-01 2.160107259895e-01
   outer loop
     vertex 7.710711279786e+00 -8.853157408694e-01 3.507247985731e-01
     vertex 8.332749879727e+00 -6.674806658002e-01 -7.234931482524e-01
     vertex 7.941274566352e+00 -6.674806658002e-01 4.242101174351e-01
   endloop
 endfacet
 facet normal 6.332869715455e-01 -7.431601293989e-01 2.160107259895e-01
   outer loop
     vertex 7.710711279786e+00 -8.853157408694e-01 3.507247985731e-01
     vertex 8.105338943653e+00 -8.853157408694e-01 -8.062203345608e-01
     vertex 8.332749879727e+00 -6.674806658002e-01 -7.234931482524e-01
   endloop
 endfacet
 facet normal 5.555206151861e-01 -8.096247668976e-01 1.894850467169e-01
   outer loop
     vertex 7.710711279786e+00 -8.853157408694e-01 3.507247985731e-01
     vertex 7.870622667653e+00 -1.066348809540e+00 -8.916050457339e-01
     vertex 8.105338943653e+00 -8.853157408694e-01 -8.062203345608e-01
   endloop
 endfacet
 facet normal 9.664108387111e-01 -5.502476163863e-02 2.510425589980e-01
   outer loop
     vertex 8.151075867628e+00 1.120260079665e+00 2.879509569422e+00
     vertex 8.498005410322e+00 1.120260079665e+00 1.543973189984e+00
     vertex 8.168771538857e+00 1.450000000000e+00 2.883662538740e+00
   endloop
 endfacet
 facet normal 1.720892317894e-01 -9.837915927694e-01 5.039244286889e-02
   outer loop
     vertex 7.019875057102e+00 -1.460302423769e+00 -1.201088649709e+00
     vertex 6.717799633030e+00 -1.525892716615e+00 -1.450000000000e+00
     vertex 7.110832009592e+00 -1.457141732923e+00 -1.450000000000e+00
   endloop
 endfacet
 facet normal 2.871429880339e-01 -9.533798209515e-01 9.282144916741e-02
   outer loop
     vertex 7.019875057102e+00 -1.460302423769e+00 -1.201088649709e+00
     vertex 7.110832009592e+00 -1.457141732923e+00 -1.450000000000e+00
     vertex 7.348744449383e+00 -1.349604372831e+00 -1.081453068606e+00
   endloop
 endfacet
 facet normal 7.820936733097e-01 -5.767096007816e-01 2.360837193353e-01
   outer loop
     vertex 7.889924972967e+00 -4.154314031993e-01 1.370574573911e+00
     vertex 8.155030341046e+00 -4.154314031993e-01 4.923385323963e-01
     vertex 8.077189617308e+00 -1.396160904973e-01 1.423974466711e+00
   endloop
 endfacet
 facet normal 5.555206151861e-01 -8.096247668976e-01 1.894850467169e-01
   outer loop
     vertex 7.472741387311e+00 -1.066348809540e+00 2.748788402312e-01
     vertex 7.870622667653e+00 -1.066348809540e+00 -8.916050457339e-01
     vertex 7.710711279786e+00 -8.853157408694e-01 3.507247985731e-01
   endloop
 endfacet
 facet normal 9.547054305079e-01 -1.644159781120e-01 2.480018691467e-01
   outer loop
     vertex 8.098193756334e+00 7.944721244132e-01 2.867098749691e+00
     vertex 8.445768780805e+00 7.944721244132e-01 1.529077530282e+00
     vertex 8.498005410322e+00 1.120260079665e+00 1.543973189984e+00
   endloop
 endfacet
 facet normal 9.547054305079e-01 -1.644159781120e-01 2.480018691467e-01
   outer loop
     vertex 8.098193756334e+00 7.944721244132e-01 2.867098749691e+00
     vertex 8.498005410322e+00 1.120260079665e+00 1.543973189984e+00
     vertex 8.151075867628e+00 1.120260079665e+00 2.879509569422e+00
   endloop
 endfacet
 facet normal 6.295576367184e-02 -9.980136000377e-01 2.329369080786e-03
   outer loop
     vertex 6.673169913483e+00 -1.528421420284e+00 -1.327212491884e+00
     vertex 6.335636106221e+00 -1.550000000000e+00 -1.450000000000e+00
     vertex 6.717799633030e+00 -1.525892716615e+00 -1.450000000000e+00
   endloop
 endfacet
 facet normal 1.771207713586e-01 -9.831992486080e-01 4.413014717884e-02
   outer loop
     vertex 6.673169913483e+00 -1.528421420284e+00 -1.327212491884e+00
     vertex 6.717799633030e+00 -1.525892716615e+00 -1.450000000000e+00
     vertex 7.019875057102e+00 -1.460302423769e+00 -1.201088649709e+00
   endloop
 endfacet
 facet normal 7.151262765595e-01 -6.648270775410e-01 2.158688619103e-01
   outer loop
     vertex 7.674175172708e+00 -6.674806658002e-01 1.309051929069e+00
     vertex 8.155030341046e+00 -4.154314031993e-01 4.923385323963e-01
     vertex 7.889924972967e+00 -4.154314031993e-01 1.370574573911e+00
   endloop
 endfacet
 facet normal 7.151262765595e-01 -6.648270775410e-01 2.158688619103e-01
   outer loop
     vertex 7.674175172708e+00 -6.674806658002e-01 1.309051929069e+00
     vertex 7.941274566352e+00 -6.674806658002e-01 4.242101174351e-01
     vertex 8.155030341046e+00 -4.154314031993e-01 4.923385323963e-01
   endloop
 endfacet
 facet normal 4.745133989711e-01 -8.652400477527e-01 1.618539278542e-01
   outer loop
     vertex 7.222191416895e+00 -1.218692940286e+00 1.950233491807e-01
     vertex 7.870622667653e+00 -1.066348809540e+00 -8.916050457339e-01
     vertex 7.472741387311e+00 -1.066348809540e+00 2.748788402312e-01
   endloop
 endfacet
 facet normal 4.745133989711e-01 -8.652400477527e-01 1.618539278542e-01
   outer loop
     vertex 7.222191416895e+00 -1.218692940286e+00 1.950233491807e-01
     vertex 7.623498313406e+00 -1.218692940286e+00 -9.815035477501e-01
     vertex 7.870622667653e+00 -1.066348809540e+00 -8.916050457339e-01
   endloop
 endfacet
 facet normal 9.310914679625e-01 -2.730726734628e-01 2.418677185888e-01
   outer loop
     vertex 8.008298611308e+00 4.692716220566e-01 2.846001399144e+00
     vertex 8.356970900554e+00 4.692716220566e-01 1.503756160608e+00
     vertex 8.445768780805e+00 7.944721244132e-01 1.529077530282e+00
   endloop
 endfacet
 facet normal 9.310914679625e-01 -2.730726734628e-01 2.418677185888e-01
   outer loop
     vertex 8.008298611308e+00 4.692716220566e-01 2.846001399144e+00
     vertex 8.445768780805e+00 7.944721244132e-01 1.529077530282e+00
     vertex 8.098193756334e+00 7.944721244132e-01 2.867098749691e+00
   endloop
 endfacet
 facet normal 9.629126590391e-01 -1.644492940733e-01 2.139056818812e-01
   outer loop
     vertex 8.000120675658e+00 1.120260079665e+00 3.559045821180e+00
     vertex 8.098193756334e+00 7.944721244132e-01 2.867098749691e+00
     vertex 8.151075867628e+00 1.120260079665e+00 2.879509569422e+00
   endloop
 endfacet
 facet normal 9.755904270330e-01 -1.115643570502e-01 1.891473312460e-01
   outer loop
     vertex 8.000120675658e+00 1.120260079665e+00 3.559045821180e+00
     vertex 8.168771538857e+00 1.450000000000e+00 2.883662538740e+00
     vertex 7.735575771832e+00 1.450000000000e+00 5.118014144744e+00
   endloop
 endfacet
 facet normal 9.747235674982e-01 -5.503618659511e-02 2.165294093853e-01
   outer loop
     vertex 8.000120675658e+00 1.120260079665e+00 3.559045821180e+00
     vertex 8.151075867628e+00 1.120260079665e+00 2.879509569422e+00
     vertex 8.168771538857e+00 1.450000000000e+00 2.883662538740e+00
   endloop
 endfacet
 facet normal 3.868489425855e-01 -9.126535757266e-01 1.319520607415e-01
   outer loop
     vertex 6.943628938855e+00 -1.349604372831e+00 1.062396888390e-01
     vertex 7.623498313406e+00 -1.218692940286e+00 -9.815035477501e-01
     vertex 7.222191416895e+00 -1.218692940286e+00 1.950233491807e-01
   endloop
 endfacet
 facet normal 3.868489425855e-01 -9.126535757266e-01 1.319520607415e-01
   outer loop
     vertex 6.943628938855e+00 -1.349604372831e+00 1.062396888390e-01
     vertex 7.348744449383e+00 -1.349604372831e+00 -1.081453068606e+00
     vertex 7.623498313406e+00 -1.218692940286e+00 -9.815035477501e-01
   endloop
 endfacet
 facet normal 5.618739653929e-01 -8.096485621881e-01 1.696079383769e-01
   outer loop
     vertex 7.441461071323e+00 -8.853157408694e-01 1.242691788795e+00
     vertex 7.472741387311e+00 -1.066348809540e+00 2.748788402312e-01
     vertex 7.710711279786e+00 -8.853157408694e-01 3.507247985731e-01
   endloop
 endfacet
 facet normal 6.405353558745e-01 -7.431885148702e-01 1.933527585522e-01
   outer loop
     vertex 7.441461071323e+00 -8.853157408694e-01 1.242691788795e+00
     vertex 7.941274566352e+00 -6.674806658002e-01 4.242101174351e-01
     vertex 7.674175172708e+00 -6.674806658002e-01 1.309051929069e+00
   endloop
 endfacet
 facet normal 6.405353558745e-01 -7.431885148702e-01 1.933527585522e-01
   outer loop
     vertex 7.441461071323e+00 -8.853157408694e-01 1.242691788795e+00
     vertex 7.710711279786e+00 -8.853157408694e-01 3.507247985731e-01
     vertex 7.941274566352e+00 -6.674806658002e-01 4.242101174351e-01
   endloop
 endfacet
 facet normal 8.954598262762e-01 -3.795305897320e-01 2.326117601993e-01
   outer loop
     vertex 7.883397722545e+00 1.566163792762e-01 2.816688605521e+00
     vertex 8.356970900554e+00 4.692716220566e-01 1.503756160608e+00
     vertex 8.008298611308e+00 4.692716220566e-01 2.846001399144e+00
   endloop
 endfacet
 facet normal 8.954598262762e-01 -3.795305897320e-01 2.326117601993e-01
   outer loop
     vertex 7.883397722545e+00 1.566163792762e-01 2.816688605521e+00
     vertex 8.233594558477e+00 1.566163792762e-01 1.468574487826e+00
     vertex 8.356970900554e+00 4.692716220566e-01 1.503756160608e+00
   endloop
 endfacet
 facet normal 9.629126590391e-01 -1.644492940733e-01 2.139056818812e-01
   outer loop
     vertex 7.946957703805e+00 7.944721244132e-01 3.547899316570e+00
     vertex 8.098193756334e+00 7.944721244132e-01 2.867098749691e+00
     vertex 8.000120675658e+00 1.120260079665e+00 3.559045821180e+00
   endloop
 endfacet
 facet normal 5.618739653929e-01 -8.096485621881e-01 1.696079383769e-01
   outer loop
     vertex 7.201271271340e+00 -1.066348809540e+00 1.174199897997e+00
     vertex 7.472741387311e+00 -1.066348809540e+00 2.748788402312e-01
     vertex 7.441461071323e+00 -8.853157408694e-01 1.242691788795e+00
   endloop
 endfacet
 facet normal 2.854973495190e-01 -9.534191576157e-01 9.738158608756e-02
   outer loop
     vertex 6.610200787842e+00 -1.460302423769e+00 -3.080356968699e-05
     vertex 7.019875057102e+00 -1.460302423769e+00 -1.201088649709e+00
     vertex 7.348744449383e+00 -1.349604372831e+00 -1.081453068606e+00
   endloop
 endfacet
 facet normal 2.854973495190e-01 -9.534191576157e-01 9.738158608756e-02
   outer loop
     vertex 6.610200787842e+00 -1.460302423769e+00 -3.080356968699e-05
     vertex 7.348744449383e+00 -1.349604372831e+00 -1.081453068606e+00
     vertex 6.943628938855e+00 -1.349604372831e+00 1.062396888390e-01
   endloop
 endfacet
 facet normal 8.484725330325e-01 -4.811606490238e-01 2.204059675242e-01
   outer loop
     vertex 7.725060104244e+00 -1.396160904973e-01 2.779528598302e+00
     vertex 8.233594558477e+00 1.566163792762e-01 1.468574487826e+00
     vertex 7.883397722545e+00 1.566163792762e-01 2.816688605521e+00
   endloop
 endfacet
 facet normal 8.484725330325e-01 -4.811606490238e-01 2.204059675242e-01
   outer loop
     vertex 7.725060104244e+00 -1.396160904973e-01 2.779528598302e+00
     vertex 8.077189617308e+00 -1.396160904973e-01 1.423974466711e+00
     vertex 8.233594558477e+00 1.566163792762e-01 1.468574487826e+00
   endloop
 endfacet
 facet normal 9.390863986983e-01 -2.731253025733e-01 2.086128109058e-01
   outer loop
     vertex 7.856585119431e+00 4.692716220566e-01 3.528951195478e+00
     vertex 8.098193756334e+00 7.944721244132e-01 2.867098749691e+00
     vertex 7.946957703805e+00 7.944721244132e-01 3.547899316570e+00
   endloop
 endfacet
 facet normal 9.390863986983e-01 -2.731253025733e-01 2.086128109058e-01
   outer loop
     vertex 7.856585119431e+00 4.692716220566e-01 3.528951195478e+00
     vertex 8.008298611308e+00 4.692716220566e-01 2.846001399144e+00
     vertex 8.098193756334e+00 7.944721244132e-01 2.867098749691e+00
   endloop
 endfacet
 facet normal 4.799364760144e-01 -8.652586016548e-01 1.448741911217e-01
   outer loop
     vertex 6.948384039874e+00 -1.218692940286e+00 1.102087241077e+00
     vertex 7.472741387311e+00 -1.066348809540e+00 2.748788402312e-01
     vertex 7.201271271340e+00 -1.066348809540e+00 1.174199897997e+00
   endloop
 endfacet
 facet normal 4.799364760144e-01 -8.652586016548e-01 1.448741911217e-01
   outer loop
     vertex 6.948384039874e+00 -1.218692940286e+00 1.102087241077e+00
     vertex 7.222191416895e+00 -1.218692940286e+00 1.950233491807e-01
     vertex 7.472741387311e+00 -1.066348809540e+00 2.748788402312e-01
   endloop
 endfacet
 facet normal 5.677074397894e-02 -9.981994343569e-01 1.936419060056e-02
   outer loop
     vertex 6.258689647866e+00 -1.528421420284e+00 -1.120647209787e-01
     vertex 6.335636106221e+00 -1.550000000000e+00 -1.450000000000e+00
     vertex 6.673169913483e+00 -1.528421420284e+00 -1.327212491884e+00
   endloop
 endfacet
 facet normal 1.718807848819e-01 -9.833716493272e-01 5.862759664135e-02
   outer loop
     vertex 6.258689647866e+00 -1.528421420284e+00 -1.120647209787e-01
     vertex 6.673169913483e+00 -1.528421420284e+00 -1.327212491884e+00
     vertex 7.019875057102e+00 -1.460302423769e+00 -1.201088649709e+00
   endloop
 endfacet
 facet normal 6.039595938485e-02 -9.979826526932e-01 1.956918530407e-02
   outer loop
     vertex 6.258689647866e+00 -1.528421420284e+00 -1.120647209787e-01
     vertex 5.630489212884e+00 -1.550000000000e+00 7.262798230259e-01
     vertex 6.335636106221e+00 -1.550000000000e+00 -1.450000000000e+00
   endloop
 endfacet
 facet normal 1.718807848819e-01 -9.833716493272e-01 5.862759664135e-02
   outer loop
     vertex 6.258689647866e+00 -1.528421420284e+00 -1.120647209787e-01
     vertex 7.019875057102e+00 -1.460302423769e+00 -1.201088649709e+00
     vertex 6.610200787842e+00 -1.460302423769e+00 -3.080356968699e-05
   endloop
 endfacet
 facet normal 7.907488646257e-01 -5.766476119999e-01 2.054112087207e-01
   outer loop
     vertex 7.535481453114e+00 -4.154314031993e-01 2.735036682104e+00
     vertex 7.889924972967e+00 -4.154314031993e-01 1.370574573911e+00
     vertex 8.077189617308e+00 -1.396160904973e-01 1.423974466711e+00
   endloop
 endfacet
 facet normal 7.907488646257e-01 -5.766476119999e-01 2.054112087207e-01
   outer loop
     vertex 7.535481453114e+00 -4.154314031993e-01 2.735036682104e+00
     vertex 8.077189617308e+00 -1.396160904973e-01 1.423974466711e+00
     vertex 7.725060104244e+00 -1.396160904973e-01 2.779528598302e+00
   endloop
 endfacet
 facet normal 9.031357331606e-01 -3.795982436054e-01 2.006265708728e-01
   outer loop
     vertex 7.731020873387e+00 1.566163792762e-01 3.502624554989e+00
     vertex 8.008298611308e+00 4.692716220566e-01 2.846001399144e+00
     vertex 7.856585119431e+00 4.692716220566e-01 3.528951195478e+00
   endloop
 endfacet
 facet normal 9.031357331606e-01 -3.795982436054e-01 2.006265708728e-01
   outer loop
     vertex 7.731020873387e+00 1.566163792762e-01 3.502624554989e+00
     vertex 7.883397722545e+00 1.566163792762e-01 2.816688605521e+00
     vertex 8.008298611308e+00 4.692716220566e-01 2.846001399144e+00
   endloop
 endfacet
 facet normal 3.912673140271e-01 -9.126665829857e-01 1.181084132275e-01
   outer loop
     vertex 6.667222985475e+00 -1.349604372831e+00 1.021912095271e+00
     vertex 7.222191416895e+00 -1.218692940286e+00 1.950233491807e-01
     vertex 6.948384039874e+00 -1.218692940286e+00 1.102087241077e+00
   endloop
 endfacet
 facet normal 3.912673140272e-01 -9.126665829857e-01 1.181084132275e-01
   outer loop
     vertex 6.667222985475e+00 -1.349604372831e+00 1.021912095271e+00
     vertex 6.943628938855e+00 -1.349604372831e+00 1.062396888390e-01
     vertex 7.222191416895e+00 -1.218692940286e+00 1.950233491807e-01
   endloop
 endfacet
 facet normal 7.230530992718e-01 -6.647673294514e-01 1.878260187714e-01
   outer loop
     vertex 7.317065658406e+00 -6.674806658002e-01 2.683777021923e+00
     vertex 7.889924972967e+00 -4.154314031993e-01 1.370574573911e+00
     vertex 7.535481453114e+00 -4.154314031993e-01 2.735036682104e+00
   endloop
 endfacet
 facet normal 7.230530992718e-01 -6.647673294514e-01 1.878260187714e-01
   outer loop
     vertex 7.317065658406e+00 -6.674806658002e-01 2.683777021923e+00
     vertex 7.674175172708e+00 -6.674806658002e-01 1.309051929069e+00
     vertex 7.889924972967e+00 -4.154314031993e-01 1.370574573911e+00
   endloop
 endfacet
 facet normal 8.557300739032e-01 -4.812376519941e-01 1.900956678118e-01
   outer loop
     vertex 7.571842313018e+00 -1.396160904973e-01 3.469250112308e+00
     vertex 7.883397722545e+00 1.566163792762e-01 2.816688605521e+00
     vertex 7.731020873387e+00 1.566163792762e-01 3.502624554989e+00
   endloop
 endfacet
 facet normal 8.557300739032e-01 -4.812376519941e-01 1.900956678118e-01
   outer loop
     vertex 7.571842313018e+00 -1.396160904973e-01 3.469250112308e+00
     vertex 7.725060104244e+00 -1.396160904973e-01 2.779528598302e+00
     vertex 7.883397722545e+00 1.566163792762e-01 2.816688605521e+00
   endloop
 endfacet
 facet normal 2.887562660330e-01 -9.534265584523e-01 8.716430728554e-02
   outer loop
     vertex 6.330684442436e+00 -1.460302423769e+00 9.259456506477e-01
     vertex 6.610200787842e+00 -1.460302423769e+00 -3.080356968699e-05
     vertex 6.943628938855e+00 -1.349604372831e+00 1.062396888390e-01
   endloop
 endfacet
 facet normal 2.887562660330e-01 -9.534265584523e-01 8.716430728554e-02
   outer loop
     vertex 6.330684442436e+00 -1.460302423769e+00 9.259456506477e-01
     vertex 6.943628938855e+00 -1.349604372831e+00 1.062396888390e-01
     vertex 6.667222985475e+00 -1.349604372831e+00 1.021912095271e+00
   endloop
 endfacet
 facet normal 6.476468832150e-01 -7.431349294512e-01 1.682379008769e-01
   outer loop
     vertex 7.081475936733e+00 -8.853157408694e-01 2.628486839767e+00
     vertex 7.674175172708e+00 -6.674806658002e-01 1.309051929069e+00
     vertex 7.317065658406e+00 -6.674806658002e-01 2.683777021923e+00
   endloop
 endfacet
 facet normal 6.476468832150e-01 -7.431349294512e-01 1.682379008768e-01
   outer loop
     vertex 7.081475936733e+00 -8.853157408694e-01 2.628486839767e+00
     vertex 7.441461071323e+00 -8.853157408694e-01 1.242691788795e+00
     vertex 7.674175172708e+00 -6.674806658002e-01 1.309051929069e+00
   endloop
 endfacet
 facet normal 9.824280426905e-01 -5.501995115135e-02 1.783478228368e-01
   outer loop
     vertex 7.717610229967e+00 1.120260079665e+00 5.115253123212e+00
     vertex 8.000120675658e+00 1.120260079665e+00 3.559045821180e+00
     vertex 7.735575771832e+00 1.450000000000e+00 5.118014144744e+00
   endloop
 endfacet
 facet normal 7.974958810451e-01 -5.767277642555e-01 1.771592663478e-01
   outer loop
     vertex 7.381256796528e+00 -4.154314031993e-01 3.429290676935e+00
     vertex 7.535481453114e+00 -4.154314031993e-01 2.735036682104e+00
     vertex 7.725060104244e+00 -1.396160904973e-01 2.779528598302e+00
   endloop
 endfacet
 facet normal 7.974958810451e-01 -5.767277642555e-01 1.771592663478e-01
   outer loop
     vertex 7.381256796528e+00 -4.154314031993e-01 3.429290676935e+00
     vertex 7.725060104244e+00 -1.396160904973e-01 2.779528598302e+00
     vertex 7.571842313018e+00 -1.396160904973e-01 3.469250112308e+00
   endloop
 endfacet
 facet normal 1.738419222002e-01 -9.833744160260e-01 5.247612782206e-02
   outer loop
     vertex 5.975894222863e+00 -1.528421420284e+00 8.247746060114e-01
     vertex 6.610200787842e+00 -1.460302423769e+00 -3.080356968699e-05
     vertex 6.330684442436e+00 -1.460302423769e+00 9.259456506477e-01
   endloop
 endfacet
 facet normal 5.741834683477e-02 -9.981997407327e-01 1.733236994678e-02
   outer loop
     vertex 5.975894222863e+00 -1.528421420284e+00 8.247746060114e-01
     vertex 5.630489212884e+00 -1.550000000000e+00 7.262798230259e-01
     vertex 6.258689647866e+00 -1.528421420284e+00 -1.120647209787e-01
   endloop
 endfacet
 facet normal 1.738419222002e-01 -9.833744160260e-01 5.247612782206e-02
   outer loop
     vertex 5.975894222863e+00 -1.528421420284e+00 8.247746060114e-01
     vertex 6.258689647866e+00 -1.528421420284e+00 -1.120647209787e-01
     vertex 6.610200787842e+00 -1.460302423769e+00 -3.080356968699e-05
   endloop
 endfacet
 facet normal 5.681215995491e-01 -8.096036414768e-01 1.475797812482e-01
   outer loop
     vertex 6.838318140150e+00 -1.066348809540e+00 2.571420517984e+00
     vertex 7.201271271340e+00 -1.066348809540e+00 1.174199897997e+00
     vertex 7.441461071323e+00 -8.853157408694e-01 1.242691788795e+00
   endloop
 endfacet
 facet normal 5.681215995491e-01 -8.096036414768e-01 1.475797812482e-01
   outer loop
     vertex 6.838318140150e+00 -1.066348809540e+00 2.571420517984e+00
     vertex 7.441461071323e+00 -8.853157408694e-01 1.242691788795e+00
     vertex 7.081475936733e+00 -8.853157408694e-01 2.628486839767e+00
   endloop
 endfacet
 facet normal 9.705306729913e-01 -1.644019502496e-01 1.761880005484e-01
   outer loop
     vertex 7.663921631662e+00 7.944721244132e-01 5.107002029141e+00
     vertex 7.946957703805e+00 7.944721244132e-01 3.547899316570e+00
     vertex 8.000120675658e+00 1.120260079665e+00 3.559045821180e+00
   endloop
 endfacet
 facet normal 9.705306729913e-01 -1.644019502496e-01 1.761880005484e-01
   outer loop
     vertex 7.663921631662e+00 7.944721244132e-01 5.107002029141e+00
     vertex 8.000120675658e+00 1.120260079665e+00 3.559045821180e+00
     vertex 7.717610229967e+00 1.120260079665e+00 5.115253123212e+00
   endloop
 endfacet
 facet normal 7.292058932410e-01 -6.648445838664e-01 1.619890260672e-01
   outer loop
     vertex 7.161680980390e+00 -6.674806658002e-01 3.383252941244e+00
     vertex 7.535481453114e+00 -4.154314031993e-01 2.735036682104e+00
     vertex 7.381256796528e+00 -4.154314031993e-01 3.429290676935e+00
   endloop
 endfacet
 facet normal 7.292058932410e-01 -6.648445838664e-01 1.619890260672e-01
   outer loop
     vertex 7.161680980390e+00 -6.674806658002e-01 3.383252941244e+00
     vertex 7.317065658406e+00 -6.674806658002e-01 2.683777021923e+00
     vertex 7.535481453114e+00 -4.154314031993e-01 2.735036682104e+00
   endloop
 endfacet
 facet normal 9.885523794729e-01 -1.003550979248e-01 1.126634251160e-01
   outer loop
     vertex 7.646668882561e+00 1.120260079665e+00 5.604401229895e+00
     vertex 7.735575771832e+00 1.450000000000e+00 5.118014144744e+00
     vertex 7.477857483743e+00 1.450000000000e+00 7.379333882377e+00
   endloop
 endfacet
 facet normal 9.761717134543e-01 -1.644549324037e-01 1.415745777316e-01
   outer loop
     vertex 7.646668882561e+00 1.120260079665e+00 5.604401229895e+00
     vertex 7.663921631662e+00 7.944721244132e-01 5.107002029141e+00
     vertex 7.717610229967e+00 1.120260079665e+00 5.115253123212e+00
   endloop
 endfacet
 facet normal 9.881460912571e-01 -5.503812015017e-02 1.433112265790e-01
   outer loop
     vertex 7.646668882561e+00 1.120260079665e+00 5.604401229895e+00
     vertex 7.717610229967e+00 1.120260079665e+00 5.115253123212e+00
     vertex 7.735575771832e+00 1.450000000000e+00 5.118014144744e+00
   endloop
 endfacet
 facet normal 4.852803041878e-01 -8.652235752574e-01 1.260602680710e-01
   outer loop
     vertex 6.582306011443e+00 -1.218692940286e+00 2.511337433163e+00
     vertex 6.948384039874e+00 -1.218692940286e+00 1.102087241077e+00
     vertex 7.201271271340e+00 -1.066348809540e+00 1.174199897997e+00
   endloop
 endfacet
 facet normal 4.852803041878e-01 -8.652235752574e-01 1.260602680710e-01
   outer loop
     vertex 6.582306011443e+00 -1.218692940286e+00 2.511337433163e+00
     vertex 7.201271271340e+00 -1.066348809540e+00 1.174199897997e+00
     vertex 6.838318140150e+00 -1.066348809540e+00 2.571420517984e+00
   endloop
 endfacet
 facet normal 3.956292309682e-01 -9.126420274078e-01 1.027717928838e-01
   outer loop
     vertex 6.582306011443e+00 -1.218692940286e+00 2.511337433163e+00
     vertex 6.667222985475e+00 -1.349604372831e+00 1.021912095271e+00
     vertex 6.948384039874e+00 -1.218692940286e+00 1.102087241077e+00
   endloop
 endfacet
 facet normal 9.465292296635e-01 -2.730505132289e-01 1.718308313956e-01
   outer loop
     vertex 7.572655526494e+00 4.692716220566e-01 5.092975862636e+00
     vertex 7.856585119431e+00 4.692716220566e-01 3.528951195478e+00
     vertex 7.946957703805e+00 7.944721244132e-01 3.547899316570e+00
   endloop
 endfacet
 facet normal 9.103123508707e-01 -3.795021022298e-01 1.652560989960e-01
   outer loop
     vertex 7.572655526494e+00 4.692716220566e-01 5.092975862636e+00
     vertex 7.731020873387e+00 1.566163792762e-01 3.502624554989e+00
     vertex 7.856585119431e+00 4.692716220566e-01 3.528951195478e+00
   endloop
 endfacet
 facet normal 9.465292296635e-01 -2.730505132289e-01 1.718308313956e-01
   outer loop
     vertex 7.572655526494e+00 4.692716220566e-01 5.092975862636e+00
     vertex 7.946957703805e+00 7.944721244132e-01 3.547899316570e+00
     vertex 7.663921631662e+00 7.944721244132e-01 5.107002029141e+00
   endloop
 endfacet
 facet normal 6.531430038277e-01 -7.432042149780e-01 1.450920790045e-01
   outer loop
     vertex 6.924840025372e+00 -8.853157408694e-01 3.333595280945e+00
     vertex 7.081475936733e+00 -8.853157408694e-01 2.628486839767e+00
     vertex 7.317065658406e+00 -6.674806658002e-01 2.683777021923e+00
   endloop
 endfacet
 facet normal 6.531430038277e-01 -7.432042149780e-01 1.450920790045e-01
   outer loop
     vertex 6.924840025372e+00 -8.853157408694e-01 3.333595280945e+00
     vertex 7.317065658406e+00 -6.674806658002e-01 2.683777021923e+00
     vertex 7.161680980390e+00 -6.674806658002e-01 3.383252941244e+00
   endloop
 endfacet
 facet normal 9.761717134542e-01 -1.644549324038e-01 1.415745777316e-01
   outer loop
     vertex 7.592848293920e+00 7.944721244132e-01 5.597060223176e+00
     vertex 7.663921631662e+00 7.944721244132e-01 5.107002029141e+00
     vertex 7.646668882561e+00 1.120260079665e+00 5.604401229895e+00
   endloop
 endfacet
 facet normal 3.956292309682e-01 -9.126420274078e-01 1.027717928838e-01
   outer loop
     vertex 6.297670683559e+00 -1.349604372831e+00 2.444536814634e+00
     vertex 6.667222985475e+00 -1.349604372831e+00 1.021912095271e+00
     vertex 6.582306011443e+00 -1.218692940286e+00 2.511337433163e+00
   endloop
 endfacet
 facet normal 2.919789488760e-01 -9.534125867625e-01 7.584677195585e-02
   outer loop
     vertex 6.297670683559e+00 -1.349604372831e+00 2.444536814634e+00
     vertex 6.330684442436e+00 -1.460302423769e+00 9.259456506477e-01
     vertex 6.667222985475e+00 -1.349604372831e+00 1.021912095271e+00
   endloop
 endfacet
 facet normal 5.729305321486e-01 -8.096617231802e-01 1.272733253627e-01
   outer loop
     vertex 6.680390800871e+00 -1.066348809540e+00 3.282342419927e+00
     vertex 6.838318140150e+00 -1.066348809540e+00 2.571420517984e+00
     vertex 7.081475936733e+00 -8.853157408694e-01 2.628486839767e+00
   endloop
 endfacet
 facet normal 5.729305321486e-01 -8.096617231802e-01 1.272733253627e-01
   outer loop
     vertex 6.680390800871e+00 -1.066348809540e+00 3.282342419927e+00
     vertex 7.081475936733e+00 -8.853157408694e-01 2.628486839767e+00
     vertex 6.924840025372e+00 -8.853157408694e-01 3.333595280945e+00
   endloop
 endfacet
 facet normal 9.103123508707e-01 -3.795021022298e-01 1.652560989960e-01
   outer loop
     vertex 7.445849816952e+00 1.566163792762e-01 5.073487817293e+00
     vertex 7.731020873387e+00 1.566163792762e-01 3.502624554989e+00
     vertex 7.572655526494e+00 4.692716220566e-01 5.092975862636e+00
   endloop
 endfacet
 facet normal 9.520157763938e-01 -2.731342092700e-01 1.380712324267e-01
   outer loop
     vertex 7.501357816273e+00 4.692716220566e-01 5.584581128687e+00
     vertex 7.663921631662e+00 7.944721244132e-01 5.107002029141e+00
     vertex 7.592848293920e+00 7.944721244132e-01 5.597060223176e+00
   endloop
 endfacet
 facet normal 9.520157763938e-01 -2.731342092700e-01 1.380712324267e-01
   outer loop
     vertex 7.501357816273e+00 4.692716220566e-01 5.584581128687e+00
     vertex 7.572655526494e+00 4.692716220566e-01 5.092975862636e+00
     vertex 7.663921631662e+00 7.944721244132e-01 5.107002029141e+00
   endloop
 endfacet
 facet normal 2.919789488760e-01 -9.534125867625e-01 7.584677195585e-02
   outer loop
     vertex 5.956973574038e+00 -1.460302423769e+00 2.364579144530e+00
     vertex 6.330684442436e+00 -1.460302423769e+00 9.259456506477e-01
     vertex 6.297670683559e+00 -1.349604372831e+00 2.444536814634e+00
   endloop
 endfacet
 facet normal 4.893785243059e-01 -8.652688634854e-01 1.087127123701e-01
   outer loop
     vertex 6.423018973999e+00 -1.218692940286e+00 3.228380119579e+00
     vertex 6.838318140150e+00 -1.066348809540e+00 2.571420517984e+00
     vertex 6.680390800871e+00 -1.066348809540e+00 3.282342419927e+00
   endloop
 endfacet
 facet normal 4.893785243059e-01 -8.652688634854e-01 1.087127123701e-01
   outer loop
     vertex 6.423018973999e+00 -1.218692940286e+00 3.228380119579e+00
     vertex 6.582306011443e+00 -1.218692940286e+00 2.511337433163e+00
     vertex 6.838318140150e+00 -1.066348809540e+00 2.571420517984e+00
   endloop
 endfacet
 facet normal 8.625523199389e-01 -4.811282235712e-01 1.565858481835e-01
   outer loop
     vertex 7.285097445734e+00 -1.396160904973e-01 5.048782703379e+00
     vertex 7.731020873387e+00 1.566163792762e-01 3.502624554989e+00
     vertex 7.445849816952e+00 1.566163792762e-01 5.073487817293e+00
   endloop
 endfacet
 facet normal 8.625523199389e-01 -4.811282235712e-01 1.565858481835e-01
   outer loop
     vertex 7.285097445734e+00 -1.396160904973e-01 5.048782703379e+00
     vertex 7.571842313018e+00 -1.396160904973e-01 3.469250112308e+00
     vertex 7.731020873387e+00 1.566163792762e-01 3.502624554989e+00
   endloop
 endfacet
 facet normal 9.155678984296e-01 -3.796096927299e-01 1.327851819697e-01
   outer loop
     vertex 7.374240362175e+00 1.566163792762e-01 5.567242595086e+00
     vertex 7.445849816952e+00 1.566163792762e-01 5.073487817293e+00
     vertex 7.572655526494e+00 4.692716220566e-01 5.092975862636e+00
   endloop
 endfacet
 facet normal 9.155678984296e-01 -3.796096927298e-01 1.327851819698e-01
   outer loop
     vertex 7.374240362175e+00 1.566163792762e-01 5.567242595086e+00
     vertex 7.572655526494e+00 4.692716220566e-01 5.092975862636e+00
     vertex 7.501357816273e+00 4.692716220566e-01 5.584581128687e+00
   endloop
 endfacet
 facet normal 8.675069991739e-01 -4.812506828581e-01 1.258148903461e-01
   outer loop
     vertex 7.374240362175e+00 1.566163792762e-01 5.567242595086e+00
     vertex 7.285097445734e+00 -1.396160904973e-01 5.048782703379e+00
     vertex 7.445849816952e+00 1.566163792762e-01 5.073487817293e+00
   endloop
 endfacet
 facet normal 3.989633393697e-01 -9.126737769470e-01 8.862748282760e-02
   outer loop
     vertex 6.136871928154e+00 -1.349604372831e+00 3.168384614168e+00
     vertex 6.297670683559e+00 -1.349604372831e+00 2.444536814634e+00
     vertex 6.582306011443e+00 -1.218692940286e+00 2.511337433163e+00
   endloop
 endfacet
 facet normal 3.989633393697e-01 -9.126737769470e-01 8.862748282760e-02
   outer loop
     vertex 6.136871928154e+00 -1.349604372831e+00 3.168384614168e+00
     vertex 6.582306011443e+00 -1.218692940286e+00 2.511337433163e+00
     vertex 6.423018973999e+00 -1.218692940286e+00 3.228380119579e+00
   endloop
 endfacet
 facet normal 1.757837384401e-01 -9.833691928715e-01 4.566298075370e-02
   outer loop
     vertex 5.597799254201e+00 -1.528421420284e+00 2.280285086927e+00
     vertex 6.330684442436e+00 -1.460302423769e+00 9.259456506477e-01
     vertex 5.956973574038e+00 -1.460302423769e+00 2.364579144530e+00
   endloop
 endfacet
 facet normal 6.130684909543e-02 -9.980040165294e-01 1.514771419274e-02
   outer loop
     vertex 5.597799254201e+00 -1.528421420284e+00 2.280285086927e+00
     vertex 5.081753156497e+00 -1.550000000000e+00 2.947161348392e+00
     vertex 5.630489212884e+00 -1.550000000000e+00 7.262798230259e-01
   endloop
 endfacet
 facet normal 5.805998516037e-02 -9.981991623346e-01 1.508212311597e-02
   outer loop
     vertex 5.597799254201e+00 -1.528421420284e+00 2.280285086927e+00
     vertex 5.630489212884e+00 -1.550000000000e+00 7.262798230259e-01
     vertex 5.975894222863e+00 -1.528421420284e+00 8.247746060114e-01
   endloop
 endfacet
 facet normal 1.757837384401e-01 -9.833691928715e-01 4.566298075370e-02
   outer loop
     vertex 5.597799254201e+00 -1.528421420284e+00 2.280285086927e+00
     vertex 5.975894222863e+00 -1.528421420284e+00 8.247746060114e-01
     vertex 6.330684442436e+00 -1.460302423769e+00 9.259456506477e-01
   endloop
 endfacet
 facet normal 8.038778892320e-01 -5.766138588901e-01 1.459342212775e-01
   outer loop
     vertex 7.092627595370e+00 -4.154314031993e-01 5.019203111225e+00
     vertex 7.571842313018e+00 -1.396160904973e-01 3.469250112308e+00
     vertex 7.285097445734e+00 -1.396160904973e-01 5.048782703379e+00
   endloop
 endfacet
 facet normal 8.038778892320e-01 -5.766138588901e-01 1.459342212775e-01
   outer loop
     vertex 7.092627595370e+00 -4.154314031993e-01 5.019203111225e+00
     vertex 7.381256796528e+00 -4.154314031993e-01 3.429290676935e+00
     vertex 7.571842313018e+00 -1.396160904973e-01 3.469250112308e+00
   endloop
 endfacet
 facet normal 8.675069991739e-01 -4.812506828581e-01 1.258148903461e-01
   outer loop
     vertex 7.213092790483e+00 -1.396160904973e-01 5.545262430313e+00
     vertex 7.285097445734e+00 -1.396160904973e-01 5.048782703379e+00
     vertex 7.374240362175e+00 1.566163792762e-01 5.567242595086e+00
   endloop
 endfacet
 facet normal 2.944348953726e-01 -9.534306515918e-01 6.540707142343e-02
   outer loop
     vertex 5.794365352662e+00 -1.460302423769e+00 3.096572392439e+00
     vertex 6.297670683559e+00 -1.349604372831e+00 2.444536814634e+00
     vertex 6.136871928154e+00 -1.349604372831e+00 3.168384614168e+00
   endloop
 endfacet
 facet normal 2.944348953726e-01 -9.534306515918e-01 6.540707142343e-02
   outer loop
     vertex 5.794365352662e+00 -1.460302423769e+00 3.096572392439e+00
     vertex 5.956973574038e+00 -1.460302423769e+00 2.364579144530e+00
     vertex 6.297670683559e+00 -1.349604372831e+00 2.444536814634e+00
   endloop
 endfacet
 facet normal 7.350652034931e-01 -6.647347950784e-01 1.334421178849e-01
   outer loop
     vertex 6.870880816003e+00 -6.674806658002e-01 4.985124115046e+00
     vertex 7.381256796528e+00 -4.154314031993e-01 3.429290676935e+00
     vertex 7.092627595370e+00 -4.154314031993e-01 5.019203111225e+00
   endloop
 endfacet
 facet normal 7.350652034932e-01 -6.647347950784e-01 1.334421178849e-01
   outer loop
     vertex 6.870880816003e+00 -6.674806658002e-01 4.985124115046e+00
     vertex 7.161680980390e+00 -6.674806658002e-01 3.383252941244e+00
     vertex 7.381256796528e+00 -4.154314031993e-01 3.429290676935e+00
   endloop
 endfacet
 facet normal 8.084684841274e-01 -5.767413275584e-01 1.172525106721e-01
   outer loop
     vertex 7.020149764043e+00 -4.154314031993e-01 5.518945437334e+00
     vertex 7.092627595370e+00 -4.154314031993e-01 5.019203111225e+00
     vertex 7.285097445734e+00 -1.396160904973e-01 5.048782703379e+00
   endloop
 endfacet
 facet normal 8.084684841274e-01 -5.767413275584e-01 1.172525106721e-01
   outer loop
     vertex 7.020149764043e+00 -4.154314031993e-01 5.518945437334e+00
     vertex 7.285097445734e+00 -1.396160904973e-01 5.048782703379e+00
     vertex 7.213092790483e+00 -1.396160904973e-01 5.545262430313e+00
   endloop
 endfacet
 facet normal 7.392360566601e-01 -6.648576562766e-01 1.072117037640e-01
   outer loop
     vertex 7.020149764043e+00 -4.154314031993e-01 5.518945437334e+00
     vertex 6.870880816003e+00 -6.674806658002e-01 4.985124115046e+00
     vertex 7.092627595370e+00 -4.154314031993e-01 5.019203111225e+00
   endloop
 endfacet
 facet normal 6.584126320332e-01 -7.431057496098e-01 1.195267789077e-01
   outer loop
     vertex 6.631698195980e+00 -8.853157408694e-01 4.948365504089e+00
     vertex 7.161680980390e+00 -6.674806658002e-01 3.383252941244e+00
     vertex 6.870880816003e+00 -6.674806658002e-01 4.985124115046e+00
   endloop
 endfacet
 facet normal 6.584126320332e-01 -7.431057496098e-01 1.195267789077e-01
   outer loop
     vertex 6.631698195980e+00 -8.853157408694e-01 4.948365504089e+00
     vertex 6.924840025372e+00 -8.853157408694e-01 3.333595280945e+00
     vertex 7.161680980390e+00 -6.674806658002e-01 3.383252941244e+00
   endloop
 endfacet
 facet normal 1.772601813321e-01 -9.833759461712e-01 3.937736159381e-02
   outer loop
     vertex 5.433283433110e+00 -1.528421420284e+00 3.020865539712e+00
     vertex 5.597799254201e+00 -1.528421420284e+00 2.280285086927e+00
     vertex 5.956973574038e+00 -1.460302423769e+00 2.364579144530e+00
   endloop
 endfacet
 facet normal 5.854728441522e-02 -9.981999101753e-01 1.300595300889e-02
   outer loop
     vertex 5.433283433110e+00 -1.528421420284e+00 3.020865539712e+00
     vertex 5.081753156497e+00 -1.550000000000e+00 2.947161348392e+00
     vertex 5.597799254201e+00 -1.528421420284e+00 2.280285086927e+00
   endloop
 endfacet
 facet normal 1.772601813321e-01 -9.833759461712e-01 3.937736159381e-02
   outer loop
     vertex 5.433283433110e+00 -1.528421420284e+00 3.020865539712e+00
     vertex 5.956973574038e+00 -1.460302423769e+00 2.364579144530e+00
     vertex 5.794365352662e+00 -1.460302423769e+00 3.096572392439e+00
   endloop
 endfacet
 facet normal 9.929850510202e-01 -5.501448516788e-02 1.046618119088e-01
   outer loop
     vertex 7.459731389528e+00 1.120260079665e+00 7.377981609133e+00
     vertex 7.646668882561e+00 1.120260079665e+00 5.604401229895e+00
     vertex 7.477857483743e+00 1.450000000000e+00 7.379333882377e+00
   endloop
 endfacet
 facet normal 7.392360566601e-01 -6.648576562766e-01 1.072117037640e-01
   outer loop
     vertex 6.797857832952e+00 -6.674806658002e-01 5.488625320054e+00
     vertex 6.870880816003e+00 -6.674806658002e-01 4.985124115046e+00
     vertex 7.020149764043e+00 -4.154314031993e-01 5.518945437334e+00
   endloop
 endfacet
 facet normal 5.775706375452e-01 -8.095791790441e-01 1.048509013022e-01
   outer loop
     vertex 6.384832082922e+00 -1.066348809540e+00 4.910426060965e+00
     vertex 6.680390800871e+00 -1.066348809540e+00 3.282342419927e+00
     vertex 6.924840025372e+00 -8.853157408694e-01 3.333595280945e+00
   endloop
 endfacet
 facet normal 5.775706375452e-01 -8.095791790441e-01 1.048509013022e-01
   outer loop
     vertex 6.384832082922e+00 -1.066348809540e+00 4.910426060965e+00
     vertex 6.924840025372e+00 -8.853157408694e-01 3.333595280945e+00
     vertex 6.631698195980e+00 -8.853157408694e-01 4.948365504089e+00
   endloop
 endfacet
 facet normal 9.809621801319e-01 -1.643860107874e-01 1.033945869388e-01
   outer loop
     vertex 7.405562993249e+00 7.944721244132e-01 7.373940447694e+00
     vertex 7.646668882561e+00 1.120260079665e+00 5.604401229895e+00
     vertex 7.459731389528e+00 1.120260079665e+00 7.377981609133e+00
   endloop
 endfacet
 facet normal 9.809621801319e-01 -1.643860107874e-01 1.033945869388e-01
   outer loop
     vertex 7.405562993249e+00 7.944721244132e-01 7.373940447694e+00
     vertex 7.592848293920e+00 7.944721244132e-01 5.597060223176e+00
     vertex 7.646668882561e+00 1.120260079665e+00 5.604401229895e+00
   endloop
 endfacet
 facet normal 5.808067712622e-01 -8.096715505620e-01 8.423464053688e-02
   outer loop
     vertex 6.558087196192e+00 -8.853157408694e-01 5.455921146803e+00
     vertex 6.384832082922e+00 -1.066348809540e+00 4.910426060965e+00
     vertex 6.631698195980e+00 -8.853157408694e-01 4.948365504089e+00
   endloop
 endfacet
 facet normal 6.621243544851e-01 -7.432159384806e-01 9.602816246365e-02
   outer loop
     vertex 6.558087196192e+00 -8.853157408694e-01 5.455921146803e+00
     vertex 6.631698195980e+00 -8.853157408694e-01 4.948365504089e+00
     vertex 6.870880816003e+00 -6.674806658002e-01 4.985124115046e+00
   endloop
 endfacet
 facet normal 6.621243544851e-01 -7.432159384806e-01 9.602816246366e-02
   outer loop
     vertex 6.558087196192e+00 -8.853157408694e-01 5.455921146803e+00
     vertex 6.870880816003e+00 -6.674806658002e-01 4.985124115046e+00
     vertex 6.797857832952e+00 -6.674806658002e-01 5.488625320054e+00
   endloop
 endfacet
 facet normal 4.933555503239e-01 -8.652045002996e-01 8.956267987197e-02
   outer loop
     vertex 6.124915600712e+00 -1.218692940286e+00 4.870480981135e+00
     vertex 6.423018973999e+00 -1.218692940286e+00 3.228380119579e+00
     vertex 6.680390800871e+00 -1.066348809540e+00 3.282342419927e+00
   endloop
 endfacet
 facet normal 4.022156233141e-01 -9.126286543126e-01 7.301733828015e-02
   outer loop
     vertex 6.124915600712e+00 -1.218692940286e+00 4.870480981135e+00
     vertex 6.136871928154e+00 -1.349604372831e+00 3.168384614168e+00
     vertex 6.423018973999e+00 -1.218692940286e+00 3.228380119579e+00
   endloop
 endfacet
 facet normal 4.933555503239e-01 -8.652045002997e-01 8.956267987197e-02
   outer loop
     vertex 6.124915600712e+00 -1.218692940286e+00 4.870480981135e+00
     vertex 6.680390800871e+00 -1.066348809540e+00 3.282342419927e+00
     vertex 6.384832082922e+00 -1.066348809540e+00 4.910426060965e+00
   endloop
 endfacet
 facet normal 9.567072941264e-01 -2.730253328470e-01 1.008380929469e-01
   outer loop
     vertex 7.313481271845e+00 4.692716220566e-01 7.367070812866e+00
     vertex 7.592848293920e+00 7.944721244132e-01 5.597060223176e+00
     vertex 7.405562993249e+00 7.944721244132e-01 7.373940447694e+00
   endloop
 endfacet
 facet normal 9.567072941264e-01 -2.730253328470e-01 1.008380929469e-01
   outer loop
     vertex 7.313481271845e+00 4.692716220566e-01 7.367070812866e+00
     vertex 7.501357816273e+00 4.692716220566e-01 5.584581128687e+00
     vertex 7.592848293920e+00 7.944721244132e-01 5.597060223176e+00
   endloop
 endfacet
 facet normal 5.808067712622e-01 -8.096715505620e-01 8.423464053687e-02
   outer loop
     vertex 6.310614176969e+00 -1.066348809540e+00 5.422166385982e+00
     vertex 6.384832082922e+00 -1.066348809540e+00 4.910426060965e+00
     vertex 6.558087196192e+00 -8.853157408694e-01 5.455921146803e+00
   endloop
 endfacet
 facet normal 4.022156233141e-01 -9.126286543126e-01 7.301733828015e-02
   outer loop
     vertex 5.835939396695e+00 -1.349604372831e+00 4.826069878612e+00
     vertex 6.136871928154e+00 -1.349604372831e+00 3.168384614168e+00
     vertex 6.124915600712e+00 -1.218692940286e+00 4.870480981135e+00
   endloop
 endfacet
 facet normal 9.201073426642e-01 -3.794697316246e-01 9.698041429211e-02
   outer loop
     vertex 7.185542339894e+00 1.566163792762e-01 7.357526098350e+00
     vertex 7.501357816273e+00 4.692716220566e-01 5.584581128687e+00
     vertex 7.313481271845e+00 4.692716220566e-01 7.367070812866e+00
   endloop
 endfacet
 facet normal 9.201073426642e-01 -3.794697316246e-01 9.698041429211e-02
   outer loop
     vertex 7.185542339894e+00 1.566163792762e-01 7.357526098350e+00
     vertex 7.374240362175e+00 1.566163792762e-01 5.567242595086e+00
     vertex 7.501357816273e+00 4.692716220566e-01 5.584581128687e+00
   endloop
 endfacet
 facet normal 4.961045219638e-01 -8.652765259599e-01 7.195023912260e-02
   outer loop
     vertex 6.050058705013e+00 -1.218692940286e+00 5.386627208160e+00
     vertex 6.124915600712e+00 -1.218692940286e+00 4.870480981135e+00
     vertex 6.384832082922e+00 -1.066348809540e+00 4.910426060965e+00
   endloop
 endfacet
 facet normal 4.961045219638e-01 -8.652765259599e-01 7.195023912260e-02
   outer loop
     vertex 6.050058705013e+00 -1.218692940286e+00 5.386627208160e+00
     vertex 6.384832082922e+00 -1.066348809540e+00 4.910426060965e+00
     vertex 6.310614176969e+00 -1.066348809540e+00 5.422166385982e+00
   endloop
 endfacet
 facet normal 2.968417631820e-01 -9.534049774918e-01 5.388799982294e-02
   outer loop
     vertex 5.490046431964e+00 -1.460302423769e+00 4.772911564174e+00
     vertex 5.794365352662e+00 -1.460302423769e+00 3.096572392439e+00
     vertex 6.136871928154e+00 -1.349604372831e+00 3.168384614168e+00
   endloop
 endfacet
 facet normal 2.968417631820e-01 -9.534049774918e-01 5.388799982294e-02
   outer loop
     vertex 5.490046431964e+00 -1.460302423769e+00 4.772911564174e+00
     vertex 6.136871928154e+00 -1.349604372831e+00 3.168384614168e+00
     vertex 5.835939396695e+00 -1.349604372831e+00 4.826069878612e+00
   endloop
 endfacet
 facet normal 8.718410104815e-01 -4.810913773317e-01 9.189308515736e-02
   outer loop
     vertex 7.023353375719e+00 -1.396160904973e-01 7.345426205558e+00
     vertex 7.213092790483e+00 -1.396160904973e-01 5.545262430313e+00
     vertex 7.374240362175e+00 1.566163792762e-01 5.567242595086e+00
   endloop
 endfacet
 facet normal 8.718410104815e-01 -4.810913773317e-01 9.189308515735e-02
   outer loop
     vertex 7.023353375719e+00 -1.396160904973e-01 7.345426205558e+00
     vertex 7.374240362175e+00 1.566163792762e-01 5.567242595086e+00
     vertex 7.185542339894e+00 1.566163792762e-01 7.357526098350e+00
   endloop
 endfacet
 facet normal 4.044454733773e-01 -9.126791485978e-01 5.865689029875e-02
   outer loop
     vertex 5.760372069591e+00 -1.349604372831e+00 5.347114605443e+00
     vertex 6.124915600712e+00 -1.218692940286e+00 4.870480981135e+00
     vertex 6.050058705013e+00 -1.218692940286e+00 5.386627208160e+00
   endloop
 endfacet
 facet normal 4.044454733773e-01 -9.126791485978e-01 5.865689029875e-02
   outer loop
     vertex 5.760372069591e+00 -1.349604372831e+00 5.347114605443e+00
     vertex 5.835939396695e+00 -1.349604372831e+00 4.826069878612e+00
     vertex 6.124915600712e+00 -1.218692940286e+00 4.870480981135e+00
   endloop
 endfacet
 facet normal 2.984799096524e-01 -9.534337078648e-01 4.328866180815e-02
   outer loop
     vertex 5.760372069591e+00 -1.349604372831e+00 5.347114605443e+00
     vertex 5.490046431964e+00 -1.460302423769e+00 4.772911564174e+00
     vertex 5.835939396695e+00 -1.349604372831e+00 4.826069878612e+00
   endloop
 endfacet
 facet normal 6.162757098892e-02 -9.980423973275e-01 1.064967749734e-02
   outer loop
     vertex 5.125394467296e+00 -1.528421420284e+00 4.716870286163e+00
     vertex 4.692201660811e+00 -1.550000000000e+00 5.201418574509e+00
     vertex 5.081753156497e+00 -1.550000000000e+00 2.947161348392e+00
   endloop
 endfacet
 facet normal 5.902740777998e-02 -9.981988473168e-01 1.071570558637e-02
   outer loop
     vertex 5.125394467296e+00 -1.528421420284e+00 4.716870286163e+00
     vertex 5.081753156497e+00 -1.550000000000e+00 2.947161348392e+00
     vertex 5.433283433110e+00 -1.528421420284e+00 3.020865539712e+00
   endloop
 endfacet
 facet normal 1.787122686978e-01 -9.833663481721e-01 3.244303160279e-02
   outer loop
     vertex 5.125394467296e+00 -1.528421420284e+00 4.716870286163e+00
     vertex 5.433283433110e+00 -1.528421420284e+00 3.020865539712e+00
     vertex 5.794365352662e+00 -1.460302423769e+00 3.096572392439e+00
   endloop
 endfacet
 facet normal 1.787122686978e-01 -9.833663481721e-01 3.244303160279e-02
   outer loop
     vertex 5.125394467296e+00 -1.528421420284e+00 4.716870286163e+00
     vertex 5.794365352662e+00 -1.460302423769e+00 3.096572392439e+00
     vertex 5.490046431964e+00 -1.460302423769e+00 4.772911564174e+00
   endloop
 endfacet
 facet normal 8.125429017051e-01 -5.765755028962e-01 8.564299357649e-02
   outer loop
     vertex 6.829163483347e+00 -4.154314031993e-01 7.330938925914e+00
     vertex 7.020149764043e+00 -4.154314031993e-01 5.518945437334e+00
     vertex 7.213092790483e+00 -1.396160904973e-01 5.545262430313e+00
   endloop
 endfacet
 facet normal 7.429965819840e-01 -6.646978228830e-01 7.831272830602e-02
   outer loop
     vertex 6.829163483347e+00 -4.154314031993e-01 7.330938925914e+00
     vertex 6.797857832952e+00 -6.674806658002e-01 5.488625320054e+00
     vertex 7.020149764043e+00 -4.154314031993e-01 5.518945437334e+00
   endloop
 endfacet
 facet normal 8.125429017051e-01 -5.765755028962e-01 8.564299357650e-02
   outer loop
     vertex 6.829163483347e+00 -4.154314031993e-01 7.330938925914e+00
     vertex 7.213092790483e+00 -1.396160904973e-01 5.545262430313e+00
     vertex 7.023353375719e+00 -1.396160904973e-01 7.345426205558e+00
   endloop
 endfacet
 facet normal 2.984799096524e-01 -9.534337078648e-01 4.328866180815e-02
   outer loop
     vertex 5.413628746867e+00 -1.460302423769e+00 5.299819599460e+00
     vertex 5.490046431964e+00 -1.460302423769e+00 4.772911564174e+00
     vertex 5.760372069591e+00 -1.349604372831e+00 5.347114605443e+00
   endloop
 endfacet
 facet normal 7.429965819840e-01 -6.646978228830e-01 7.831272830602e-02
   outer loop
     vertex 6.605435023342e+00 -6.674806658002e-01 7.314247960567e+00
     vertex 6.797857832952e+00 -6.674806658002e-01 5.488625320054e+00
     vertex 6.829163483347e+00 -4.154314031993e-01 7.330938925914e+00
   endloop
 endfacet
 facet normal 6.655242440646e-01 -7.430725884897e-01 7.014705123855e-02
   outer loop
     vertex 6.605435023342e+00 -6.674806658002e-01 7.314247960567e+00
     vertex 6.558087196192e+00 -8.853157408694e-01 5.455921146803e+00
     vertex 6.797857832952e+00 -6.674806658002e-01 5.488625320054e+00
   endloop
 endfacet
 facet normal 1.796950552082e-01 -9.833770886945e-01 2.606124640871e-02
   outer loop
     vertex 5.048080306282e+00 -1.528421420284e+00 5.249959617879e+00
     vertex 5.125394467296e+00 -1.528421420284e+00 4.716870286163e+00
     vertex 5.490046431964e+00 -1.460302423769e+00 4.772911564174e+00
   endloop
 endfacet
 facet normal 1.796950552082e-01 -9.833770886945e-01 2.606124640871e-02
   outer loop
     vertex 5.048080306282e+00 -1.528421420284e+00 5.249959617879e+00
     vertex 5.490046431964e+00 -1.460302423769e+00 4.772911564174e+00
     vertex 5.413628746867e+00 -1.460302423769e+00 5.299819599460e+00
   endloop
 endfacet
 facet normal 5.935143773626e-02 -9.982000366936e-01 8.607762978031e-03
   outer loop
     vertex 5.048080306282e+00 -1.528421420284e+00 5.249959617879e+00
     vertex 4.692201660811e+00 -1.550000000000e+00 5.201418574509e+00
     vertex 5.125394467296e+00 -1.528421420284e+00 4.716870286163e+00
   endloop
 endfacet
 facet normal 6.655242440646e-01 -7.430725884897e-01 7.014705123856e-02
   outer loop
     vertex 6.364114904104e+00 -8.853157408694e-01 7.296244592790e+00
     vertex 6.558087196192e+00 -8.853157408694e-01 5.455921146803e+00
     vertex 6.605435023342e+00 -6.674806658002e-01 7.314247960567e+00
   endloop
 endfacet
 facet normal 9.850912999861e-01 -1.668946428545e-01 -4.172899325737e-02
   outer loop
     vertex 7.379008509829e+00 1.120260079665e+00 9.653926580795e+00
     vertex 7.475373102740e+00 1.120315748731e+00 1.192857123011e+01
     vertex 7.420316754339e+00 7.947523899386e-01 1.193094968848e+01
   endloop
 endfacet
 facet normal 9.978590059165e-01 -5.499833285710e-02 3.539191566331e-02
   outer loop
     vertex 7.379008509829e+00 1.120260079665e+00 9.653926580795e+00
     vertex 7.477857483743e+00 1.450000000000e+00 7.379333882377e+00
     vertex 7.397184861164e+00 1.450000000000e+00 9.653861877322e+00
   endloop
 endfacet
 facet normal 9.857840873556e-01 -1.643389080469e-01 3.496364423738e-02
   outer loop
     vertex 7.379008509829e+00 1.120260079665e+00 9.653926580795e+00
     vertex 7.405562993249e+00 7.944721244132e-01 7.373940447694e+00
     vertex 7.459731389528e+00 1.120260079665e+00 7.377981609133e+00
   endloop
 endfacet
 facet normal 9.975916551493e-01 -5.499883316552e-02 -4.226130531420e-02
   outer loop
     vertex 7.379008509829e+00 1.120260079665e+00 9.653926580795e+00
     vertex 7.397184861164e+00 1.450000000000e+00 9.653861877322e+00
     vertex 7.475373102740e+00 1.120315748731e+00 1.192857123011e+01
   endloop
 endfacet
 facet normal 9.978590059165e-01 -5.499833285711e-02 3.539191566331e-02
   outer loop
     vertex 7.379008509829e+00 1.120260079665e+00 9.653926580795e+00
     vertex 7.459731389528e+00 1.120260079665e+00 7.377981609133e+00
     vertex 7.477857483743e+00 1.450000000000e+00 7.379333882377e+00
   endloop
 endfacet
 facet normal 5.838150680767e-01 -8.095513781666e-01 6.153480637174e-02
   outer loop
     vertex 6.115042626890e+00 -1.066348809540e+00 7.277662885537e+00
     vertex 6.310614176969e+00 -1.066348809540e+00 5.422166385982e+00
     vertex 6.558087196192e+00 -8.853157408694e-01 5.455921146803e+00
   endloop
 endfacet
 facet normal 4.986941155626e-01 -8.651828215707e-01 5.256295617886e-02
   outer loop
     vertex 6.115042626890e+00 -1.066348809540e+00 7.277662885537e+00
     vertex 6.050058705013e+00 -1.218692940286e+00 5.386627208160e+00
     vertex 6.310614176969e+00 -1.066348809540e+00 5.422166385982e+00
   endloop
 endfacet
 facet normal 5.838150680767e-01 -8.095513781666e-01 6.153480637174e-02
   outer loop
     vertex 6.115042626890e+00 -1.066348809540e+00 7.277662885537e+00
     vertex 6.558087196192e+00 -8.853157408694e-01 5.455921146803e+00
     vertex 6.364114904104e+00 -8.853157408694e-01 7.296244592790e+00
   endloop
 endfacet
 facet normal 9.855352878963e-01 -1.643427325115e-01 -4.137224409825e-02
   outer loop
     vertex 7.324689924126e+00 7.944721244132e-01 9.654119941999e+00
     vertex 7.379008509829e+00 1.120260079665e+00 9.653926580795e+00
     vertex 7.420316754339e+00 7.947523899386e-01 1.193094968848e+01
   endloop
 endfacet
 facet normal 9.608427020833e-01 -2.741449748408e-01 -4.032163963479e-02
   outer loop
     vertex 7.324689924126e+00 7.944721244132e-01 9.654119941999e+00
     vertex 7.420316754339e+00 7.947523899386e-01 1.193094968848e+01
     vertex 7.327763995465e+00 4.697843656902e-01 1.193491053708e+01
   endloop
 endfacet
 facet normal 9.857840873556e-01 -1.643389080469e-01 3.496364423737e-02
   outer loop
     vertex 7.324689924126e+00 7.944721244132e-01 9.654119941999e+00
     vertex 7.405562993249e+00 7.944721244132e-01 7.373940447694e+00
     vertex 7.379008509829e+00 1.120260079665e+00 9.653926580795e+00
   endloop
 endfacet
 facet normal 4.986941155626e-01 -8.651828215707e-01 5.256295617886e-02
   outer loop
     vertex 5.852803353515e+00 -1.218692940286e+00 7.258098871981e+00
     vertex 6.050058705013e+00 -1.218692940286e+00 5.386627208160e+00
     vertex 6.115042626890e+00 -1.066348809540e+00 7.277662885537e+00
   endloop
 endfacet
 facet normal 4.065713860505e-01 -9.126134554022e-01 4.285311031681e-02
   outer loop
     vertex 5.852803353515e+00 -1.218692940286e+00 7.258098871981e+00
     vertex 5.760372069591e+00 -1.349604372831e+00 5.347114605443e+00
     vertex 6.050058705013e+00 -1.218692940286e+00 5.386627208160e+00
   endloop
 endfacet
 facet normal 9.611873553061e-01 -2.729589409551e-01 -4.015326328479e-02
   outer loop
     vertex 7.232352893326e+00 4.692716220566e-01 9.654448639795e+00
     vertex 7.324689924126e+00 7.944721244132e-01 9.654119941999e+00
     vertex 7.327763995465e+00 4.697843656902e-01 1.193491053708e+01
   endloop
 endfacet
 facet normal 9.247369013680e-01 -3.786441050066e-01 -3.860446855029e-02
   outer loop
     vertex 7.232352893326e+00 4.692716220566e-01 9.654448639795e+00
     vertex 7.327763995465e+00 4.697843656902e-01 1.193491053708e+01
     vertex 7.199957992897e+00 1.570999047092e-01 1.194032962701e+01
   endloop
 endfacet
 facet normal 9.614234295191e-01 -2.729509201540e-01 3.409962402756e-02
   outer loop
     vertex 7.232352893326e+00 4.692716220566e-01 9.654448639795e+00
     vertex 7.405562993249e+00 7.944721244132e-01 7.373940447694e+00
     vertex 7.324689924126e+00 7.944721244132e-01 9.654119941999e+00
   endloop
 endfacet
 facet normal 9.614234295191e-01 -2.729509201540e-01 3.409962402757e-02
   outer loop
     vertex 7.232352893326e+00 4.692716220566e-01 9.654448639795e+00
     vertex 7.313481271845e+00 4.692716220566e-01 7.367070812866e+00
     vertex 7.405562993249e+00 7.944721244132e-01 7.373940447694e+00
   endloop
 endfacet
 facet normal 4.065713860505e-01 -9.126134554022e-01 4.285311031681e-02
   outer loop
     vertex 5.561244660815e+00 -1.349604372831e+00 7.236347521990e+00
     vertex 5.760372069591e+00 -1.349604372831e+00 5.347114605443e+00
     vertex 5.852803353515e+00 -1.218692940286e+00 7.258098871981e+00
   endloop
 endfacet
 facet normal 9.244295460356e-01 -3.793831435060e-01 -3.870975122437e-02
   outer loop
     vertex 7.104059232867e+00 1.566163792762e-01 9.654905334614e+00
     vertex 7.232352893326e+00 4.692716220566e-01 9.654448639795e+00
     vertex 7.199957992897e+00 1.570999047092e-01 1.194032962701e+01
   endloop
 endfacet
 facet normal 8.767786641180e-01 -4.794925283545e-01 -3.668909101731e-02
   outer loop
     vertex 7.104059232867e+00 1.566163792762e-01 9.654905334614e+00
     vertex 7.199957992897e+00 1.570999047092e-01 1.194032962701e+01
     vertex 7.038071372492e+00 -1.394412126795e-01 1.194715768825e+01
   endloop
 endfacet
 facet normal 9.246619678739e-01 -3.793740665611e-01 3.279577394204e-02
   outer loop
     vertex 7.104059232867e+00 1.566163792762e-01 9.654905334614e+00
     vertex 7.313481271845e+00 4.692716220566e-01 7.367070812866e+00
     vertex 7.232352893326e+00 4.692716220566e-01 9.654448639795e+00
   endloop
 endfacet
 facet normal 9.246619678739e-01 -3.793740665611e-01 3.279577394204e-02
   outer loop
     vertex 7.104059232867e+00 1.566163792762e-01 9.654905334614e+00
     vertex 7.185542339894e+00 1.566163792762e-01 7.357526098350e+00
     vertex 7.313481271845e+00 4.692716220566e-01 7.367070812866e+00
   endloop
 endfacet
 facet normal 3.000586632764e-01 -9.533963291500e-01 3.162654195566e-02
   outer loop
     vertex 5.212260560362e+00 -1.460302423769e+00 7.210312025536e+00
     vertex 5.760372069591e+00 -1.349604372831e+00 5.347114605443e+00
     vertex 5.561244660815e+00 -1.349604372831e+00 7.236347521990e+00
   endloop
 endfacet
 facet normal 3.000586632764e-01 -9.533963291500e-01 3.162654195566e-02
   outer loop
     vertex 5.212260560362e+00 -1.460302423769e+00 7.210312025536e+00
     vertex 5.413628746867e+00 -1.460302423769e+00 5.299819599460e+00
     vertex 5.760372069591e+00 -1.349604372831e+00 5.347114605443e+00
   endloop
 endfacet
 facet normal 8.759494118486e-01 -4.809891432225e-01 -3.690625941767e-02
   outer loop
     vertex 6.941420577201e+00 -1.396160904973e-01 9.655484289420e+00
     vertex 7.104059232867e+00 1.566163792762e-01 9.654905334614e+00
     vertex 7.038071372492e+00 -1.394412126795e-01 1.194715768825e+01
   endloop
 endfacet
 facet normal 8.162436731119e-01 -5.766838138099e-01 -3.438088123314e-02
   outer loop
     vertex 6.941420577201e+00 -1.396160904973e-01 9.655484289420e+00
     vertex 7.038071372492e+00 -1.394412126795e-01 1.194715768825e+01
     vertex 6.843504811565e+00 -4.153195024876e-01 1.195532559869e+01
   endloop
 endfacet
 facet normal 8.761792762541e-01 -4.809824797667e-01 3.107619700505e-02
   outer loop
     vertex 6.941420577201e+00 -1.396160904973e-01 9.655484289420e+00
     vertex 7.185542339894e+00 1.566163792762e-01 7.357526098350e+00
     vertex 7.104059232867e+00 1.566163792762e-01 9.654905334614e+00
   endloop
 endfacet
 facet normal 8.761792762541e-01 -4.809824797667e-01 3.107619700505e-02
   outer loop
     vertex 6.941420577201e+00 -1.396160904973e-01 9.655484289420e+00
     vertex 7.023353375719e+00 -1.396160904973e-01 7.345426205558e+00
     vertex 7.185542339894e+00 1.566163792762e-01 7.357526098350e+00
   endloop
 endfacet
 facet normal 1.694268937838e-01 -9.744603063676e-01 1.473826277983e-01
   outer loop
     vertex 4.844349816739e+00 -1.528421420284e+00 7.182864531943e+00
     vertex 5.212260560362e+00 -1.460302423769e+00 7.210312025536e+00
     vertex 4.463803811373e+00 -1.550000000000e+00 7.477656793954e+00
   endloop
 endfacet
 facet normal 6.136625245728e-02 -9.980963221772e-01 6.157492642713e-03
   outer loop
     vertex 4.844349816739e+00 -1.528421420284e+00 7.182864531943e+00
     vertex 4.463803811373e+00 -1.550000000000e+00 7.477656793954e+00
     vertex 4.692201660811e+00 -1.550000000000e+00 5.201418574509e+00
   endloop
 endfacet
 facet normal 1.806500338732e-01 -9.833631149669e-01 1.904072961333e-02
   outer loop
     vertex 4.844349816739e+00 -1.528421420284e+00 7.182864531943e+00
     vertex 5.048080306282e+00 -1.528421420284e+00 5.249959617879e+00
     vertex 5.413628746867e+00 -1.460302423769e+00 5.299819599460e+00
   endloop
 endfacet
 facet normal 5.966761279298e-02 -9.981984892735e-01 6.289037746107e-03
   outer loop
     vertex 4.844349816739e+00 -1.528421420284e+00 7.182864531943e+00
     vertex 4.692201660811e+00 -1.550000000000e+00 5.201418574509e+00
     vertex 5.048080306282e+00 -1.528421420284e+00 5.249959617879e+00
   endloop
 endfacet
 facet normal 1.806500338732e-01 -9.833631149669e-01 1.904072961333e-02
   outer loop
     vertex 4.844349816739e+00 -1.528421420284e+00 7.182864531943e+00
     vertex 5.413628746867e+00 -1.460302423769e+00 5.299819599460e+00
     vertex 5.212260560362e+00 -1.460302423769e+00 7.210312025536e+00
   endloop
 endfacet
 facet normal 8.166103879063e-01 -5.764621365443e-01 2.896341648189e-02
   outer loop
     vertex 6.746692266306e+00 -4.154314031993e-01 9.656177475741e+00
     vertex 6.829163483347e+00 -4.154314031993e-01 7.330938925914e+00
     vertex 7.023353375719e+00 -1.396160904973e-01 7.345426205558e+00
   endloop
 endfacet
 facet normal 7.431734825222e-01 -6.683681045875e-01 -3.126102438900e-02
   outer loop
     vertex 6.746692266306e+00 -4.154314031993e-01 9.656177475741e+00
     vertex 6.843504811565e+00 -4.153195024876e-01 1.195532559869e+01
     vertex 6.618161502669e+00 -6.663241636560e-01 1.196474109284e+01
   endloop
 endfacet
 facet normal 8.163960797285e-01 -5.764699506920e-01 -3.434875475486e-02
   outer loop
     vertex 6.746692266306e+00 -4.154314031993e-01 9.656177475741e+00
     vertex 6.941420577201e+00 -1.396160904973e-01 9.655484289420e+00
     vertex 6.843504811565e+00 -4.153195024876e-01 1.195532559869e+01
   endloop
 endfacet
 facet normal 8.166103879063e-01 -5.764621365443e-01 2.896341648189e-02
   outer loop
     vertex 6.746692266306e+00 -4.154314031993e-01 9.656177475741e+00
     vertex 7.023353375719e+00 -1.396160904973e-01 7.345426205558e+00
     vertex 6.941420577201e+00 -1.396160904973e-01 9.655484289420e+00
   endloop
 endfacet
 facet normal 6.619633831997e-01 -7.490457720752e-01 -2.710923531098e-02
   outer loop
     vertex 6.522343487987e+00 -6.674806658002e-01 9.656976103859e+00
     vertex 6.618161502669e+00 -6.663241636560e-01 1.196474109284e+01
     vertex 6.365795482041e+00 -8.897296061942e-01 1.197521122854e+01
   endloop
 endfacet
 facet normal 7.467399842208e-01 -6.645885394678e-01 2.648526333607e-02
   outer loop
     vertex 6.522343487987e+00 -6.674806658002e-01 9.656976103859e+00
     vertex 6.605435023342e+00 -6.674806658002e-01 7.314247960567e+00
     vertex 6.829163483347e+00 -4.154314031993e-01 7.330938925914e+00
   endloop
 endfacet
 facet normal 7.467399842208e-01 -6.645885394678e-01 2.648526333607e-02
   outer loop
     vertex 6.522343487987e+00 -6.674806658002e-01 9.656976103859e+00
     vertex 6.829163483347e+00 -4.154314031993e-01 7.330938925914e+00
     vertex 6.746692266306e+00 -4.154314031993e-01 9.656177475741e+00
   endloop
 endfacet
 facet normal 7.465608254402e-01 -6.646101502093e-01 -3.066402055971e-02
   outer loop
     vertex 6.522343487987e+00 -6.674806658002e-01 9.656976103859e+00
     vertex 6.746692266306e+00 -4.154314031993e-01 9.656177475741e+00
     vertex 6.618161502669e+00 -6.663241636560e-01 1.196474109284e+01
   endloop
 endfacet
 facet normal 5.749368751477e-01 -8.178812692012e-01 -2.275563853926e-02
   outer loop
     vertex 6.280354275109e+00 -8.853157408694e-01 9.657837527714e+00
     vertex 6.365795482041e+00 -8.897296061942e-01 1.197521122854e+01
     vertex 6.090402673554e+00 -1.083634195439e+00 1.198652494341e+01
   endloop
 endfacet
 facet normal 6.688990582572e-01 -7.429745635591e-01 2.372441288473e-02
   outer loop
     vertex 6.280354275109e+00 -8.853157408694e-01 9.657837527714e+00
     vertex 6.364114904104e+00 -8.853157408694e-01 7.296244592790e+00
     vertex 6.605435023342e+00 -6.674806658002e-01 7.314247960567e+00
   endloop
 endfacet
 facet normal 6.688990582572e-01 -7.429745635591e-01 2.372441288473e-02
   outer loop
     vertex 6.280354275109e+00 -8.853157408694e-01 9.657837527714e+00
     vertex 6.605435023342e+00 -6.674806658002e-01 7.314247960567e+00
     vertex 6.522343487987e+00 -6.674806658002e-01 9.656976103859e+00
   endloop
 endfacet
 facet normal 6.687620152460e-01 -7.430192450908e-01 -2.607236829910e-02
   outer loop
     vertex 6.280354275109e+00 -8.853157408694e-01 9.657837527714e+00
     vertex 6.522343487987e+00 -6.674806658002e-01 9.656976103859e+00
     vertex 6.365795482041e+00 -8.897296061942e-01 1.197521122854e+01
   endloop
 endfacet
 facet normal 5.866922379482e-01 -8.095354216372e-01 -2.108599170063e-02
   outer loop
     vertex 6.030591410317e+00 -1.066348809540e+00 9.658726623915e+00
     vertex 6.280354275109e+00 -8.853157408694e-01 9.657837527714e+00
     vertex 6.090402673554e+00 -1.083634195439e+00 1.198652494341e+01
   endloop
 endfacet
 facet normal 5.867933821926e-01 -8.094691932037e-01 2.081230090746e-02
   outer loop
     vertex 6.030591410317e+00 -1.066348809540e+00 9.658726623915e+00
     vertex 6.115042626890e+00 -1.066348809540e+00 7.277662885537e+00
     vertex 6.364114904104e+00 -8.853157408694e-01 7.296244592790e+00
   endloop
 endfacet
 facet normal 5.012519442489e-01 -8.651187313745e-01 1.777832983592e-02
   outer loop
     vertex 6.030591410317e+00 -1.066348809540e+00 9.658726623915e+00
     vertex 5.852803353515e+00 -1.218692940286e+00 7.258098871981e+00
     vertex 6.115042626890e+00 -1.066348809540e+00 7.277662885537e+00
   endloop
 endfacet
 facet normal 5.867933821926e-01 -8.094691932037e-01 2.081230090746e-02
   outer loop
     vertex 6.030591410317e+00 -1.066348809540e+00 9.658726623915e+00
     vertex 6.364114904104e+00 -8.853157408694e-01 7.296244592790e+00
     vertex 6.280354275109e+00 -8.853157408694e-01 9.657837527714e+00
   endloop
 endfacet
 facet normal 4.827979519204e-01 -8.755828237732e-01 -1.615104748398e-02
   outer loop
     vertex 5.767625042034e+00 -1.218692940286e+00 9.659662721438e+00
     vertex 6.090402673554e+00 -1.083634195439e+00 1.198652494341e+01
     vertex 5.795675048401e+00 -1.246368446746e+00 1.199850072919e+01
   endloop
 endfacet
 facet normal 5.011389682263e-01 -8.651515566123e-01 -1.930074134364e-02
   outer loop
     vertex 5.767625042034e+00 -1.218692940286e+00 9.659662721438e+00
     vertex 6.030591410317e+00 -1.066348809540e+00 9.658726623915e+00
     vertex 6.090402673554e+00 -1.083634195439e+00 1.198652494341e+01
   endloop
 endfacet
 facet normal 5.012519442489e-01 -8.651187313745e-01 1.777832983592e-02
   outer loop
     vertex 5.767625042034e+00 -1.218692940286e+00 9.659662721438e+00
     vertex 5.852803353515e+00 -1.218692940286e+00 7.258098871981e+00
     vertex 6.030591410317e+00 -1.066348809540e+00 9.658726623915e+00
   endloop
 endfacet
 facet normal 3.853897808389e-01 -9.226748486437e-01 -1.207644423553e-02
   outer loop
     vertex 5.475257962252e+00 -1.349604372831e+00 9.660703478478e+00
     vertex 5.795675048401e+00 -1.246368446746e+00 1.199850072919e+01
     vertex 5.485141931195e+00 -1.376237475783e+00 1.201097101631e+01
   endloop
 endfacet
 facet normal 4.086668635339e-01 -9.125685196624e-01 1.449453588415e-02
   outer loop
     vertex 5.475257962252e+00 -1.349604372831e+00 9.660703478478e+00
     vertex 5.561244660815e+00 -1.349604372831e+00 7.236347521990e+00
     vertex 5.852803353515e+00 -1.218692940286e+00 7.258098871981e+00
   endloop
 endfacet
 facet normal 4.085699025432e-01 -9.125920139722e-01 -1.569875058624e-02
   outer loop
     vertex 5.475257962252e+00 -1.349604372831e+00 9.660703478478e+00
     vertex 5.767625042034e+00 -1.218692940286e+00 9.659662721438e+00
     vertex 5.795675048401e+00 -1.246368446746e+00 1.199850072919e+01
   endloop
 endfacet
 facet normal 4.086668635339e-01 -9.125685196624e-01 1.449453588415e-02
   outer loop
     vertex 5.475257962252e+00 -1.349604372831e+00 9.660703478478e+00
     vertex 5.852803353515e+00 -1.218692940286e+00 7.258098871981e+00
     vertex 5.767625042034e+00 -1.218692940286e+00 9.659662721438e+00
   endloop
 endfacet
 facet normal 1.736672758955e-01 -9.847768382040e-01 -7.365882154313e-03
   outer loop
     vertex 5.125306254776e+00 -1.460302423769e+00 9.661949223053e+00
     vertex 5.162138766352e+00 -1.471473084125e+00 1.202381290373e+01
     vertex 4.830530126409e+00 -1.530050602328e+00 1.203687501916e+01
   endloop
 endfacet
 facet normal 2.824692688765e-01 -9.592346721039e-01 -8.941810449436e-03
   outer loop
     vertex 5.125306254776e+00 -1.460302423769e+00 9.661949223053e+00
     vertex 5.485141931195e+00 -1.376237475783e+00 1.201097101631e+01
     vertex 5.162138766352e+00 -1.471473084125e+00 1.202381290373e+01
   endloop
 endfacet
 facet normal 1.204956183449e-01 -9.927046596397e-01 4.273720773150e-03
   outer loop
     vertex 5.125306254776e+00 -1.460302423769e+00 9.661949223053e+00
     vertex 4.463803811373e+00 -1.550000000000e+00 7.477656793954e+00
     vertex 5.212260560362e+00 -1.460302423769e+00 7.210312025536e+00
   endloop
 endfacet
 facet normal 3.015335345009e-01 -9.533791485695e-01 -1.207172913254e-02
   outer loop
     vertex 5.125306254776e+00 -1.460302423769e+00 9.661949223053e+00
     vertex 5.475257962252e+00 -1.349604372831e+00 9.660703478478e+00
     vertex 5.485141931195e+00 -1.376237475783e+00 1.201097101631e+01
   endloop
 endfacet
 facet normal 3.016119338278e-01 -9.533707590852e-01 1.069752746810e-02
   outer loop
     vertex 5.125306254776e+00 -1.460302423769e+00 9.661949223053e+00
     vertex 5.212260560362e+00 -1.460302423769e+00 7.210312025536e+00
     vertex 5.561244660815e+00 -1.349604372831e+00 7.236347521990e+00
   endloop
 endfacet
 facet normal 3.016119338278e-01 -9.533707590852e-01 1.069752746810e-02
   outer loop
     vertex 5.125306254776e+00 -1.460302423769e+00 9.661949223053e+00
     vertex 5.561244660815e+00 -1.349604372831e+00 7.236347521990e+00
     vertex 5.475257962252e+00 -1.349604372831e+00 9.660703478478e+00
   endloop
 endfacet
 facet normal 6.054705343620e-02 -9.981638102754e-01 1.749907598028e-03
   outer loop
     vertex 4.756375427377e+00 -1.528421420284e+00 9.663262528765e+00
     vertex 4.397714102285e+00 -1.550000000000e+00 9.764370190872e+00
     vertex 4.463803811373e+00 -1.550000000000e+00 7.477656793954e+00
   endloop
 endfacet
 facet normal 5.934222434613e-02 -9.982344681701e-01 -2.539087775137e-03
   outer loop
     vertex 4.756375427377e+00 -1.528421420284e+00 9.663262528765e+00
     vertex 4.830530126409e+00 -1.530050602328e+00 1.203687501916e+01
     vertex 4.397714102285e+00 -1.550000000000e+00 9.764370190872e+00
   endloop
 endfacet
 facet normal 1.815003387246e-01 -9.832826715278e-01 -1.458817726686e-02
   outer loop
     vertex 4.756375427377e+00 -1.528421420284e+00 9.663262528765e+00
     vertex 4.463803811373e+00 -1.550000000000e+00 7.477656793954e+00
     vertex 5.125306254776e+00 -1.460302423769e+00 9.661949223053e+00
   endloop
 endfacet
 facet normal 1.815443742369e-01 -9.833622732479e-01 -6.346631832911e-03
   outer loop
     vertex 4.756375427377e+00 -1.528421420284e+00 9.663262528765e+00
     vertex 5.125306254776e+00 -1.460302423769e+00 9.661949223053e+00
     vertex 4.830530126409e+00 -1.530050602328e+00 1.203687501916e+01
   endloop
 endfacet
 facet normal 4.988747396559e-01 -7.071067811865e-01 -5.011227336025e-01
   outer loop
     vertex -5.291365670604e-01 0.000000000000e+00 5.315209247053e-01
     vertex 1.430614587230e-03 3.000000000000e-01 6.363944950593e-01
     vertex 2.384357645390e-03 -5.551115123126e-17 1.060657491765e+00
   endloop
 endfacet
 facet normal 4.988747396559e-01 -7.071067811865e-01 -5.011227336025e-01
   outer loop
     vertex -3.174819402364e-01 3.000000000000e-01 3.189125548230e-01
     vertex 1.430614587230e-03 3.000000000000e-01 6.363944950593e-01
     vertex -5.291365670604e-01 0.000000000000e+00 5.315209247053e-01
   endloop
 endfacet
 facet normal 5.591717800166e-01 -7.043759982656e-01 -4.372429227562e-01
   outer loop
     vertex -4.718455880991e-01 2.000000000000e-01 2.825981970774e-01
     vertex -3.174819402364e-01 3.000000000000e-01 3.189125548230e-01
     vertex -5.291365670604e-01 0.000000000000e+00 5.315209247053e-01
   endloop
 endfacet
 facet normal 6.285789777850e-01 -7.064263769144e-01 -3.253463426664e-01
   outer loop
     vertex -4.718455880991e-01 2.000000000000e-01 2.825981970774e-01
     vertex -4.116906017325e-01 3.000000000000e-01 1.816888781548e-01
     vertex -3.860554811721e-01 3.000000000000e-01 2.312167066995e-01
   endloop
 endfacet
 facet normal 5.835089104478e-01 -7.064263769145e-01 -4.005984590928e-01
   outer loop
     vertex -4.718455880991e-01 2.000000000000e-01 2.825981970774e-01
     vertex -3.860554811721e-01 3.000000000000e-01 2.312167066995e-01
     vertex -3.544909960423e-01 3.000000000000e-01 2.771933147191e-01
   endloop
 endfacet
 facet normal 5.522429223710e-01 -6.745606020016e-01 -4.898936097955e-01
   outer loop
     vertex -4.718455880991e-01 2.000000000000e-01 2.825981970774e-01
     vertex -3.544909960423e-01 3.000000000000e-01 2.771933147191e-01
     vertex -3.174819402364e-01 3.000000000000e-01 3.189125548230e-01
   endloop
 endfacet
 facet normal 5.037808580451e-01 -7.392445796933e-01 -4.469030078904e-01
   outer loop
     vertex -5.576356950263e-01 1.000000000000e-01 3.339796874551e-01
     vertex -5.291365670604e-01 0.000000000000e+00 5.315209247053e-01
     vertex -5.908183267369e-01 1.387778780781e-17 4.619888578654e-01
   endloop
 endfacet
 facet normal 5.835089104477e-01 -7.064263769144e-01 -4.005984590931e-01
   outer loop
     vertex -5.576356950263e-01 1.000000000000e-01 3.339796874551e-01
     vertex -5.908183267369e-01 1.387778780781e-17 4.619888578654e-01
     vertex -6.434258019534e-01 4.163336342344e-17 3.853611778328e-01
   endloop
 endfacet
 facet normal 6.285789777848e-01 -7.064263769144e-01 -3.253463426666e-01
   outer loop
     vertex -5.576356950263e-01 1.000000000000e-01 3.339796874551e-01
     vertex -6.434258019534e-01 4.163336342344e-17 3.853611778328e-01
     vertex -6.861510028873e-01 2.775557561563e-17 3.028147969250e-01
   endloop
 endfacet
 facet normal 5.591717800166e-01 -7.043759982656e-01 -4.372429227562e-01
   outer loop
     vertex -5.576356950263e-01 1.000000000000e-01 3.339796874551e-01
     vertex -4.718455880991e-01 2.000000000000e-01 2.825981970774e-01
     vertex -5.291365670604e-01 0.000000000000e+00 5.315209247053e-01
   endloop
 endfacet
 facet normal 6.607120591420e-01 -6.916906983488e-01 -2.915879845297e-01
   outer loop
     vertex -5.267809946603e-01 2.000000000000e-01 1.581195233510e-01
     vertex -4.116906017325e-01 3.000000000000e-01 1.816888781548e-01
     vertex -4.718455880991e-01 2.000000000000e-01 2.825981970774e-01
   endloop
 endfacet
 facet normal 6.892124336476e-01 -7.064263769144e-01 -1.610838145352e-01
   outer loop
     vertex -5.267809946603e-01 2.000000000000e-01 1.581195233510e-01
     vertex -4.436949615661e-01 3.000000000000e-01 7.506517888390e-02
     vertex -4.310026319948e-01 3.000000000000e-01 1.293705191052e-01
   endloop
 endfacet
 facet normal 6.639948008443e-01 -7.064263769145e-01 -2.450972836472e-01
   outer loop
     vertex -5.267809946603e-01 2.000000000000e-01 1.581195233510e-01
     vertex -4.310026319948e-01 3.000000000000e-01 1.293705191052e-01
     vertex -4.116906017325e-01 3.000000000000e-01 1.816888781548e-01
   endloop
 endfacet
 facet normal 6.639948008442e-01 -7.064263769144e-01 -2.450972836475e-01
   outer loop
     vertex -6.225593573258e-01 1.000000000000e-01 1.868685275966e-01
     vertex -6.861510028873e-01 2.775557561563e-17 3.028147969250e-01
     vertex -7.183377199913e-01 2.775557561563e-17 2.156175318423e-01
   endloop
 endfacet
 facet normal 6.892124336475e-01 -7.064263769144e-01 -1.610838145354e-01
   outer loop
     vertex -6.225593573258e-01 1.000000000000e-01 1.868685275966e-01
     vertex -7.183377199913e-01 2.775557561563e-17 2.156175318423e-01
     vertex -7.394916026101e-01 4.163336342344e-17 1.251086314735e-01
   endloop
 endfacet
 facet normal 6.309698466388e-01 -7.241104519094e-01 -2.784620370322e-01
   outer loop
     vertex -6.225593573258e-01 1.000000000000e-01 1.868685275966e-01
     vertex -5.576356950263e-01 1.000000000000e-01 3.339796874551e-01
     vertex -6.861510028873e-01 2.775557561563e-17 3.028147969250e-01
   endloop
 endfacet
 facet normal 6.493980641455e-01 -7.043759982656e-01 -2.865948487872e-01
   outer loop
     vertex -6.225593573258e-01 1.000000000000e-01 1.868685275966e-01
     vertex -4.718455880991e-01 2.000000000000e-01 2.825981970774e-01
     vertex -5.576356950263e-01 1.000000000000e-01 3.339796874551e-01
   endloop
 endfacet
 facet normal 6.493980641455e-01 -7.043759982656e-01 -2.865948487872e-01
   outer loop
     vertex -6.225593573258e-01 1.000000000000e-01 1.868685275966e-01
     vertex -5.267809946603e-01 2.000000000000e-01 1.581195233510e-01
     vertex -4.718455880991e-01 2.000000000000e-01 2.825981970774e-01
   endloop
 endfacet
 facet normal 7.120750642683e-01 -6.916906983488e-01 -1.204702480495e-01
   outer loop
     vertex -5.494776845317e-01 2.000000000000e-01 2.396401889597e-02
     vertex -4.436949615661e-01 3.000000000000e-01 7.506517888390e-02
     vertex -5.267809946603e-01 2.000000000000e-01 1.581195233510e-01
   endloop
 endfacet
 facet normal 7.076664551483e-01 -7.064263769144e-01 1.303695736857e-02
   outer loop
     vertex -5.494776845317e-01 2.000000000000e-01 2.396401889597e-02
     vertex -4.485454257437e-01 3.000000000000e-01 -3.615246940913e-02
     vertex -4.495726509805e-01 3.000000000000e-01 1.960692455108e-02
   endloop
 endfacet
 facet normal 7.038445625938e-01 -7.064263769145e-01 -7.459628480435e-02
   outer loop
     vertex -5.494776845317e-01 2.000000000000e-01 2.396401889597e-02
     vertex -4.495726509805e-01 3.000000000000e-01 1.960692455108e-02
     vertex -4.436949615661e-01 3.000000000000e-01 7.506517888390e-02
   endloop
 endfacet
 facet normal 7.038445625938e-01 -7.064263769144e-01 -7.459628480463e-02
   outer loop
     vertex -6.493827180830e-01 1.000000000000e-01 2.832111324069e-02
     vertex -7.394916026101e-01 4.163336342344e-17 1.251086314735e-01
     vertex -7.492877516342e-01 6.938893903907e-17 3.267820758541e-02
   endloop
 endfacet
 facet normal 7.076664551483e-01 -7.064263769144e-01 1.303695736831e-02
   outer loop
     vertex -6.493827180830e-01 1.000000000000e-01 2.832111324069e-02
     vertex -7.492877516342e-01 6.938893903907e-17 3.267820758541e-02
     vertex -7.475757095729e-01 6.938893903907e-17 -6.025411568161e-02
   endloop
 endfacet
 facet normal 6.998815321497e-01 -7.043759982656e-01 -1.184073225061e-01
   outer loop
     vertex -6.493827180830e-01 1.000000000000e-01 2.832111324069e-02
     vertex -5.494776845317e-01 2.000000000000e-01 2.396401889597e-02
     vertex -5.267809946603e-01 2.000000000000e-01 1.581195233510e-01
   endloop
 endfacet
 facet normal 6.998815321497e-01 -7.043759982656e-01 -1.184073225061e-01
   outer loop
     vertex -6.493827180830e-01 1.000000000000e-01 2.832111324069e-02
     vertex -5.267809946603e-01 2.000000000000e-01 1.581195233510e-01
     vertex -6.225593573258e-01 1.000000000000e-01 1.868685275966e-01
   endloop
 endfacet
 facet normal 6.800207259424e-01 -7.241104519094e-01 -1.150472325797e-01
   outer loop
     vertex -6.493827180830e-01 1.000000000000e-01 2.832111324069e-02
     vertex -6.225593573258e-01 1.000000000000e-01 1.868685275966e-01
     vertex -7.394916026101e-01 4.163336342344e-17 1.251086314735e-01
   endloop
 endfacet
 facet normal 6.828116659867e-01 -7.064263769144e-01 1.863598744154e-01
   outer loop
     vertex -5.385466323653e-01 2.000000000000e-01 -1.116580707696e-01
     vertex -4.259451484376e-01 3.000000000000e-01 -1.451576058030e-01
     vertex -4.406290628443e-01 3.000000000000e-01 -9.135660335706e-02
   endloop
 endfacet
 facet normal 7.006194114725e-01 -7.064263769145e-01 1.004699669923e-01
   outer loop
     vertex -5.385466323653e-01 2.000000000000e-01 -1.116580707696e-01
     vertex -4.406290628443e-01 3.000000000000e-01 -9.135660335706e-02
     vertex -4.485454257437e-01 3.000000000000e-01 -3.615246940913e-02
   endloop
 endfacet
 facet normal 7.198594541989e-01 -6.916906983488e-01 5.802020353574e-02
   outer loop
     vertex -5.385466323653e-01 2.000000000000e-01 -1.116580707696e-01
     vertex -4.485454257437e-01 3.000000000000e-01 -3.615246940913e-02
     vertex -5.494776845317e-01 2.000000000000e-01 2.396401889597e-02
   endloop
 endfacet
 facet normal 7.006194114726e-01 -7.064263769144e-01 1.004699669921e-01
   outer loop
     vertex -6.364642018863e-01 1.000000000000e-01 -1.319595381822e-01
     vertex -7.475757095729e-01 6.938893903907e-17 -6.025411568161e-02
     vertex -7.343817714072e-01 4.163336342344e-17 -1.522610055948e-01
   endloop
 endfacet
 facet normal 7.075326226384e-01 -7.043759982656e-01 5.702666893407e-02
   outer loop
     vertex -6.364642018863e-01 1.000000000000e-01 -1.319595381822e-01
     vertex -5.385466323653e-01 2.000000000000e-01 -1.116580707696e-01
     vertex -5.494776845317e-01 2.000000000000e-01 2.396401889597e-02
   endloop
 endfacet
 facet normal 6.828116659867e-01 -7.064263769144e-01 1.863598744152e-01
   outer loop
     vertex -6.364642018863e-01 1.000000000000e-01 -1.319595381822e-01
     vertex -7.343817714072e-01 4.163336342344e-17 -1.522610055948e-01
     vertex -7.099085807294e-01 2.775557561563e-17 -2.419293430048e-01
   endloop
 endfacet
 facet normal 7.075326226384e-01 -7.043759982656e-01 5.702666893407e-02
   outer loop
     vertex -6.364642018863e-01 1.000000000000e-01 -1.319595381822e-01
     vertex -5.494776845317e-01 2.000000000000e-01 2.396401889597e-02
     vertex -6.493827180830e-01 1.000000000000e-01 2.832111324069e-02
   endloop
 endfacet
 facet normal 6.874546985069e-01 -7.241104519094e-01 5.540840131545e-02
   outer loop
     vertex -6.364642018863e-01 1.000000000000e-01 -1.319595381822e-01
     vertex -6.493827180830e-01 1.000000000000e-01 2.832111324069e-02
     vertex -7.475757095729e-01 6.938893903907e-17 -6.025411568161e-02
   endloop
 endfacet
 facet normal 6.161691660396e-01 -7.064263769144e-01 3.482776662689e-01
   outer loop
     vertex -4.946568127396e-01 2.000000000000e-01 -2.404467458925e-01
     vertex -3.772772545982e-01 3.000000000000e-01 -2.452791739281e-01
     vertex -4.047192104232e-01 3.000000000000e-01 -1.967291557304e-01
   endloop
 endfacet
 facet normal 6.545167250136e-01 -7.064263769145e-01 2.693875102469e-01
   outer loop
     vertex -4.946568127396e-01 2.000000000000e-01 -2.404467458925e-01
     vertex -4.047192104232e-01 3.000000000000e-01 -1.967291557304e-01
     vertex -4.259451484376e-01 3.000000000000e-01 -1.451576058030e-01
   endloop
 endfacet
 facet normal 6.835888284103e-01 -6.916906983488e-01 2.329598495243e-01
   outer loop
     vertex -4.946568127396e-01 2.000000000000e-01 -2.404467458925e-01
     vertex -4.259451484376e-01 3.000000000000e-01 -1.451576058030e-01
     vertex -5.385466323653e-01 2.000000000000e-01 -1.116580707696e-01
   endloop
 endfacet
 facet normal 6.718830929431e-01 -7.043759982656e-01 2.289706585667e-01
   outer loop
     vertex -5.845944150559e-01 1.000000000000e-01 -2.841643360548e-01
     vertex -4.946568127396e-01 2.000000000000e-01 -2.404467458925e-01
     vertex -5.385466323653e-01 2.000000000000e-01 -1.116580707696e-01
   endloop
 endfacet
 facet normal 6.545167250137e-01 -7.064263769144e-01 2.693875102467e-01
   outer loop
     vertex -5.845944150559e-01 1.000000000000e-01 -2.841643360548e-01
     vertex -7.099085807294e-01 2.775557561563e-17 -2.419293430048e-01
     vertex -6.745320173722e-01 5.551115123126e-17 -3.278819262171e-01
   endloop
 endfacet
 facet normal 6.161691660397e-01 -7.064263769144e-01 3.482776662687e-01
   outer loop
     vertex -5.845944150559e-01 1.000000000000e-01 -2.841643360548e-01
     vertex -6.745320173722e-01 5.551115123126e-17 -3.278819262171e-01
     vertex -6.287954243305e-01 5.551115123126e-17 -4.087986232132e-01
   endloop
 endfacet
 facet normal 6.528168091652e-01 -7.241104519094e-01 2.224730705207e-01
   outer loop
     vertex -5.845944150559e-01 1.000000000000e-01 -2.841643360548e-01
     vertex -6.364642018863e-01 1.000000000000e-01 -1.319595381822e-01
     vertex -7.099085807294e-01 2.775557561563e-17 -2.419293430048e-01
   endloop
 endfacet
 facet normal 6.718830929431e-01 -7.043759982656e-01 2.289706585667e-01
   outer loop
     vertex -5.845944150559e-01 1.000000000000e-01 -2.841643360548e-01
     vertex -5.385466323653e-01 2.000000000000e-01 -1.116580707696e-01
     vertex -6.364642018863e-01 1.000000000000e-01 -1.319595381822e-01
   endloop
 endfacet
 facet normal 5.118174408581e-01 -7.064263769144e-01 4.888810501881e-01
   outer loop
     vertex -4.204942592716e-01 2.000000000000e-01 -3.545202080554e-01
     vertex -3.055201934432e-01 3.000000000000e-01 -3.303897870674e-01
     vertex -3.440407575858e-01 3.000000000000e-01 -2.900619884090e-01
   endloop
 endfacet
 facet normal 5.683579631073e-01 -7.064263769145e-01 4.218186811558e-01
   outer loop
     vertex -4.204942592716e-01 2.000000000000e-01 -3.545202080554e-01
     vertex -3.440407575858e-01 3.000000000000e-01 -2.900619884090e-01
     vertex -3.772772545982e-01 3.000000000000e-01 -2.452791739281e-01
   endloop
 endfacet
 facet normal 6.054829299094e-01 -6.916906983488e-01 3.936424766284e-01
   outer loop
     vertex -4.204942592716e-01 2.000000000000e-01 -3.545202080554e-01
     vertex -3.772772545982e-01 3.000000000000e-01 -2.452791739281e-01
     vertex -4.946568127396e-01 2.000000000000e-01 -2.404467458925e-01
   endloop
 endfacet
 facet normal 5.951146753200e-01 -7.043759982656e-01 3.869017656797e-01
   outer loop
     vertex -4.969477609574e-01 1.000000000000e-01 -4.189784277018e-01
     vertex -4.946568127396e-01 2.000000000000e-01 -2.404467458925e-01
     vertex -5.845944150559e-01 1.000000000000e-01 -2.841643360548e-01
   endloop
 endfacet
 facet normal 5.683579631074e-01 -7.064263769144e-01 4.218186811557e-01
   outer loop
     vertex -4.969477609574e-01 1.000000000000e-01 -4.189784277018e-01
     vertex -6.287954243305e-01 5.551115123126e-17 -4.087986232132e-01
     vertex -5.734012626431e-01 5.551115123126e-17 -4.834366473482e-01
   endloop
 endfacet
 facet normal 5.118174408582e-01 -7.064263769144e-01 4.888810501880e-01
   outer loop
     vertex -4.969477609574e-01 1.000000000000e-01 -4.189784277018e-01
     vertex -5.734012626431e-01 5.551115123126e-17 -4.834366473482e-01
     vertex -5.092003224054e-01 5.551115123126e-17 -5.506496451122e-01
   endloop
 endfacet
 facet normal 5.782268783219e-01 -7.241104519094e-01 3.759225061387e-01
   outer loop
     vertex -4.969477609574e-01 1.000000000000e-01 -4.189784277018e-01
     vertex -5.845944150559e-01 1.000000000000e-01 -2.841643360548e-01
     vertex -6.287954243305e-01 5.551115123126e-17 -4.087986232132e-01
   endloop
 endfacet
 facet normal 5.951146753200e-01 -7.043759982656e-01 3.869017656797e-01
   outer loop
     vertex -4.969477609574e-01 1.000000000000e-01 -4.189784277018e-01
     vertex -4.204942592716e-01 2.000000000000e-01 -3.545202080554e-01
     vertex -4.946568127396e-01 2.000000000000e-01 -2.404467458925e-01
   endloop
 endfacet
 facet normal 4.903217981414e-01 -6.916906983488e-01 5.302343935329e-01
   outer loop
     vertex -3.205976807881e-01 2.000000000000e-01 -4.468972220469e-01
     vertex -3.055201934432e-01 3.000000000000e-01 -3.303897870674e-01
     vertex -4.204942592716e-01 2.000000000000e-01 -3.545202080554e-01
   endloop
 endfacet
 facet normal 3.761427605209e-01 -7.064263769144e-01 5.995651738613e-01
   outer loop
     vertex -3.205976807881e-01 2.000000000000e-01 -4.468972220469e-01
     vertex -2.150654589490e-01 3.000000000000e-01 -3.952807209655e-01
     vertex -2.623071933720e-01 3.000000000000e-01 -3.656431816748e-01
   endloop
 endfacet
 facet normal 4.474159961563e-01 -7.064263769145e-01 5.484347731344e-01
   outer loop
     vertex -3.205976807881e-01 2.000000000000e-01 -4.468972220469e-01
     vertex -2.623071933720e-01 3.000000000000e-01 -3.656431816748e-01
     vertex -3.055201934432e-01 3.000000000000e-01 -3.303897870674e-01
   endloop
 endfacet
 facet normal 4.819255560961e-01 -7.043759982656e-01 5.211546905179e-01
   outer loop
     vertex -3.788881682041e-01 1.000000000000e-01 -5.281512624191e-01
     vertex -4.204942592716e-01 2.000000000000e-01 -3.545202080554e-01
     vertex -4.969477609574e-01 1.000000000000e-01 -4.189784277018e-01
   endloop
 endfacet
 facet normal 4.819255560961e-01 -7.043759982656e-01 5.211546905179e-01
   outer loop
     vertex -3.788881682041e-01 1.000000000000e-01 -5.281512624191e-01
     vertex -3.205976807881e-01 2.000000000000e-01 -4.468972220469e-01
     vertex -4.204942592716e-01 2.000000000000e-01 -3.545202080554e-01
   endloop
 endfacet
 facet normal 4.474159961565e-01 -7.064263769144e-01 5.484347731343e-01
   outer loop
     vertex -3.788881682041e-01 1.000000000000e-01 -5.281512624191e-01
     vertex -5.092003224054e-01 5.551115123126e-17 -5.506496451122e-01
     vertex -4.371786556202e-01 2.775557561563e-17 -6.094053027913e-01
   endloop
 endfacet
 facet normal 3.761427605210e-01 -7.064263769144e-01 5.995651738612e-01
   outer loop
     vertex -3.788881682041e-01 1.000000000000e-01 -5.281512624191e-01
     vertex -4.371786556202e-01 2.775557561563e-17 -6.094053027913e-01
     vertex -3.584424315819e-01 6.938893903907e-17 -6.588012016091e-01
   endloop
 endfacet
 facet normal 4.682497700719e-01 -7.241104519094e-01 5.063656843262e-01
   outer loop
     vertex -3.788881682041e-01 1.000000000000e-01 -5.281512624191e-01
     vertex -4.969477609574e-01 1.000000000000e-01 -4.189784277018e-01
     vertex -5.092003224054e-01 5.551115123126e-17 -5.506496451122e-01
   endloop
 endfacet
 facet normal 2.174483433021e-01 -7.064263769144e-01 6.735562277901e-01
   outer loop
     vertex -2.010806947595e-01 2.000000000000e-01 -5.119243637443e-01
     vertex -1.114488327560e-01 3.000000000000e-01 -4.359806849820e-01
     vertex -1.645205684395e-01 3.000000000000e-01 -4.188472067000e-01
   endloop
 endfacet
 facet normal 2.990924082116e-01 -7.064263769145e-01 6.414869486979e-01
   outer loop
     vertex -2.010806947595e-01 2.000000000000e-01 -5.119243637443e-01
     vertex -1.645205684395e-01 3.000000000000e-01 -4.188472067000e-01
     vertex -2.150654589490e-01 3.000000000000e-01 -3.952807209655e-01
   endloop
 endfacet
 facet normal 3.451532331189e-01 -6.916906983488e-01 6.343762475734e-01
   outer loop
     vertex -2.010806947595e-01 2.000000000000e-01 -5.119243637443e-01
     vertex -2.150654589490e-01 3.000000000000e-01 -3.952807209655e-01
     vertex -3.205976807881e-01 2.000000000000e-01 -4.468972220469e-01
   endloop
 endfacet
 facet normal 3.296160249455e-01 -7.241104519094e-01 6.058195519581e-01
   outer loop
     vertex -2.376408210794e-01 1.000000000000e-01 -6.050015207888e-01
     vertex -3.788881682041e-01 1.000000000000e-01 -5.281512624191e-01
     vertex -3.584424315819e-01 6.938893903907e-17 -6.588012016091e-01
   endloop
 endfacet
 facet normal 2.990924082118e-01 -7.064263769144e-01 6.414869486978e-01
   outer loop
     vertex -2.376408210794e-01 1.000000000000e-01 -6.050015207888e-01
     vertex -3.584424315819e-01 6.938893903907e-17 -6.588012016091e-01
     vertex -2.742009473993e-01 6.938893903907e-17 -6.980786778332e-01
   endloop
 endfacet
 facet normal 3.392428491650e-01 -7.043759982656e-01 6.235132254874e-01
   outer loop
     vertex -2.376408210794e-01 1.000000000000e-01 -6.050015207888e-01
     vertex -2.010806947595e-01 2.000000000000e-01 -5.119243637443e-01
     vertex -3.205976807881e-01 2.000000000000e-01 -4.468972220469e-01
   endloop
 endfacet
 facet normal 2.174483433023e-01 -7.064263769144e-01 6.735562277900e-01
   outer loop
     vertex -2.376408210794e-01 1.000000000000e-01 -6.050015207888e-01
     vertex -2.742009473993e-01 6.938893903907e-17 -6.980786778332e-01
     vertex -1.857480545935e-01 4.163336342344e-17 -7.266344749699e-01
   endloop
 endfacet
 facet normal 3.392428491650e-01 -7.043759982656e-01 6.235132254874e-01
   outer loop
     vertex -2.376408210794e-01 1.000000000000e-01 -6.050015207888e-01
     vertex -3.205976807881e-01 2.000000000000e-01 -4.468972220469e-01
     vertex -3.788881682041e-01 1.000000000000e-01 -5.281512624191e-01
   endloop
 endfacet
 facet normal 1.788614738092e-01 -6.916906983488e-01 6.996946126737e-01
   outer loop
     vertex -6.925767716205e-02 2.000000000000e-01 -5.456220066622e-01
     vertex -1.114488327560e-01 3.000000000000e-01 -4.359806849820e-01
     vertex -2.010806947595e-01 2.000000000000e-01 -5.119243637443e-01
   endloop
 endfacet
 facet normal 4.544620312937e-02 -7.064263769144e-01 7.063259988282e-01
   outer loop
     vertex -6.925767716205e-02 2.000000000000e-01 -5.456220066622e-01
     vertex -1.011597275491e-03 3.000000000000e-01 -4.499988629663e-01
     vertex -5.666537222339e-02 3.000000000000e-01 -4.464180054509e-01
   endloop
 endfacet
 facet normal 1.324645239652e-01 -7.064263769145e-01 6.952804641943e-01
   outer loop
     vertex -6.925767716205e-02 2.000000000000e-01 -5.456220066622e-01
     vertex -5.666537222339e-02 3.000000000000e-01 -4.464180054509e-01
     vertex -1.114488327560e-01 3.000000000000e-01 -4.359806849820e-01
   endloop
 endfacet
 facet normal 1.757986603010e-01 -7.043759982656e-01 6.877130826905e-01
   outer loop
     vertex -8.184998210061e-02 1.000000000000e-01 -6.448260078735e-01
     vertex -6.925767716205e-02 2.000000000000e-01 -5.456220066622e-01
     vertex -2.010806947595e-01 2.000000000000e-01 -5.119243637443e-01
   endloop
 endfacet
 facet normal 1.324645239654e-01 -7.064263769144e-01 6.952804641943e-01
   outer loop
     vertex -8.184998210061e-02 1.000000000000e-01 -6.448260078735e-01
     vertex -1.857480545935e-01 4.163336342344e-17 -7.266344749699e-01
     vertex -9.444228703916e-02 4.163336342344e-17 -7.440300090849e-01
   endloop
 endfacet
 facet normal 4.544620312953e-02 -7.064263769144e-01 7.063259988282e-01
   outer loop
     vertex -8.184998210061e-02 1.000000000000e-01 -6.448260078735e-01
     vertex -9.444228703916e-02 4.163336342344e-17 -7.440300090849e-01
     vertex -1.685995459320e-03 5.551115123126e-17 -7.499981049438e-01
   endloop
 endfacet
 facet normal 1.708099544081e-01 -7.241104519094e-01 6.681975852325e-01
   outer loop
     vertex -8.184998210061e-02 1.000000000000e-01 -6.448260078735e-01
     vertex -2.376408210794e-01 1.000000000000e-01 -6.050015207888e-01
     vertex -1.857480545935e-01 4.163336342344e-17 -7.266344749699e-01
   endloop
 endfacet
 facet normal 1.757986603010e-01 -7.043759982656e-01 6.877130826905e-01
   outer loop
     vertex -8.184998210061e-02 1.000000000000e-01 -6.448260078735e-01
     vertex -2.010806947595e-01 2.000000000000e-01 -5.119243637443e-01
     vertex -2.376408210794e-01 1.000000000000e-01 -6.050015207888e-01
   endloop
 endfacet
 facet normal 1.595686930185e-03 -7.043759982656e-01 7.098252650128e-01
   outer loop
     vertex 6.680387344100e-02 2.000000000000e-01 -5.459278729771e-01
     vertex -6.925767716205e-02 2.000000000000e-01 -5.456220066622e-01
     vertex -8.184998210061e-02 1.000000000000e-01 -6.448260078735e-01
   endloop
 endfacet
 facet normal -1.293372205030e-01 -7.064263769144e-01 6.958689944179e-01
   outer loop
     vertex 6.680387344100e-02 2.000000000000e-01 -5.459278729771e-01
     vertex 1.094875474202e-01 3.000000000000e-01 -4.364773498819e-01
     vertex 5.465771463364e-02 3.000000000000e-01 -4.466682597085e-01
   endloop
 endfacet
 facet normal -4.227011869283e-02 -7.064263769145e-01 7.065231850868e-01
   outer loop
     vertex 6.680387344100e-02 2.000000000000e-01 -5.459278729771e-01
     vertex 5.465771463364e-02 3.000000000000e-01 -4.466682597085e-01
     vertex -1.011597275491e-03 3.000000000000e-01 -4.499988629663e-01
   endloop
 endfacet
 facet normal 1.623487434900e-03 -6.916906983488e-01 7.221920396310e-01
   outer loop
     vertex 6.680387344100e-02 2.000000000000e-01 -5.459278729771e-01
     vertex -1.011597275491e-03 3.000000000000e-01 -4.499988629663e-01
     vertex -6.925767716205e-02 2.000000000000e-01 -5.456220066622e-01
   endloop
 endfacet
 facet normal -4.227011869268e-02 -7.064263769144e-01 7.065231850868e-01
   outer loop
     vertex 7.895003224845e-02 1.000000000000e-01 -6.451874862456e-01
     vertex -1.685995459320e-03 5.551115123126e-17 -7.499981049438e-01
     vertex 9.109619105591e-02 2.775557561563e-17 -7.444470995142e-01
   endloop
 endfacet
 facet normal -1.293372205029e-01 -7.064263769144e-01 6.958689944179e-01
   outer loop
     vertex 7.895003224845e-02 1.000000000000e-01 -6.451874862456e-01
     vertex 9.109619105591e-02 2.775557561563e-17 -7.444470995142e-01
     vertex 1.824792457002e-01 4.163336342344e-17 -7.274622498032e-01
   endloop
 endfacet
 facet normal 1.595686930186e-03 -7.043759982656e-01 7.098252650128e-01
   outer loop
     vertex 7.895003224845e-02 1.000000000000e-01 -6.451874862456e-01
     vertex 6.680387344100e-02 2.000000000000e-01 -5.459278729771e-01
     vertex -8.184998210061e-02 1.000000000000e-01 -6.448260078735e-01
   endloop
 endfacet
 facet normal 1.550405511214e-03 -7.241104519094e-01 6.896822816908e-01
   outer loop
     vertex 7.895003224845e-02 1.000000000000e-01 -6.451874862456e-01
     vertex -8.184998210061e-02 1.000000000000e-01 -6.448260078735e-01
     vertex -1.685995459320e-03 5.551115123126e-17 -7.499981049438e-01
   endloop
 endfacet
 facet normal -2.962052750323e-01 -7.064263769144e-01 6.428251776670e-01
   outer loop
     vertex 1.987770625210e-01 2.000000000000e-01 -5.128232438331e-01
     vertex 2.132861124479e-01 3.000000000000e-01 -3.962436551377e-01
     vertex 1.626357784264e-01 3.000000000000e-01 -4.195826540452e-01
   endloop
 endfacet
 facet normal -2.144178525694e-01 -7.064263769145e-01 6.745270628367e-01
   outer loop
     vertex 1.987770625210e-01 2.000000000000e-01 -5.128232438331e-01
     vertex 1.626357784264e-01 3.000000000000e-01 -4.195826540452e-01
     vertex 1.094875474202e-01 3.000000000000e-01 -4.364773498819e-01
   endloop
 endfacet
 facet normal -1.757138555069e-01 -6.916906983488e-01 7.004916978814e-01
   outer loop
     vertex 1.987770625210e-01 2.000000000000e-01 -5.128232438331e-01
     vertex 1.094875474202e-01 3.000000000000e-01 -4.364773498819e-01
     vertex 6.680387344100e-02 2.000000000000e-01 -5.459278729771e-01
   endloop
 endfacet
 facet normal -2.144178525693e-01 -7.064263769144e-01 6.745270628367e-01
   outer loop
     vertex 2.349183466157e-01 1.000000000000e-01 -6.060638336210e-01
     vertex 1.824792457002e-01 4.163336342344e-17 -7.274622498032e-01
     vertex 2.710596307105e-01 1.387778780781e-17 -6.993044234088e-01
   endloop
 endfacet
 facet normal -2.962052750322e-01 -7.064263769144e-01 6.428251776670e-01
   outer loop
     vertex 2.349183466157e-01 1.000000000000e-01 -6.060638336210e-01
     vertex 2.710596307105e-01 1.387778780781e-17 -6.993044234088e-01
     vertex 3.554768540797e-01 1.387778780781e-17 -6.604060918962e-01
   endloop
 endfacet
 facet normal -1.727049416321e-01 -7.043759982656e-01 6.884965186573e-01
   outer loop
     vertex 2.349183466157e-01 1.000000000000e-01 -6.060638336210e-01
     vertex 1.987770625210e-01 2.000000000000e-01 -5.128232438331e-01
     vertex 6.680387344100e-02 2.000000000000e-01 -5.459278729771e-01
   endloop
 endfacet
 facet normal -1.678040273784e-01 -7.241104519094e-01 6.689587893369e-01
   outer loop
     vertex 2.349183466157e-01 1.000000000000e-01 -6.060638336210e-01
     vertex 7.895003224845e-02 1.000000000000e-01 -6.451874862456e-01
     vertex 1.824792457002e-01 4.163336342344e-17 -7.274622498032e-01
   endloop
 endfacet
 facet normal -1.727049416321e-01 -7.043759982656e-01 6.884965186573e-01
   outer loop
     vertex 2.349183466157e-01 1.000000000000e-01 -6.060638336210e-01
     vertex 6.680387344100e-02 2.000000000000e-01 -5.459278729771e-01
     vertex 7.895003224845e-02 1.000000000000e-01 -6.451874862456e-01
   endloop
 endfacet
 facet normal -3.422976039501e-01 -6.916906983488e-01 6.359216367980e-01
   outer loop
     vertex 3.185852011000e-01 2.000000000000e-01 -4.483341049263e-01
     vertex 2.132861124479e-01 3.000000000000e-01 -3.962436551377e-01
     vertex 1.987770625210e-01 2.000000000000e-01 -5.128232438331e-01
   endloop
 endfacet
 facet normal -4.449457242749e-01 -7.064263769144e-01 5.504408019479e-01
   outer loop
     vertex 3.185852011000e-01 2.000000000000e-01 -4.483341049263e-01
     vertex 3.040316808361e-01 3.000000000000e-01 -3.317600594526e-01
     vertex 2.606606190819e-01 3.000000000000e-01 -3.668188131215e-01
   endloop
 endfacet
 facet normal -3.734433279130e-01 -7.064263769144e-01 6.012502431074e-01
   outer loop
     vertex 3.185852011000e-01 2.000000000000e-01 -4.483341049263e-01
     vertex 2.606606190819e-01 3.000000000000e-01 -3.668188131215e-01
     vertex 2.132861124479e-01 3.000000000000e-01 -3.962436551377e-01
   endloop
 endfacet
 facet normal -3.734433279130e-01 -7.064263769144e-01 6.012502431075e-01
   outer loop
     vertex 3.765097831182e-01 1.000000000000e-01 -5.298493967311e-01
     vertex 3.554768540797e-01 1.387778780781e-17 -6.604060918962e-01
     vertex 4.344343651364e-01 0.000000000000e+00 -6.113646885359e-01
   endloop
 endfacet
 facet normal -4.449457242748e-01 -7.064263769144e-01 5.504408019480e-01
   outer loop
     vertex 3.765097831182e-01 1.000000000000e-01 -5.298493967311e-01
     vertex 4.344343651364e-01 0.000000000000e+00 -6.113646885359e-01
     vertex 5.067194680600e-01 0.000000000000e+00 -5.529334324211e-01
   endloop
 endfacet
 facet normal -3.364361196245e-01 -7.043759982656e-01 6.250321515565e-01
   outer loop
     vertex 3.765097831182e-01 1.000000000000e-01 -5.298493967311e-01
     vertex 1.987770625210e-01 2.000000000000e-01 -5.128232438331e-01
     vertex 2.349183466157e-01 1.000000000000e-01 -6.060638336210e-01
   endloop
 endfacet
 facet normal -3.268889430438e-01 -7.241104519094e-01 6.072953748805e-01
   outer loop
     vertex 3.765097831182e-01 1.000000000000e-01 -5.298493967311e-01
     vertex 2.349183466157e-01 1.000000000000e-01 -6.060638336210e-01
     vertex 3.554768540797e-01 1.387778780781e-17 -6.604060918962e-01
   endloop
 endfacet
 facet normal -3.364361196245e-01 -7.043759982656e-01 6.250321515565e-01
   outer loop
     vertex 3.765097831182e-01 1.000000000000e-01 -5.298493967311e-01
     vertex 3.185852011000e-01 2.000000000000e-01 -4.483341049263e-01
     vertex 1.987770625210e-01 2.000000000000e-01 -5.128232438331e-01
   endloop
 endfacet
 facet normal -4.879329210924e-01 -6.916906983488e-01 5.324335097757e-01
   outer loop
     vertex 4.188960948204e-01 2.000000000000e-01 -3.564071572573e-01
     vertex 3.040316808361e-01 3.000000000000e-01 -3.317600594526e-01
     vertex 3.185852011000e-01 2.000000000000e-01 -4.483341049263e-01
   endloop
 endfacet
 facet normal -5.664557318490e-01 -7.064263769144e-01 4.243697419173e-01
   outer loop
     vertex 4.188960948204e-01 2.000000000000e-01 -3.564071572573e-01
     vertex 3.761706720650e-01 3.000000000000e-01 -2.469729245851e-01
     vertex 3.427331684894e-01 3.000000000000e-01 -2.916058559378e-01
   endloop
 endfacet
 facet normal -5.096142702149e-01 -7.064263769144e-01 4.911772282922e-01
   outer loop
     vertex 4.188960948204e-01 2.000000000000e-01 -3.564071572573e-01
     vertex 3.427331684894e-01 3.000000000000e-01 -2.916058559378e-01
     vertex 3.040316808361e-01 3.000000000000e-01 -3.317600594526e-01
   endloop
 endfacet
 facet normal -5.096142702149e-01 -7.064263769144e-01 4.911772282923e-01
   outer loop
     vertex 4.950590211513e-01 1.000000000000e-01 -4.212084585768e-01
     vertex 5.067194680600e-01 0.000000000000e+00 -5.529334324211e-01
     vertex 5.712219474823e-01 -1.387778780781e-17 -4.860097598964e-01
   endloop
 endfacet
 facet normal -5.664557318490e-01 -7.064263769144e-01 4.243697419174e-01
   outer loop
     vertex 4.950590211513e-01 1.000000000000e-01 -4.212084585768e-01
     vertex 5.712219474823e-01 -1.387778780781e-17 -4.860097598964e-01
     vertex 6.269511201083e-01 -1.387778780781e-17 -4.116215409753e-01
   endloop
 endfacet
 facet normal -4.795775860391e-01 -7.043759982656e-01 5.233161492217e-01
   outer loop
     vertex 4.950590211513e-01 1.000000000000e-01 -4.212084585768e-01
     vertex 4.188960948204e-01 2.000000000000e-01 -3.564071572573e-01
     vertex 3.185852011000e-01 2.000000000000e-01 -4.483341049263e-01
   endloop
 endfacet
 facet normal -4.659684292602e-01 -7.241104519094e-01 5.084658064888e-01
   outer loop
     vertex 4.950590211513e-01 1.000000000000e-01 -4.212084585768e-01
     vertex 3.765097831182e-01 1.000000000000e-01 -5.298493967311e-01
     vertex 5.067194680600e-01 0.000000000000e+00 -5.529334324211e-01
   endloop
 endfacet
 facet normal -4.795775860391e-01 -7.043759982656e-01 5.233161492217e-01
   outer loop
     vertex 4.950590211513e-01 1.000000000000e-01 -4.212084585768e-01
     vertex 3.185852011000e-01 2.000000000000e-01 -4.483341049263e-01
     vertex 3.765097831182e-01 1.000000000000e-01 -5.298493967311e-01
   endloop
 endfacet
 facet normal -6.037070029849e-01 -6.916906983488e-01 3.963607351452e-01
   outer loop
     vertex 4.935707703396e-01 2.000000000000e-01 -2.426682811296e-01
     vertex 3.761706720650e-01 3.000000000000e-01 -2.469729245851e-01
     vertex 4.188960948204e-01 2.000000000000e-01 -3.564071572573e-01
   endloop
 endfacet
 facet normal -6.532989499197e-01 -7.064263769144e-01 2.723274793946e-01
   outer loop
     vertex 4.935707703396e-01 2.000000000000e-01 -2.426682811296e-01
     vertex 4.252882182408e-01 3.000000000000e-01 -1.470711780927e-01
     vertex 4.038306302779e-01 3.000000000000e-01 -1.985467754696e-01
   endloop
 endfacet
 facet normal -6.145970902326e-01 -7.064263769144e-01 3.510444283522e-01
   outer loop
     vertex 4.935707703396e-01 2.000000000000e-01 -2.426682811296e-01
     vertex 4.038306302779e-01 3.000000000000e-01 -1.985467754696e-01
     vertex 3.761706720650e-01 3.000000000000e-01 -2.469729245851e-01
   endloop
 endfacet
 facet normal -5.933691592652e-01 -7.043759982656e-01 3.895734768952e-01
   outer loop
     vertex 5.833109104013e-01 1.000000000000e-01 -2.867897867895e-01
     vertex 4.188960948204e-01 2.000000000000e-01 -3.564071572573e-01
     vertex 4.950590211513e-01 1.000000000000e-01 -4.212084585768e-01
   endloop
 endfacet
 facet normal -5.765308954445e-01 -7.241104519094e-01 3.785184011821e-01
   outer loop
     vertex 5.833109104013e-01 1.000000000000e-01 -2.867897867895e-01
     vertex 4.950590211513e-01 1.000000000000e-01 -4.212084585768e-01
     vertex 6.269511201083e-01 -1.387778780781e-17 -4.116215409753e-01
   endloop
 endfacet
 facet normal -6.145970902326e-01 -7.064263769144e-01 3.510444283523e-01
   outer loop
     vertex 5.833109104013e-01 1.000000000000e-01 -2.867897867895e-01
     vertex 6.269511201083e-01 -1.387778780781e-17 -4.116215409753e-01
     vertex 6.730510504631e-01 0.000000000000e+00 -3.309112924494e-01
   endloop
 endfacet
 facet normal -6.532989499196e-01 -7.064263769144e-01 2.723274793947e-01
   outer loop
     vertex 5.833109104013e-01 1.000000000000e-01 -2.867897867895e-01
     vertex 6.730510504631e-01 0.000000000000e+00 -3.309112924494e-01
     vertex 7.088136970680e-01 -2.775557561563e-17 -2.451186301545e-01
   endloop
 endfacet
 facet normal -5.933691592652e-01 -7.043759982656e-01 3.895734768952e-01
   outer loop
     vertex 5.833109104013e-01 1.000000000000e-01 -2.867897867895e-01
     vertex 4.935707703396e-01 2.000000000000e-01 -2.426682811296e-01
     vertex 4.188960948204e-01 2.000000000000e-01 -3.564071572573e-01
   endloop
 endfacet
 facet normal -6.825345373936e-01 -6.916906983488e-01 2.360308943396e-01
   outer loop
     vertex 5.380391772338e-01 2.000000000000e-01 -1.140782352668e-01
     vertex 4.252882182408e-01 3.000000000000e-01 -1.470711780927e-01
     vertex 4.935707703396e-01 2.000000000000e-01 -2.426682811296e-01
   endloop
 endfacet
 facet normal -7.001606197310e-01 -7.064263769144e-01 1.036189199781e-01
   outer loop
     vertex 5.380391772338e-01 2.000000000000e-01 -1.140782352668e-01
     vertex 4.483783516619e-01 3.000000000000e-01 -3.816875372497e-02
     vertex 4.402138722822e-01 3.000000000000e-01 -9.333673794548e-02
   endloop
 endfacet
 facet normal -6.819668952191e-01 -7.064263769144e-01 1.894278961101e-01
   outer loop
     vertex 5.380391772338e-01 2.000000000000e-01 -1.140782352668e-01
     vertex 4.402138722822e-01 3.000000000000e-01 -9.333673794548e-02
     vertex 4.252882182408e-01 3.000000000000e-01 -1.470711780927e-01
   endloop
 endfacet
 facet normal -6.518099774721e-01 -7.241104519094e-01 2.254058710489e-01
   outer loop
     vertex 6.358644821854e-01 1.000000000000e-01 -1.348197325880e-01
     vertex 5.833109104013e-01 1.000000000000e-01 -2.867897867895e-01
     vertex 7.088136970680e-01 -2.775557561563e-17 -2.451186301545e-01
   endloop
 endfacet
 facet normal -6.819668952191e-01 -7.064263769144e-01 1.894278961102e-01
   outer loop
     vertex 6.358644821854e-01 1.000000000000e-01 -1.348197325880e-01
     vertex 7.088136970680e-01 -2.775557561563e-17 -2.451186301545e-01
     vertex 7.336897871370e-01 -2.775557561563e-17 -1.555612299092e-01
   endloop
 endfacet
 facet normal -7.001606197310e-01 -7.064263769144e-01 1.036189199782e-01
   outer loop
     vertex 6.358644821854e-01 1.000000000000e-01 -1.348197325880e-01
     vertex 7.336897871370e-01 -2.775557561563e-17 -1.555612299092e-01
     vertex 7.472972527699e-01 -1.387778780781e-17 -6.361458954168e-02
   endloop
 endfacet
 facet normal -6.708468555446e-01 -7.043759982656e-01 2.319891149886e-01
   outer loop
     vertex 6.358644821854e-01 1.000000000000e-01 -1.348197325880e-01
     vertex 4.935707703396e-01 2.000000000000e-01 -2.426682811296e-01
     vertex 5.833109104013e-01 1.000000000000e-01 -2.867897867895e-01
   endloop
 endfacet
 facet normal -6.708468555446e-01 -7.043759982656e-01 2.319891149886e-01
   outer loop
     vertex 6.358644821854e-01 1.000000000000e-01 -1.348197325880e-01
     vertex 5.380391772338e-01 2.000000000000e-01 -1.140782352668e-01
     vertex 4.935707703396e-01 2.000000000000e-01 -2.426682811296e-01
   endloop
 endfacet
 facet normal -7.195913211394e-01 -6.916906983488e-01 6.125608834017e-02
   outer loop
     vertex 5.495798726528e-01 2.000000000000e-01 2.149333791860e-02
     vertex 4.483783516619e-01 3.000000000000e-01 -3.816875372497e-02
     vertex 5.380391772338e-01 2.000000000000e-01 -1.140782352668e-01
   endloop
 endfacet
 facet normal -7.041728320153e-01 -7.064263769144e-01 -7.143106222837e-02
   outer loop
     vertex 5.495798726528e-01 2.000000000000e-01 2.149333791860e-02
     vertex 4.440279684443e-01 3.000000000000e-01 7.306957806956e-02
     vertex 4.496562594432e-01 3.000000000000e-01 1.758545829707e-02
   endloop
 endfacet
 facet normal -7.076006889419e-01 -7.064263769144e-01 1.621847737867e-02
   outer loop
     vertex 5.495798726528e-01 2.000000000000e-01 2.149333791860e-02
     vertex 4.496562594432e-01 3.000000000000e-01 1.758545829707e-02
     vertex 4.483783516619e-01 3.000000000000e-01 -3.816875372497e-02
   endloop
 endfacet
 facet normal -7.072690810739e-01 -7.043759982656e-01 6.020714263470e-02
   outer loop
     vertex 6.495034858625e-01 1.000000000000e-01 2.540121754017e-02
     vertex 5.495798726528e-01 2.000000000000e-01 2.149333791860e-02
     vertex 5.380391772338e-01 2.000000000000e-01 -1.140782352668e-01
   endloop
 endfacet
 facet normal -7.076006889419e-01 -7.064263769144e-01 1.621847737873e-02
   outer loop
     vertex 6.495034858625e-01 1.000000000000e-01 2.540121754017e-02
     vertex 7.472972527699e-01 -1.387778780781e-17 -6.361458954168e-02
     vertex 7.494270990721e-01 -1.387778780781e-17 2.930909716173e-02
   endloop
 endfacet
 facet normal -7.041728320153e-01 -7.064263769144e-01 -7.143106222832e-02
   outer loop
     vertex 6.495034858625e-01 1.000000000000e-01 2.540121754017e-02
     vertex 7.494270990721e-01 -1.387778780781e-17 2.930909716173e-02
     vertex 7.400466140738e-01 -4.163336342344e-17 1.217826301159e-01
   endloop
 endfacet
 facet normal -7.072690810739e-01 -7.043759982656e-01 6.020714263470e-02
   outer loop
     vertex 6.495034858625e-01 1.000000000000e-01 2.540121754017e-02
     vertex 5.380391772338e-01 2.000000000000e-01 -1.140782352668e-01
     vertex 6.358644821854e-01 1.000000000000e-01 -1.348197325880e-01
   endloop
 endfacet
 facet normal -6.871986355622e-01 -7.241104519094e-01 5.849862149615e-02
   outer loop
     vertex 6.495034858625e-01 1.000000000000e-01 2.540121754017e-02
     vertex 6.358644821854e-01 1.000000000000e-01 -1.348197325880e-01
     vertex 7.472972527699e-01 -1.387778780781e-17 -6.361458954168e-02
   endloop
 endfacet
 facet normal -7.126094987666e-01 -6.916906983488e-01 -1.172675576848e-01
   outer loop
     vertex 5.274865721753e-01 2.000000000000e-01 1.557495302552e-01
     vertex 4.440279684443e-01 3.000000000000e-01 7.306957806956e-02
     vertex 5.495798726528e-01 2.000000000000e-01 2.149333791860e-02
   endloop
 endfacet
 facet normal -6.650900415148e-01 -7.064263769144e-01 -2.421095014191e-01
   outer loop
     vertex 5.274865721753e-01 2.000000000000e-01 1.557495302552e-01
     vertex 4.125033097268e-01 3.000000000000e-01 1.798360905504e-01
     vertex 4.315799226889e-01 3.000000000000e-01 1.274314338452e-01
   endloop
 endfacet
 facet normal -6.899296968591e-01 -7.064263769144e-01 -1.579835035421e-01
   outer loop
     vertex 5.274865721753e-01 2.000000000000e-01 1.557495302552e-01
     vertex 4.315799226889e-01 3.000000000000e-01 1.274314338452e-01
     vertex 4.440279684443e-01 3.000000000000e-01 7.306957806956e-02
   endloop
 endfacet
 facet normal -7.004068150227e-01 -7.043759982656e-01 -1.152594748255e-01
   outer loop
     vertex 6.233932216618e-01 1.000000000000e-01 1.840676266652e-01
     vertex 5.495798726528e-01 2.000000000000e-01 2.149333791860e-02
     vertex 6.495034858625e-01 1.000000000000e-01 2.540121754017e-02
   endloop
 endfacet
 facet normal -6.899296968591e-01 -7.064263769144e-01 -1.579835035420e-01
   outer loop
     vertex 6.233932216618e-01 1.000000000000e-01 1.840676266652e-01
     vertex 7.400466140738e-01 -4.163336342344e-17 1.217826301159e-01
     vertex 7.192998711482e-01 -2.775557561563e-17 2.123857230753e-01
   endloop
 endfacet
 facet normal -6.650900415148e-01 -7.064263769144e-01 -2.421095014191e-01
   outer loop
     vertex 6.233932216618e-01 1.000000000000e-01 1.840676266652e-01
     vertex 7.192998711482e-01 -2.775557561563e-17 2.123857230753e-01
     vertex 6.875055162113e-01 -2.775557561563e-17 2.997268175839e-01
   endloop
 endfacet
 facet normal -6.805311026622e-01 -7.241104519094e-01 -1.119887125780e-01
   outer loop
     vertex 6.233932216618e-01 1.000000000000e-01 1.840676266652e-01
     vertex 6.495034858625e-01 1.000000000000e-01 2.540121754017e-02
     vertex 7.400466140738e-01 -4.163336342344e-17 1.217826301159e-01
   endloop
 endfacet
 facet normal -7.004068150227e-01 -7.043759982656e-01 -1.152594748255e-01
   outer loop
     vertex 6.233932216618e-01 1.000000000000e-01 1.840676266652e-01
     vertex 5.274865721753e-01 2.000000000000e-01 1.557495302552e-01
     vertex 5.495798726528e-01 2.000000000000e-01 2.149333791860e-02
   endloop
 endfacet
 facet normal -5.544398910498e-01 -6.745606020014e-01 -4.874057872453e-01
   outer loop
     vertex 4.731113740395e-01 2.000000000000e-01 2.804739341800e-01
     vertex 3.189125548230e-01 3.000000000000e-01 3.174819402364e-01
     vertex 3.557336678557e-01 3.000000000000e-01 2.755967299405e-01
   endloop
 endfacet
 facet normal -5.853040942208e-01 -7.064263769144e-01 -3.979709678959e-01
   outer loop
     vertex 4.731113740395e-01 2.000000000000e-01 2.804739341800e-01
     vertex 3.557336678557e-01 3.000000000000e-01 2.755967299405e-01
     vertex 3.870911242142e-01 3.000000000000e-01 2.294786734200e-01
   endloop
 endfacet
 facet normal -6.300353742874e-01 -7.064263769144e-01 -3.225169780741e-01
   outer loop
     vertex 4.731113740395e-01 2.000000000000e-01 2.804739341800e-01
     vertex 3.870911242142e-01 3.000000000000e-01 2.294786734200e-01
     vertex 4.125033097268e-01 3.000000000000e-01 1.798360905504e-01
   endloop
 endfacet
 facet normal -6.620163540912e-01 -6.916906983488e-01 -2.886144915516e-01
   outer loop
     vertex 4.731113740395e-01 2.000000000000e-01 2.804739341800e-01
     vertex 4.125033097268e-01 3.000000000000e-01 1.798360905504e-01
     vertex 5.274865721753e-01 2.000000000000e-01 1.557495302552e-01
   endloop
 endfacet
 facet normal -5.611319624126e-01 -7.043759982656e-01 -4.347244803624e-01
   outer loop
     vertex 4.731113740395e-01 2.000000000000e-01 2.804739341800e-01
     vertex 5.315209247050e-01 -5.551115123126e-17 5.291365670606e-01
     vertex 3.189125548230e-01 3.000000000000e-01 3.174819402364e-01
   endloop
 endfacet
 facet normal -6.506800244236e-01 -7.043759982656e-01 -2.836722737305e-01
   outer loop
     vertex 5.591316238649e-01 1.000000000000e-01 3.314691949400e-01
     vertex 5.274865721753e-01 2.000000000000e-01 1.557495302552e-01
     vertex 6.233932216618e-01 1.000000000000e-01 1.840676266652e-01
   endloop
 endfacet
 facet normal -5.611319624125e-01 -7.043759982656e-01 -4.347244803624e-01
   outer loop
     vertex 5.591316238649e-01 1.000000000000e-01 3.314691949400e-01
     vertex 5.315209247050e-01 -5.551115123126e-17 5.291365670606e-01
     vertex 4.731113740395e-01 2.000000000000e-01 2.804739341800e-01
   endloop
 endfacet
 facet normal -6.300353742875e-01 -7.064263769144e-01 -3.225169780740e-01
   outer loop
     vertex 5.591316238649e-01 1.000000000000e-01 3.314691949400e-01
     vertex 6.875055162113e-01 -2.775557561563e-17 2.997268175839e-01
     vertex 6.451518736903e-01 -2.775557561563e-17 3.824644557000e-01
   endloop
 endfacet
 facet normal -5.853040942208e-01 -7.064263769144e-01 -3.979709678959e-01
   outer loop
     vertex 5.591316238649e-01 1.000000000000e-01 3.314691949400e-01
     vertex 6.451518736903e-01 -2.775557561563e-17 3.824644557000e-01
     vertex 5.928894464262e-01 -5.551115123126e-17 4.593278832342e-01
   endloop
 endfacet
 facet normal -5.057850317906e-01 -7.392445796933e-01 -4.446335041478e-01
   outer loop
     vertex 5.591316238649e-01 1.000000000000e-01 3.314691949400e-01
     vertex 5.928894464262e-01 -5.551115123126e-17 4.593278832342e-01
     vertex 5.315209247050e-01 -5.551115123126e-17 5.291365670606e-01
   endloop
 endfacet
 facet normal -6.506800244236e-01 -7.043759982656e-01 -2.836722737305e-01
   outer loop
     vertex 5.591316238649e-01 1.000000000000e-01 3.314691949400e-01
     vertex 4.731113740395e-01 2.000000000000e-01 2.804739341800e-01
     vertex 5.274865721753e-01 2.000000000000e-01 1.557495302552e-01
   endloop
 endfacet
 facet normal -6.322154282392e-01 -7.241104519094e-01 -2.756223970069e-01
   outer loop
     vertex 5.591316238649e-01 1.000000000000e-01 3.314691949400e-01
     vertex 6.233932216618e-01 1.000000000000e-01 1.840676266652e-01
     vertex 6.875055162113e-01 -2.775557561563e-17 2.997268175839e-01
   endloop
 endfacet
 facet normal -5.011227336023e-01 -7.071067811865e-01 -4.988747396561e-01
   outer loop
     vertex 1.430614587230e-03 3.000000000000e-01 6.363944950593e-01
     vertex 3.189125548230e-01 3.000000000000e-01 3.174819402364e-01
     vertex 5.315209247050e-01 -5.551115123126e-17 5.291365670606e-01
   endloop
 endfacet
 facet normal -5.011227336023e-01 -7.071067811866e-01 -4.988747396561e-01
   outer loop
     vertex 1.430614587230e-03 3.000000000000e-01 6.363944950593e-01
     vertex 5.315209247050e-01 -5.551115123126e-17 5.291365670606e-01
     vertex 2.384357645390e-03 -5.551115123126e-17 1.060657491765e+00
   endloop
 endfacet
 facet normal -7.086945662739e-01 4.956277322230e-17 -7.055154227470e-01
   outer loop
     vertex 1.430614587231e-03 1.300000000000e+01 6.363944950593e-01
     vertex 3.189125548230e-01 3.000000000000e-01 3.174819402364e-01
     vertex 1.430614587230e-03 3.000000000000e-01 6.363944950593e-01
   endloop
 endfacet
 facet normal -7.086945662739e-01 4.613787722638e-17 -7.055154227470e-01
   outer loop
     vertex 1.430614587231e-03 1.300000000000e+01 6.363944950593e-01
     vertex 3.189125548230e-01 1.300000000000e+01 3.174819402364e-01
     vertex 3.189125548230e-01 3.000000000000e-01 3.174819402364e-01
   endloop
 endfacet
 facet normal 7.055154227467e-01 -4.934043883852e-17 -7.086945662742e-01
   outer loop
     vertex -3.174819402364e-01 1.300000000000e+01 3.189125548230e-01
     vertex 1.430614587230e-03 3.000000000000e-01 6.363944950593e-01
     vertex -3.174819402364e-01 3.000000000000e-01 3.189125548230e-01
   endloop
 endfacet
 facet normal 7.055154227467e-01 -4.856618655400e-17 -7.086945662742e-01
   outer loop
     vertex -3.174819402364e-01 1.300000000000e+01 3.189125548230e-01
     vertex 1.430614587231e-03 1.300000000000e+01 6.363944950593e-01
     vertex 1.430614587230e-03 3.000000000000e-01 6.363944950593e-01
   endloop
 endfacet
 facet normal -5.602371733001e-17 -1.000000000000e+00 -5.000782801484e-17
   outer loop
     vertex 3.610796106998e+00 -1.526556658860e-16 -1.450000000000e+00
     vertex 6.335636106221e+00 -3.053113317719e-16 -1.450000000000e+00
     vertex 6.020620189091e+00 -3.330669073875e-16 -5.420633805991e-01
   endloop
 endfacet
 facet normal -7.714762470682e-17 -1.000000000000e+00 6.058751542367e-18
   outer loop
     vertex 3.610796106998e+00 -1.526556658860e-16 -1.450000000000e+00
     vertex 6.020620189091e+00 -3.330669073875e-16 -5.420633805991e-01
     vertex 5.732859308072e+00 -3.053113317719e-16 3.748758803389e-01
   endloop
 endfacet
 facet normal -2.676258363236e-17 -1.000000000000e+00 -5.253166696261e-17
   outer loop
     vertex 5.472610160725e+00 -3.469446951954e-16 1.299999825656e+00
     vertex 3.610796106998e+00 -1.526556658860e-16 -1.450000000000e+00
     vertex 5.732859308072e+00 -3.053113317719e-16 3.748758803389e-01
   endloop
 endfacet
 facet normal -1.186957758735e-16 -1.000000000000e+00 -9.296584799225e-17
   outer loop
     vertex 5.712219474823e-01 -1.387778780781e-17 -4.860097598964e-01
     vertex 5.067194680600e-01 0.000000000000e+00 -5.529334324211e-01
     vertex 2.460796106998e+00 -4.163336342344e-17 -2.600000000000e+00
   endloop
 endfacet
 facet normal -9.279706851690e-18 -1.000000000000e+00 1.147989294562e-17
   outer loop
     vertex 4.344343651364e-01 0.000000000000e+00 -6.113646885359e-01
     vertex 2.460796106998e+00 -4.163336342344e-17 -2.600000000000e+00
     vertex 5.067194680600e-01 0.000000000000e+00 -5.529334324211e-01
   endloop
 endfacet
 facet normal -7.991113502176e-18 -1.000000000000e+00 5.986675716885e-18
   outer loop
     vertex 6.269511201083e-01 -1.387778780781e-17 -4.116215409753e-01
     vertex 5.712219474823e-01 -1.387778780781e-17 -4.860097598964e-01
     vertex 2.460796106998e+00 -4.163336342344e-17 -2.600000000000e+00
   endloop
 endfacet
 facet normal -1.156021446455e-16 -1.000000000000e+00 -9.685958941436e-17
   outer loop
     vertex 3.554768540797e-01 1.387778780781e-17 -6.604060918962e-01
     vertex 2.460796106998e+00 -4.163336342344e-17 -2.600000000000e+00
     vertex 4.344343651364e-01 0.000000000000e+00 -6.113646885359e-01
   endloop
 endfacet
 facet normal -6.426039919947e-17 -1.000000000000e+00 -3.228073337663e-17
   outer loop
     vertex 6.730510504631e-01 0.000000000000e+00 -3.309112924494e-01
     vertex 2.460796106998e+00 -4.163336342344e-17 -2.600000000000e+00
     vertex 3.610796106998e+00 -1.526556658860e-16 -1.450000000000e+00
   endloop
 endfacet
 facet normal 1.130186836107e-16 -1.000000000000e+00 1.073919920070e-16
   outer loop
     vertex 6.730510504631e-01 0.000000000000e+00 -3.309112924494e-01
     vertex 6.269511201083e-01 -1.387778780781e-17 -4.116215409753e-01
     vertex 2.460796106998e+00 -4.163336342344e-17 -2.600000000000e+00
   endloop
 endfacet
 facet normal -8.790880640651e-18 -1.000000000000e+00 1.907798370256e-17
   outer loop
     vertex 2.710596307105e-01 1.387778780781e-17 -6.993044234088e-01
     vertex 2.460796106998e+00 -4.163336342344e-17 -2.600000000000e+00
     vertex 3.554768540797e-01 1.387778780781e-17 -6.604060918962e-01
   endloop
 endfacet
 facet normal -1.511946430427e-16 -1.000000000000e+00 -2.604937815210e-16
   outer loop
     vertex 7.088136970680e-01 -2.775557561563e-17 -2.451186301545e-01
     vertex 6.730510504631e-01 0.000000000000e+00 -3.309112924494e-01
     vertex 3.610796106998e+00 -1.526556658860e-16 -1.450000000000e+00
   endloop
 endfacet
 facet normal -2.361419325845e-16 -1.000000000000e+00 -2.428465966958e-16
   outer loop
     vertex 1.824792457002e-01 4.163336342344e-17 -7.274622498032e-01
     vertex 2.460796106998e+00 -4.163336342344e-17 -2.600000000000e+00
     vertex 2.710596307105e-01 1.387778780781e-17 -6.993044234088e-01
   endloop
 endfacet
 facet normal -3.858920642271e-17 -1.000000000000e+00 1.071880796042e-17
   outer loop
     vertex 7.336897871370e-01 -2.775557561563e-17 -1.555612299092e-01
     vertex 7.088136970680e-01 -2.775557561563e-17 -2.451186301545e-01
     vertex 3.610796106998e+00 -1.526556658860e-16 -1.450000000000e+00
   endloop
 endfacet
 facet normal 1.171145928121e-16 -1.000000000000e+00 1.869606518309e-16
   outer loop
     vertex 9.109619105591e-02 2.775557561563e-17 -7.444470995142e-01
     vertex 2.460796106998e+00 -4.163336342344e-17 -2.600000000000e+00
     vertex 1.824792457002e-01 4.163336342344e-17 -7.274622498032e-01
   endloop
 endfacet
 facet normal 2.296545933332e-17 -1.000000000000e+00 1.475343313793e-16
   outer loop
     vertex 7.472972527699e-01 -1.387778780781e-17 -6.361458954168e-02
     vertex 7.336897871370e-01 -2.775557561563e-17 -1.555612299092e-01
     vertex 3.610796106998e+00 -1.526556658860e-16 -1.450000000000e+00
   endloop
 endfacet
 facet normal -2.799919324124e-16 -1.000000000000e+00 -3.201783789120e-16
   outer loop
     vertex -1.685995459320e-03 5.551115123126e-17 -7.499981049438e-01
     vertex 2.460796106998e+00 -4.163336342344e-17 -2.600000000000e+00
     vertex 9.109619105591e-02 2.775557561563e-17 -7.444470995142e-01
   endloop
 endfacet
 facet normal -4.793253213294e-17 -1.000000000000e+00 1.098631898262e-18
   outer loop
     vertex 7.494270990721e-01 -1.387778780781e-17 2.930909716173e-02
     vertex 7.472972527699e-01 -1.387778780781e-17 -6.361458954168e-02
     vertex 3.610796106998e+00 -1.526556658860e-16 -1.450000000000e+00
   endloop
 endfacet
 facet normal 1.673244225290e-16 -1.000000000000e+00 2.752310210044e-16
   outer loop
     vertex -9.444228703916e-02 4.163336342344e-17 -7.440300090849e-01
     vertex 2.460796106998e+00 -4.163336342344e-17 -2.600000000000e+00
     vertex -1.685995459320e-03 5.551115123126e-17 -7.499981049438e-01
   endloop
 endfacet
 facet normal -2.149467116960e-16 -1.000000000000e+00 -3.219502820865e-16
   outer loop
     vertex 7.400466140738e-01 -4.163336342344e-17 1.217826301159e-01
     vertex 7.494270990721e-01 -1.387778780781e-17 2.930909716173e-02
     vertex 3.610796106998e+00 -1.526556658860e-16 -1.450000000000e+00
   endloop
 endfacet
 facet normal -6.033118587496e-17 -1.000000000000e+00 -2.980493991479e-17
   outer loop
     vertex 7.192998711482e-01 -2.775557561563e-17 2.123857230753e-01
     vertex 3.610796106998e+00 -1.526556658860e-16 -1.450000000000e+00
     vertex 5.472610160725e+00 -3.469446951954e-16 1.299999825656e+00
   endloop
 endfacet
 facet normal 5.166790697965e-17 -1.000000000000e+00 1.650024088927e-16
   outer loop
     vertex 7.192998711482e-01 -2.775557561563e-17 2.123857230753e-01
     vertex 7.400466140738e-01 -4.163336342344e-17 1.217826301159e-01
     vertex 3.610796106998e+00 -1.526556658860e-16 -1.450000000000e+00
   endloop
 endfacet
 facet normal -6.198774781934e-17 -1.000000000000e+00 -2.256509913222e-17
   outer loop
     vertex 6.875055162113e-01 -2.775557561563e-17 2.997268175839e-01
     vertex 7.192998711482e-01 -2.775557561563e-17 2.123857230753e-01
     vertex 5.472610160725e+00 -3.469446951954e-16 1.299999825656e+00
   endloop
 endfacet
 facet normal -6.025679436748e-17 -1.000000000000e+00 -3.084563188187e-17
   outer loop
     vertex 6.451518736903e-01 -2.775557561563e-17 3.824644557000e-01
     vertex 6.875055162113e-01 -2.775557561563e-17 2.997268175839e-01
     vertex 5.472610160725e+00 -3.469446951954e-16 1.299999825656e+00
   endloop
 endfacet
 facet normal 2.226099343458e-18 -1.000000000000e+00 -3.595888857328e-16
   outer loop
     vertex 5.928894464262e-01 -5.551115123126e-17 4.593278832342e-01
     vertex 6.451518736903e-01 -2.775557561563e-17 3.824644557000e-01
     vertex 5.472610160725e+00 -3.469446951954e-16 1.299999825656e+00
   endloop
 endfacet
 facet normal -5.186802143375e-17 -1.000000000000e+00 -4.559696051434e-17
   outer loop
     vertex 5.315209247050e-01 -5.551115123126e-17 5.291365670606e-01
     vertex 5.928894464262e-01 -5.551115123126e-17 4.593278832342e-01
     vertex 5.472610160725e+00 -3.469446951954e-16 1.299999825656e+00
   endloop
 endfacet
 facet normal -5.105261038912e-17 -1.000000000000e+00 -5.082359272259e-17
   outer loop
     vertex 2.384357645390e-03 -5.551115123126e-17 1.060657491765e+00
     vertex 5.315209247050e-01 -5.551115123126e-17 5.291365670606e-01
     vertex 5.472610160725e+00 -3.469446951954e-16 1.299999825656e+00
   endloop
 endfacet
 facet normal -5.248660628389e-17 -1.000000000000e+00 -3.895402629702e-17
   outer loop
     vertex -3.761862622423e+00 3.053113317719e-16 -2.600000000000e+00
     vertex -5.734012626431e-01 5.551115123126e-17 -4.834366473482e-01
     vertex -6.287954243305e-01 5.551115123126e-17 -4.087986232132e-01
   endloop
 endfacet
 facet normal -4.794469197565e-17 -1.000000000000e+00 -4.579611692148e-17
   outer loop
     vertex -3.761862622423e+00 3.053113317719e-16 -2.600000000000e+00
     vertex -5.092003224054e-01 5.551115123126e-17 -5.506496451122e-01
     vertex -5.734012626431e-01 5.551115123126e-17 -4.834366473482e-01
   endloop
 endfacet
 facet normal -2.112665262086e-16 -1.000000000000e+00 2.134229920572e-16
   outer loop
     vertex -3.761862622423e+00 3.053113317719e-16 -2.600000000000e+00
     vertex -4.371786556202e-01 2.775557561563e-17 -6.094053027913e-01
     vertex -5.092003224054e-01 5.551115123126e-17 -5.506496451122e-01
   endloop
 endfacet
 facet normal 2.154958251841e-16 -1.000000000000e+00 -4.993539229521e-16
   outer loop
     vertex -3.761862622423e+00 3.053113317719e-16 -2.600000000000e+00
     vertex -3.584424315819e-01 6.938893903907e-17 -6.588012016091e-01
     vertex -4.371786556202e-01 2.775557561563e-17 -6.094053027913e-01
   endloop
 endfacet
 facet normal -3.117836794907e-17 -1.000000000000e+00 -6.687069137129e-17
   outer loop
     vertex -3.761862622423e+00 3.053113317719e-16 -2.600000000000e+00
     vertex -2.742009473993e-01 6.938893903907e-17 -6.980786778332e-01
     vertex -3.584424315819e-01 6.938893903907e-17 -6.588012016091e-01
   endloop
 endfacet
 facet normal -2.222579229101e-16 -1.000000000000e+00 2.835227938645e-16
   outer loop
     vertex -3.761862622423e+00 3.053113317719e-16 -2.600000000000e+00
     vertex -1.857480545935e-01 4.163336342344e-17 -7.266344749699e-01
     vertex -2.742009473993e-01 6.938893903907e-17 -6.980786778332e-01
   endloop
 endfacet
 facet normal -1.966418696545e-17 -1.000000000000e+00 -1.032134841244e-16
   outer loop
     vertex -3.761862622423e+00 3.053113317719e-16 -2.600000000000e+00
     vertex -9.444228703916e-02 4.163336342344e-17 -7.440300090849e-01
     vertex -1.857480545935e-01 4.163336342344e-17 -7.266344749699e-01
   endloop
 endfacet
 facet normal -5.575505748934e-17 -1.000000000000e+00 -3.189746439942e-17
   outer loop
     vertex -3.761862622423e+00 3.053113317719e-16 -2.600000000000e+00
     vertex 2.460796106998e+00 -4.163336342344e-17 -2.600000000000e+00
     vertex -9.444228703916e-02 4.163336342344e-17 -7.440300090849e-01
   endloop
 endfacet
 facet normal 5.587433500399e-17 -1.000000000000e+00 -4.005730474487e-16
   outer loop
     vertex -3.761862622423e+00 2.220446049250e-16 -5.000000000000e-01
     vertex -6.434258019534e-01 4.163336342344e-17 3.853611778328e-01
     vertex -5.908183267369e-01 1.387778780781e-17 4.619888578654e-01
   endloop
 endfacet
 facet normal -1.237731353020e-16 -1.000000000000e+00 2.321848598695e-16
   outer loop
     vertex -3.761862622423e+00 2.220446049250e-16 -5.000000000000e-01
     vertex -6.861510028873e-01 2.775557561563e-17 3.028147969250e-01
     vertex -6.434258019534e-01 4.163336342344e-17 3.853611778328e-01
   endloop
 endfacet
 facet normal -6.990392217146e-17 -1.000000000000e+00 2.580330662039e-17
   outer loop
     vertex -3.761862622423e+00 2.220446049250e-16 -5.000000000000e-01
     vertex -7.183377199913e-01 2.775557561563e-17 2.156175318423e-01
     vertex -6.861510028873e-01 2.775557561563e-17 3.028147969250e-01
   endloop
 endfacet
 facet normal -2.940021070699e-17 -1.000000000000e+00 -1.464591785728e-16
   outer loop
     vertex -3.761862622423e+00 2.220446049250e-16 -5.000000000000e-01
     vertex -7.394916026101e-01 4.163336342344e-17 1.251086314735e-01
     vertex -7.183377199913e-01 2.775557561563e-17 2.156175318423e-01
   endloop
 endfacet
 facet normal 2.469527810063e-18 -1.000000000000e+00 -3.005478749262e-16
   outer loop
     vertex -3.761862622423e+00 2.220446049250e-16 -5.000000000000e-01
     vertex -7.492877516342e-01 6.938893903907e-17 3.267820758541e-02
     vertex -7.394916026101e-01 4.163336342344e-17 1.251086314735e-01
   endloop
 endfacet
 facet normal -5.050829348340e-17 -1.000000000000e+00 -9.304870452722e-19
   outer loop
     vertex -3.761862622423e+00 2.220446049250e-16 -5.000000000000e-01
     vertex -7.475757095729e-01 6.938893903907e-17 -6.025411568161e-02
     vertex -7.492877516342e-01 6.938893903907e-17 3.267820758541e-02
   endloop
 endfacet
 facet normal -9.271398589257e-17 -1.000000000000e+00 2.883731103583e-16
   outer loop
     vertex -3.761862622423e+00 2.220446049250e-16 -5.000000000000e-01
     vertex -7.343817714072e-01 4.163336342344e-17 -1.522610055948e-01
     vertex -7.475757095729e-01 6.938893903907e-17 -6.025411568161e-02
   endloop
 endfacet
 facet normal -7.501630392770e-17 -1.000000000000e+00 1.342937746552e-16
   outer loop
     vertex -3.761862622423e+00 2.220446049250e-16 -5.000000000000e-01
     vertex -7.099085807294e-01 2.775557561563e-17 -2.419293430048e-01
     vertex -7.343817714072e-01 4.163336342344e-17 -1.522610055948e-01
   endloop
 endfacet
 facet normal -3.513221365255e-17 -1.000000000000e+00 -3.373770922764e-16
   outer loop
     vertex -3.761862622423e+00 2.220446049250e-16 -5.000000000000e-01
     vertex -6.745320173722e-01 5.551115123126e-17 -3.278819262171e-01
     vertex -7.099085807294e-01 2.775557561563e-17 -2.419293430048e-01
   endloop
 endfacet
 facet normal -5.229308684087e-17 -1.000000000000e+00 -2.955765275303e-17
   outer loop
     vertex -3.761862622423e+00 2.220446049250e-16 -5.000000000000e-01
     vertex -6.287954243305e-01 5.551115123126e-17 -4.087986232132e-01
     vertex -6.745320173722e-01 5.551115123126e-17 -3.278819262171e-01
   endloop
 endfacet
 facet normal -5.199928179254e-17 -1.000000000000e+00 -3.965082230804e-17
   outer loop
     vertex -3.761862622423e+00 2.220446049250e-16 -5.000000000000e-01
     vertex -3.761862622423e+00 3.053113317719e-16 -2.600000000000e+00
     vertex -6.287954243305e-01 5.551115123126e-17 -4.087986232132e-01
   endloop
 endfacet
 facet normal -5.337955257449e-17 -1.000000000000e+00 -4.043486689228e-17
   outer loop
     vertex -5.645324062679e+00 2.498001805407e-16 1.299999825656e+00
     vertex -3.761862622423e+00 2.220446049250e-16 -5.000000000000e-01
     vertex -5.908183267369e-01 1.387778780781e-17 4.619888578654e-01
   endloop
 endfacet
 facet normal -5.157764984107e-17 -1.000000000000e+00 -3.854941431106e-17
   outer loop
     vertex -5.645324062679e+00 2.498001805407e-16 1.299999825656e+00
     vertex -5.645324062679e+00 3.191891195797e-16 -5.000000000000e-01
     vertex -3.761862622423e+00 2.220446049250e-16 -5.000000000000e-01
   endloop
 endfacet
 facet normal -6.953885634948e-17 -1.000000000000e+00 -1.379005287497e-16
   outer loop
     vertex -5.645324062679e+00 2.498001805407e-16 1.299999825656e+00
     vertex -5.908183267369e-01 1.387778780781e-17 4.619888578654e-01
     vertex -5.291365670604e-01 0.000000000000e+00 5.315209247053e-01
   endloop
 endfacet
 facet normal -5.611637674924e-17 -1.000000000000e+00 -4.853968591334e-17
   outer loop
     vertex -5.645324062679e+00 2.498001805407e-16 1.299999825656e+00
     vertex -5.291365670604e-01 0.000000000000e+00 5.315209247053e-01
     vertex 2.384357645390e-03 -5.551115123126e-17 1.060657491765e+00
   endloop
 endfacet
 facet normal -5.367407863233e-17 -1.000000000000e+00 9.090685678590e-18
   outer loop
     vertex -5.645324062679e+00 2.498001805407e-16 1.299999825656e+00
     vertex 2.384357645390e-03 -5.551115123126e-17 1.060657491765e+00
     vertex 5.472610160725e+00 -3.469446951954e-16 1.299999825656e+00
   endloop
 endfacet
 facet normal 4.988747396559e-01 7.071067811865e-01 -5.011227336025e-01
   outer loop
     vertex -5.291365670604e-01 1.330000000000e+01 5.315209247053e-01
     vertex 1.430614587231e-03 1.300000000000e+01 6.363944950593e-01
     vertex -3.174819402364e-01 1.300000000000e+01 3.189125548230e-01
   endloop
 endfacet
 facet normal 4.988747396559e-01 7.071067811865e-01 -5.011227336025e-01
   outer loop
     vertex -5.291365670604e-01 1.330000000000e+01 5.315209247053e-01
     vertex 2.384357645391e-03 1.330000000000e+01 1.060657491765e+00
     vertex 1.430614587231e-03 1.300000000000e+01 6.363944950593e-01
   endloop
 endfacet
 facet normal -6.300353742874e-01 7.064263769144e-01 -3.225169780741e-01
   outer loop
     vertex 4.731113740395e-01 1.310000000000e+01 2.804739341800e-01
     vertex 4.125033097268e-01 1.300000000000e+01 1.798360905504e-01
     vertex 3.870911242142e-01 1.300000000000e+01 2.294786734200e-01
   endloop
 endfacet
 facet normal -5.853040942208e-01 7.064263769144e-01 -3.979709678959e-01
   outer loop
     vertex 4.731113740395e-01 1.310000000000e+01 2.804739341800e-01
     vertex 3.870911242142e-01 1.300000000000e+01 2.294786734200e-01
     vertex 3.557336678557e-01 1.300000000000e+01 2.755967299405e-01
   endloop
 endfacet
 facet normal -5.544398910498e-01 6.745606020014e-01 -4.874057872453e-01
   outer loop
     vertex 4.731113740395e-01 1.310000000000e+01 2.804739341800e-01
     vertex 3.557336678557e-01 1.300000000000e+01 2.755967299405e-01
     vertex 3.189125548230e-01 1.300000000000e+01 3.174819402364e-01
   endloop
 endfacet
 facet normal -5.057850317906e-01 7.392445796933e-01 -4.446335041478e-01
   outer loop
     vertex 5.591316238649e-01 1.320000000000e+01 3.314691949400e-01
     vertex 5.315209247051e-01 1.330000000000e+01 5.291365670606e-01
     vertex 5.928894464262e-01 1.330000000000e+01 4.593278832342e-01
   endloop
 endfacet
 facet normal -5.853040942208e-01 7.064263769144e-01 -3.979709678959e-01
   outer loop
     vertex 5.591316238649e-01 1.320000000000e+01 3.314691949400e-01
     vertex 5.928894464262e-01 1.330000000000e+01 4.593278832342e-01
     vertex 6.451518736903e-01 1.330000000000e+01 3.824644557000e-01
   endloop
 endfacet
 facet normal -6.300353742875e-01 7.064263769144e-01 -3.225169780740e-01
   outer loop
     vertex 5.591316238649e-01 1.320000000000e+01 3.314691949400e-01
     vertex 6.451518736903e-01 1.330000000000e+01 3.824644557000e-01
     vertex 6.875055162113e-01 1.330000000000e+01 2.997268175839e-01
   endloop
 endfacet
 facet normal -5.611319624125e-01 7.043759982656e-01 -4.347244803624e-01
   outer loop
     vertex 5.591316238649e-01 1.320000000000e+01 3.314691949400e-01
     vertex 3.189125548230e-01 1.300000000000e+01 3.174819402364e-01
     vertex 5.315209247051e-01 1.330000000000e+01 5.291365670606e-01
   endloop
 endfacet
 facet normal -5.611319624125e-01 7.043759982656e-01 -4.347244803624e-01
   outer loop
     vertex 5.591316238649e-01 1.320000000000e+01 3.314691949400e-01
     vertex 4.731113740395e-01 1.310000000000e+01 2.804739341800e-01
     vertex 3.189125548230e-01 1.300000000000e+01 3.174819402364e-01
   endloop
 endfacet
 facet normal -6.620163540912e-01 6.916906983488e-01 -2.886144915516e-01
   outer loop
     vertex 5.274865721753e-01 1.310000000000e+01 1.557495302552e-01
     vertex 4.125033097268e-01 1.300000000000e+01 1.798360905504e-01
     vertex 4.731113740395e-01 1.310000000000e+01 2.804739341800e-01
   endloop
 endfacet
 facet normal -6.899296968591e-01 7.064263769144e-01 -1.579835035421e-01
   outer loop
     vertex 5.274865721753e-01 1.310000000000e+01 1.557495302552e-01
     vertex 4.440279684443e-01 1.300000000000e+01 7.306957806956e-02
     vertex 4.315799226889e-01 1.300000000000e+01 1.274314338452e-01
   endloop
 endfacet
 facet normal -6.650900415148e-01 7.064263769144e-01 -2.421095014191e-01
   outer loop
     vertex 5.274865721753e-01 1.310000000000e+01 1.557495302552e-01
     vertex 4.315799226889e-01 1.300000000000e+01 1.274314338452e-01
     vertex 4.125033097268e-01 1.300000000000e+01 1.798360905504e-01
   endloop
 endfacet
 facet normal -6.506800244236e-01 7.043759982656e-01 -2.836722737305e-01
   outer loop
     vertex 6.233932216618e-01 1.320000000000e+01 1.840676266652e-01
     vertex 5.274865721753e-01 1.310000000000e+01 1.557495302552e-01
     vertex 4.731113740395e-01 1.310000000000e+01 2.804739341800e-01
   endloop
 endfacet
 facet normal -6.322154282392e-01 7.241104519094e-01 -2.756223970069e-01
   outer loop
     vertex 6.233932216618e-01 1.320000000000e+01 1.840676266652e-01
     vertex 5.591316238649e-01 1.320000000000e+01 3.314691949400e-01
     vertex 6.875055162113e-01 1.330000000000e+01 2.997268175839e-01
   endloop
 endfacet
 facet normal -6.650900415148e-01 7.064263769144e-01 -2.421095014191e-01
   outer loop
     vertex 6.233932216618e-01 1.320000000000e+01 1.840676266652e-01
     vertex 6.875055162113e-01 1.330000000000e+01 2.997268175839e-01
     vertex 7.192998711482e-01 1.330000000000e+01 2.123857230753e-01
   endloop
 endfacet
 facet normal -6.899296968591e-01 7.064263769144e-01 -1.579835035420e-01
   outer loop
     vertex 6.233932216618e-01 1.320000000000e+01 1.840676266652e-01
     vertex 7.192998711482e-01 1.330000000000e+01 2.123857230753e-01
     vertex 7.400466140738e-01 1.330000000000e+01 1.217826301159e-01
   endloop
 endfacet
 facet normal -6.506800244236e-01 7.043759982656e-01 -2.836722737305e-01
   outer loop
     vertex 6.233932216618e-01 1.320000000000e+01 1.840676266652e-01
     vertex 4.731113740395e-01 1.310000000000e+01 2.804739341800e-01
     vertex 5.591316238649e-01 1.320000000000e+01 3.314691949400e-01
   endloop
 endfacet
 facet normal -7.126094987666e-01 6.916906983488e-01 -1.172675576848e-01
   outer loop
     vertex 5.495798726528e-01 1.310000000000e+01 2.149333791861e-02
     vertex 4.440279684443e-01 1.300000000000e+01 7.306957806956e-02
     vertex 5.274865721753e-01 1.310000000000e+01 1.557495302552e-01
   endloop
 endfacet
 facet normal -7.076006889419e-01 7.064263769144e-01 1.621847737867e-02
   outer loop
     vertex 5.495798726528e-01 1.310000000000e+01 2.149333791861e-02
     vertex 4.483783516619e-01 1.300000000000e+01 -3.816875372497e-02
     vertex 4.496562594432e-01 1.300000000000e+01 1.758545829708e-02
   endloop
 endfacet
 facet normal -7.041728320153e-01 7.064263769144e-01 -7.143106222837e-02
   outer loop
     vertex 5.495798726528e-01 1.310000000000e+01 2.149333791861e-02
     vertex 4.496562594432e-01 1.300000000000e+01 1.758545829708e-02
     vertex 4.440279684443e-01 1.300000000000e+01 7.306957806956e-02
   endloop
 endfacet
 facet normal -7.041728320153e-01 7.064263769144e-01 -7.143106222832e-02
   outer loop
     vertex 6.495034858625e-01 1.320000000000e+01 2.540121754017e-02
     vertex 7.400466140738e-01 1.330000000000e+01 1.217826301159e-01
     vertex 7.494270990721e-01 1.330000000000e+01 2.930909716173e-02
   endloop
 endfacet
 facet normal -7.076006889419e-01 7.064263769144e-01 1.621847737873e-02
   outer loop
     vertex 6.495034858625e-01 1.320000000000e+01 2.540121754017e-02
     vertex 7.494270990721e-01 1.330000000000e+01 2.930909716173e-02
     vertex 7.472972527699e-01 1.330000000000e+01 -6.361458954168e-02
   endloop
 endfacet
 facet normal -7.004068150227e-01 7.043759982656e-01 -1.152594748255e-01
   outer loop
     vertex 6.495034858625e-01 1.320000000000e+01 2.540121754017e-02
     vertex 5.274865721753e-01 1.310000000000e+01 1.557495302552e-01
     vertex 6.233932216618e-01 1.320000000000e+01 1.840676266652e-01
   endloop
 endfacet
 facet normal -7.004068150227e-01 7.043759982656e-01 -1.152594748255e-01
   outer loop
     vertex 6.495034858625e-01 1.320000000000e+01 2.540121754017e-02
     vertex 5.495798726528e-01 1.310000000000e+01 2.149333791861e-02
     vertex 5.274865721753e-01 1.310000000000e+01 1.557495302552e-01
   endloop
 endfacet
 facet normal -6.805311026622e-01 7.241104519094e-01 -1.119887125781e-01
   outer loop
     vertex 6.495034858625e-01 1.320000000000e+01 2.540121754017e-02
     vertex 6.233932216618e-01 1.320000000000e+01 1.840676266652e-01
     vertex 7.400466140738e-01 1.330000000000e+01 1.217826301159e-01
   endloop
 endfacet
 facet normal -7.195913211394e-01 6.916906983488e-01 6.125608834016e-02
   outer loop
     vertex 5.380391772338e-01 1.310000000000e+01 -1.140782352668e-01
     vertex 4.483783516619e-01 1.300000000000e+01 -3.816875372497e-02
     vertex 5.495798726528e-01 1.310000000000e+01 2.149333791861e-02
   endloop
 endfacet
 facet normal -6.819668952191e-01 7.064263769144e-01 1.894278961101e-01
   outer loop
     vertex 5.380391772338e-01 1.310000000000e+01 -1.140782352668e-01
     vertex 4.252882182408e-01 1.300000000000e+01 -1.470711780927e-01
     vertex 4.402138722822e-01 1.300000000000e+01 -9.333673794548e-02
   endloop
 endfacet
 facet normal -7.001606197310e-01 7.064263769144e-01 1.036189199781e-01
   outer loop
     vertex 5.380391772338e-01 1.310000000000e+01 -1.140782352668e-01
     vertex 4.402138722822e-01 1.300000000000e+01 -9.333673794548e-02
     vertex 4.483783516619e-01 1.300000000000e+01 -3.816875372497e-02
   endloop
 endfacet
 facet normal -7.001606197310e-01 7.064263769144e-01 1.036189199782e-01
   outer loop
     vertex 6.358644821854e-01 1.320000000000e+01 -1.348197325880e-01
     vertex 7.472972527699e-01 1.330000000000e+01 -6.361458954168e-02
     vertex 7.336897871370e-01 1.330000000000e+01 -1.555612299092e-01
   endloop
 endfacet
 facet normal -6.819668952191e-01 7.064263769144e-01 1.894278961102e-01
   outer loop
     vertex 6.358644821854e-01 1.320000000000e+01 -1.348197325880e-01
     vertex 7.336897871370e-01 1.330000000000e+01 -1.555612299092e-01
     vertex 7.088136970680e-01 1.330000000000e+01 -2.451186301545e-01
   endloop
 endfacet
 facet normal -7.072690810739e-01 7.043759982656e-01 6.020714263470e-02
   outer loop
     vertex 6.358644821854e-01 1.320000000000e+01 -1.348197325880e-01
     vertex 5.495798726528e-01 1.310000000000e+01 2.149333791861e-02
     vertex 6.495034858625e-01 1.320000000000e+01 2.540121754017e-02
   endloop
 endfacet
 facet normal -6.871986355622e-01 7.241104519094e-01 5.849862149614e-02
   outer loop
     vertex 6.358644821854e-01 1.320000000000e+01 -1.348197325880e-01
     vertex 6.495034858625e-01 1.320000000000e+01 2.540121754017e-02
     vertex 7.472972527699e-01 1.330000000000e+01 -6.361458954168e-02
   endloop
 endfacet
 facet normal -7.072690810739e-01 7.043759982656e-01 6.020714263470e-02
   outer loop
     vertex 6.358644821854e-01 1.320000000000e+01 -1.348197325880e-01
     vertex 5.380391772338e-01 1.310000000000e+01 -1.140782352668e-01
     vertex 5.495798726528e-01 1.310000000000e+01 2.149333791861e-02
   endloop
 endfacet
 facet normal -6.825345373936e-01 6.916906983488e-01 2.360308943396e-01
   outer loop
     vertex 4.935707703396e-01 1.310000000000e+01 -2.426682811296e-01
     vertex 4.252882182408e-01 1.300000000000e+01 -1.470711780927e-01
     vertex 5.380391772338e-01 1.310000000000e+01 -1.140782352668e-01
   endloop
 endfacet
 facet normal -6.145970902326e-01 7.064263769144e-01 3.510444283522e-01
   outer loop
     vertex 4.935707703396e-01 1.310000000000e+01 -2.426682811296e-01
     vertex 3.761706720650e-01 1.300000000000e+01 -2.469729245851e-01
     vertex 4.038306302779e-01 1.300000000000e+01 -1.985467754696e-01
   endloop
 endfacet
 facet normal -6.532989499197e-01 7.064263769144e-01 2.723274793946e-01
   outer loop
     vertex 4.935707703396e-01 1.310000000000e+01 -2.426682811296e-01
     vertex 4.038306302779e-01 1.300000000000e+01 -1.985467754696e-01
     vertex 4.252882182408e-01 1.300000000000e+01 -1.470711780927e-01
   endloop
 endfacet
 facet normal -6.708468555446e-01 7.043759982656e-01 2.319891149886e-01
   outer loop
     vertex 5.833109104013e-01 1.320000000000e+01 -2.867897867895e-01
     vertex 5.380391772338e-01 1.310000000000e+01 -1.140782352668e-01
     vertex 6.358644821854e-01 1.320000000000e+01 -1.348197325880e-01
   endloop
 endfacet
 facet normal -6.518099774721e-01 7.241104519094e-01 2.254058710489e-01
   outer loop
     vertex 5.833109104013e-01 1.320000000000e+01 -2.867897867895e-01
     vertex 6.358644821854e-01 1.320000000000e+01 -1.348197325880e-01
     vertex 7.088136970680e-01 1.330000000000e+01 -2.451186301545e-01
   endloop
 endfacet
 facet normal -6.532989499196e-01 7.064263769144e-01 2.723274793947e-01
   outer loop
     vertex 5.833109104013e-01 1.320000000000e+01 -2.867897867895e-01
     vertex 7.088136970680e-01 1.330000000000e+01 -2.451186301545e-01
     vertex 6.730510504631e-01 1.330000000000e+01 -3.309112924494e-01
   endloop
 endfacet
 facet normal -6.145970902326e-01 7.064263769144e-01 3.510444283523e-01
   outer loop
     vertex 5.833109104013e-01 1.320000000000e+01 -2.867897867895e-01
     vertex 6.730510504631e-01 1.330000000000e+01 -3.309112924494e-01
     vertex 6.269511201083e-01 1.330000000000e+01 -4.116215409753e-01
   endloop
 endfacet
 facet normal -6.708468555446e-01 7.043759982656e-01 2.319891149886e-01
   outer loop
     vertex 5.833109104013e-01 1.320000000000e+01 -2.867897867895e-01
     vertex 4.935707703396e-01 1.310000000000e+01 -2.426682811296e-01
     vertex 5.380391772338e-01 1.310000000000e+01 -1.140782352668e-01
   endloop
 endfacet
 facet normal -6.037070029849e-01 6.916906983488e-01 3.963607351452e-01
   outer loop
     vertex 4.188960948204e-01 1.310000000000e+01 -3.564071572573e-01
     vertex 3.761706720650e-01 1.300000000000e+01 -2.469729245851e-01
     vertex 4.935707703396e-01 1.310000000000e+01 -2.426682811296e-01
   endloop
 endfacet
 facet normal -5.096142702149e-01 7.064263769144e-01 4.911772282922e-01
   outer loop
     vertex 4.188960948204e-01 1.310000000000e+01 -3.564071572573e-01
     vertex 3.040316808361e-01 1.300000000000e+01 -3.317600594526e-01
     vertex 3.427331684894e-01 1.300000000000e+01 -2.916058559378e-01
   endloop
 endfacet
 facet normal -5.664557318490e-01 7.064263769144e-01 4.243697419173e-01
   outer loop
     vertex 4.188960948204e-01 1.310000000000e+01 -3.564071572573e-01
     vertex 3.427331684894e-01 1.300000000000e+01 -2.916058559378e-01
     vertex 3.761706720650e-01 1.300000000000e+01 -2.469729245851e-01
   endloop
 endfacet
 facet normal -5.933691592652e-01 7.043759982656e-01 3.895734768952e-01
   outer loop
     vertex 4.950590211513e-01 1.320000000000e+01 -4.212084585768e-01
     vertex 4.188960948204e-01 1.310000000000e+01 -3.564071572573e-01
     vertex 4.935707703396e-01 1.310000000000e+01 -2.426682811296e-01
   endloop
 endfacet
 facet normal -5.664557318490e-01 7.064263769144e-01 4.243697419174e-01
   outer loop
     vertex 4.950590211513e-01 1.320000000000e+01 -4.212084585768e-01
     vertex 6.269511201083e-01 1.330000000000e+01 -4.116215409753e-01
     vertex 5.712219474823e-01 1.330000000000e+01 -4.860097598964e-01
   endloop
 endfacet
 facet normal -5.096142702149e-01 7.064263769144e-01 4.911772282923e-01
   outer loop
     vertex 4.950590211513e-01 1.320000000000e+01 -4.212084585768e-01
     vertex 5.712219474823e-01 1.330000000000e+01 -4.860097598964e-01
     vertex 5.067194680600e-01 1.330000000000e+01 -5.529334324211e-01
   endloop
 endfacet
 facet normal -5.765308954445e-01 7.241104519094e-01 3.785184011821e-01
   outer loop
     vertex 4.950590211513e-01 1.320000000000e+01 -4.212084585768e-01
     vertex 5.833109104013e-01 1.320000000000e+01 -2.867897867895e-01
     vertex 6.269511201083e-01 1.330000000000e+01 -4.116215409753e-01
   endloop
 endfacet
 facet normal -5.933691592652e-01 7.043759982656e-01 3.895734768952e-01
   outer loop
     vertex 4.950590211513e-01 1.320000000000e+01 -4.212084585768e-01
     vertex 4.935707703396e-01 1.310000000000e+01 -2.426682811296e-01
     vertex 5.833109104013e-01 1.320000000000e+01 -2.867897867895e-01
   endloop
 endfacet
 facet normal -4.879329210924e-01 6.916906983488e-01 5.324335097757e-01
   outer loop
     vertex 3.185852011000e-01 1.310000000000e+01 -4.483341049263e-01
     vertex 3.040316808361e-01 1.300000000000e+01 -3.317600594526e-01
     vertex 4.188960948204e-01 1.310000000000e+01 -3.564071572573e-01
   endloop
 endfacet
 facet normal -3.734433279130e-01 7.064263769144e-01 6.012502431074e-01
   outer loop
     vertex 3.185852011000e-01 1.310000000000e+01 -4.483341049263e-01
     vertex 2.132861124479e-01 1.300000000000e+01 -3.962436551377e-01
     vertex 2.606606190819e-01 1.300000000000e+01 -3.668188131215e-01
   endloop
 endfacet
 facet normal -4.449457242749e-01 7.064263769144e-01 5.504408019479e-01
   outer loop
     vertex 3.185852011000e-01 1.310000000000e+01 -4.483341049263e-01
     vertex 2.606606190819e-01 1.300000000000e+01 -3.668188131215e-01
     vertex 3.040316808361e-01 1.300000000000e+01 -3.317600594526e-01
   endloop
 endfacet
 facet normal -4.659684292602e-01 7.241104519094e-01 5.084658064888e-01
   outer loop
     vertex 3.765097831182e-01 1.320000000000e+01 -5.298493967311e-01
     vertex 4.950590211513e-01 1.320000000000e+01 -4.212084585768e-01
     vertex 5.067194680600e-01 1.330000000000e+01 -5.529334324211e-01
   endloop
 endfacet
 facet normal -4.795775860391e-01 7.043759982656e-01 5.233161492217e-01
   outer loop
     vertex 3.765097831182e-01 1.320000000000e+01 -5.298493967311e-01
     vertex 4.188960948204e-01 1.310000000000e+01 -3.564071572573e-01
     vertex 4.950590211513e-01 1.320000000000e+01 -4.212084585768e-01
   endloop
 endfacet
 facet normal -4.449457242748e-01 7.064263769144e-01 5.504408019480e-01
   outer loop
     vertex 3.765097831182e-01 1.320000000000e+01 -5.298493967311e-01
     vertex 5.067194680600e-01 1.330000000000e+01 -5.529334324211e-01
     vertex 4.344343651364e-01 1.330000000000e+01 -6.113646885359e-01
   endloop
 endfacet
 facet normal -3.734433279129e-01 7.064263769144e-01 6.012502431075e-01
   outer loop
     vertex 3.765097831182e-01 1.320000000000e+01 -5.298493967311e-01
     vertex 4.344343651364e-01 1.330000000000e+01 -6.113646885359e-01
     vertex 3.554768540797e-01 1.330000000000e+01 -6.604060918962e-01
   endloop
 endfacet
 facet normal -4.795775860391e-01 7.043759982656e-01 5.233161492217e-01
   outer loop
     vertex 3.765097831182e-01 1.320000000000e+01 -5.298493967311e-01
     vertex 3.185852011000e-01 1.310000000000e+01 -4.483341049263e-01
     vertex 4.188960948204e-01 1.310000000000e+01 -3.564071572573e-01
   endloop
 endfacet
 facet normal -2.144178525694e-01 7.064263769145e-01 6.745270628367e-01
   outer loop
     vertex 1.987770625210e-01 1.310000000000e+01 -5.128232438331e-01
     vertex 1.094875474202e-01 1.300000000000e+01 -4.364773498819e-01
     vertex 1.626357784264e-01 1.300000000000e+01 -4.195826540452e-01
   endloop
 endfacet
 facet normal -2.962052750323e-01 7.064263769144e-01 6.428251776670e-01
   outer loop
     vertex 1.987770625210e-01 1.310000000000e+01 -5.128232438331e-01
     vertex 1.626357784264e-01 1.300000000000e+01 -4.195826540452e-01
     vertex 2.132861124479e-01 1.300000000000e+01 -3.962436551377e-01
   endloop
 endfacet
 facet normal -3.422976039501e-01 6.916906983488e-01 6.359216367980e-01
   outer loop
     vertex 1.987770625210e-01 1.310000000000e+01 -5.128232438331e-01
     vertex 2.132861124479e-01 1.300000000000e+01 -3.962436551377e-01
     vertex 3.185852011000e-01 1.310000000000e+01 -4.483341049263e-01
   endloop
 endfacet
 facet normal -3.364361196245e-01 7.043759982656e-01 6.250321515565e-01
   outer loop
     vertex 2.349183466157e-01 1.320000000000e+01 -6.060638336210e-01
     vertex 3.185852011000e-01 1.310000000000e+01 -4.483341049263e-01
     vertex 3.765097831182e-01 1.320000000000e+01 -5.298493967311e-01
   endloop
 endfacet
 facet normal -3.268889430438e-01 7.241104519094e-01 6.072953748805e-01
   outer loop
     vertex 2.349183466157e-01 1.320000000000e+01 -6.060638336210e-01
     vertex 3.765097831182e-01 1.320000000000e+01 -5.298493967311e-01
     vertex 3.554768540797e-01 1.330000000000e+01 -6.604060918962e-01
   endloop
 endfacet
 facet normal -3.364361196245e-01 7.043759982656e-01 6.250321515565e-01
   outer loop
     vertex 2.349183466157e-01 1.320000000000e+01 -6.060638336210e-01
     vertex 1.987770625210e-01 1.310000000000e+01 -5.128232438331e-01
     vertex 3.185852011000e-01 1.310000000000e+01 -4.483341049263e-01
   endloop
 endfacet
 facet normal -2.962052750322e-01 7.064263769144e-01 6.428251776670e-01
   outer loop
     vertex 2.349183466157e-01 1.320000000000e+01 -6.060638336210e-01
     vertex 3.554768540797e-01 1.330000000000e+01 -6.604060918962e-01
     vertex 2.710596307105e-01 1.330000000000e+01 -6.993044234088e-01
   endloop
 endfacet
 facet normal -2.144178525693e-01 7.064263769144e-01 6.745270628367e-01
   outer loop
     vertex 2.349183466157e-01 1.320000000000e+01 -6.060638336210e-01
     vertex 2.710596307105e-01 1.330000000000e+01 -6.993044234088e-01
     vertex 1.824792457002e-01 1.330000000000e+01 -7.274622498032e-01
   endloop
 endfacet
 facet normal -1.757138555069e-01 6.916906983488e-01 7.004916978814e-01
   outer loop
     vertex 6.680387344100e-02 1.310000000000e+01 -5.459278729771e-01
     vertex 1.094875474202e-01 1.300000000000e+01 -4.364773498819e-01
     vertex 1.987770625210e-01 1.310000000000e+01 -5.128232438331e-01
   endloop
 endfacet
 facet normal -4.227011869282e-02 7.064263769145e-01 7.065231850868e-01
   outer loop
     vertex 6.680387344100e-02 1.310000000000e+01 -5.459278729771e-01
     vertex -1.011597275493e-03 1.300000000000e+01 -4.499988629663e-01
     vertex 5.465771463364e-02 1.300000000000e+01 -4.466682597085e-01
   endloop
 endfacet
 facet normal -1.293372205030e-01 7.064263769144e-01 6.958689944179e-01
   outer loop
     vertex 6.680387344100e-02 1.310000000000e+01 -5.459278729771e-01
     vertex 5.465771463364e-02 1.300000000000e+01 -4.466682597085e-01
     vertex 1.094875474202e-01 1.300000000000e+01 -4.364773498819e-01
   endloop
 endfacet
 facet normal -1.727049416321e-01 7.043759982656e-01 6.884965186573e-01
   outer loop
     vertex 7.895003224846e-02 1.320000000000e+01 -6.451874862456e-01
     vertex 6.680387344100e-02 1.310000000000e+01 -5.459278729771e-01
     vertex 1.987770625210e-01 1.310000000000e+01 -5.128232438331e-01
   endloop
 endfacet
 facet normal -1.293372205029e-01 7.064263769144e-01 6.958689944179e-01
   outer loop
     vertex 7.895003224846e-02 1.320000000000e+01 -6.451874862456e-01
     vertex 1.824792457002e-01 1.330000000000e+01 -7.274622498032e-01
     vertex 9.109619105591e-02 1.330000000000e+01 -7.444470995142e-01
   endloop
 endfacet
 facet normal -4.227011869267e-02 7.064263769144e-01 7.065231850868e-01
   outer loop
     vertex 7.895003224846e-02 1.320000000000e+01 -6.451874862456e-01
     vertex 9.109619105591e-02 1.330000000000e+01 -7.444470995142e-01
     vertex -1.685995459320e-03 1.330000000000e+01 -7.499981049438e-01
   endloop
 endfacet
 facet normal -1.727049416321e-01 7.043759982656e-01 6.884965186573e-01
   outer loop
     vertex 7.895003224846e-02 1.320000000000e+01 -6.451874862456e-01
     vertex 1.987770625210e-01 1.310000000000e+01 -5.128232438331e-01
     vertex 2.349183466157e-01 1.320000000000e+01 -6.060638336210e-01
   endloop
 endfacet
 facet normal -1.678040273784e-01 7.241104519094e-01 6.689587893369e-01
   outer loop
     vertex 7.895003224846e-02 1.320000000000e+01 -6.451874862456e-01
     vertex 2.349183466157e-01 1.320000000000e+01 -6.060638336210e-01
     vertex 1.824792457002e-01 1.330000000000e+01 -7.274622498032e-01
   endloop
 endfacet
 facet normal 1.324645239652e-01 7.064263769145e-01 6.952804641943e-01
   outer loop
     vertex -6.925767716205e-02 1.310000000000e+01 -5.456220066622e-01
     vertex -1.114488327560e-01 1.300000000000e+01 -4.359806849820e-01
     vertex -5.666537222339e-02 1.300000000000e+01 -4.464180054509e-01
   endloop
 endfacet
 facet normal 4.544620312937e-02 7.064263769144e-01 7.063259988282e-01
   outer loop
     vertex -6.925767716205e-02 1.310000000000e+01 -5.456220066622e-01
     vertex -5.666537222339e-02 1.300000000000e+01 -4.464180054509e-01
     vertex -1.011597275493e-03 1.300000000000e+01 -4.499988629663e-01
   endloop
 endfacet
 facet normal 1.623487434897e-03 6.916906983488e-01 7.221920396310e-01
   outer loop
     vertex -6.925767716205e-02 1.310000000000e+01 -5.456220066622e-01
     vertex -1.011597275493e-03 1.300000000000e+01 -4.499988629663e-01
     vertex 6.680387344100e-02 1.310000000000e+01 -5.459278729771e-01
   endloop
 endfacet
 facet normal 1.550405511211e-03 7.241104519094e-01 6.896822816908e-01
   outer loop
     vertex -8.184998210060e-02 1.320000000000e+01 -6.448260078735e-01
     vertex 7.895003224846e-02 1.320000000000e+01 -6.451874862456e-01
     vertex -1.685995459320e-03 1.330000000000e+01 -7.499981049438e-01
   endloop
 endfacet
 facet normal 1.595686930182e-03 7.043759982656e-01 7.098252650128e-01
   outer loop
     vertex -8.184998210060e-02 1.320000000000e+01 -6.448260078735e-01
     vertex -6.925767716205e-02 1.310000000000e+01 -5.456220066622e-01
     vertex 6.680387344100e-02 1.310000000000e+01 -5.459278729771e-01
   endloop
 endfacet
 facet normal 1.595686930183e-03 7.043759982656e-01 7.098252650128e-01
   outer loop
     vertex -8.184998210060e-02 1.320000000000e+01 -6.448260078735e-01
     vertex 6.680387344100e-02 1.310000000000e+01 -5.459278729771e-01
     vertex 7.895003224846e-02 1.320000000000e+01 -6.451874862456e-01
   endloop
 endfacet
 facet normal 4.544620312953e-02 7.064263769144e-01 7.063259988282e-01
   outer loop
     vertex -8.184998210060e-02 1.320000000000e+01 -6.448260078735e-01
     vertex -1.685995459320e-03 1.330000000000e+01 -7.499981049438e-01
     vertex -9.444228703916e-02 1.330000000000e+01 -7.440300090849e-01
   endloop
 endfacet
 facet normal 1.324645239654e-01 7.064263769144e-01 6.952804641943e-01
   outer loop
     vertex -8.184998210060e-02 1.320000000000e+01 -6.448260078735e-01
     vertex -9.444228703916e-02 1.330000000000e+01 -7.440300090849e-01
     vertex -1.857480545935e-01 1.330000000000e+01 -7.266344749699e-01
   endloop
 endfacet
 facet normal 1.757986603010e-01 7.043759982656e-01 6.877130826905e-01
   outer loop
     vertex -2.010806947595e-01 1.310000000000e+01 -5.119243637443e-01
     vertex -6.925767716205e-02 1.310000000000e+01 -5.456220066622e-01
     vertex -8.184998210060e-02 1.320000000000e+01 -6.448260078735e-01
   endloop
 endfacet
 facet normal 2.990924082116e-01 7.064263769145e-01 6.414869486979e-01
   outer loop
     vertex -2.010806947595e-01 1.310000000000e+01 -5.119243637443e-01
     vertex -2.150654589490e-01 1.300000000000e+01 -3.952807209655e-01
     vertex -1.645205684395e-01 1.300000000000e+01 -4.188472067000e-01
   endloop
 endfacet
 facet normal 2.174483433021e-01 7.064263769144e-01 6.735562277901e-01
   outer loop
     vertex -2.010806947595e-01 1.310000000000e+01 -5.119243637443e-01
     vertex -1.645205684395e-01 1.300000000000e+01 -4.188472067000e-01
     vertex -1.114488327560e-01 1.300000000000e+01 -4.359806849820e-01
   endloop
 endfacet
 facet normal 1.788614738092e-01 6.916906983488e-01 6.996946126737e-01
   outer loop
     vertex -2.010806947595e-01 1.310000000000e+01 -5.119243637443e-01
     vertex -1.114488327560e-01 1.300000000000e+01 -4.359806849820e-01
     vertex -6.925767716205e-02 1.310000000000e+01 -5.456220066622e-01
   endloop
 endfacet
 facet normal 2.174483433023e-01 7.064263769144e-01 6.735562277900e-01
   outer loop
     vertex -2.376408210794e-01 1.320000000000e+01 -6.050015207888e-01
     vertex -1.857480545935e-01 1.330000000000e+01 -7.266344749699e-01
     vertex -2.742009473993e-01 1.330000000000e+01 -6.980786778332e-01
   endloop
 endfacet
 facet normal 2.990924082118e-01 7.064263769144e-01 6.414869486978e-01
   outer loop
     vertex -2.376408210794e-01 1.320000000000e+01 -6.050015207888e-01
     vertex -2.742009473993e-01 1.330000000000e+01 -6.980786778332e-01
     vertex -3.584424315819e-01 1.330000000000e+01 -6.588012016091e-01
   endloop
 endfacet
 facet normal 1.757986603010e-01 7.043759982656e-01 6.877130826905e-01
   outer loop
     vertex -2.376408210794e-01 1.320000000000e+01 -6.050015207888e-01
     vertex -2.010806947595e-01 1.310000000000e+01 -5.119243637443e-01
     vertex -8.184998210060e-02 1.320000000000e+01 -6.448260078735e-01
   endloop
 endfacet
 facet normal 1.708099544081e-01 7.241104519094e-01 6.681975852325e-01
   outer loop
     vertex -2.376408210794e-01 1.320000000000e+01 -6.050015207888e-01
     vertex -8.184998210060e-02 1.320000000000e+01 -6.448260078735e-01
     vertex -1.857480545935e-01 1.330000000000e+01 -7.266344749699e-01
   endloop
 endfacet
 facet normal 4.474159961563e-01 7.064263769145e-01 5.484347731344e-01
   outer loop
     vertex -3.205976807881e-01 1.310000000000e+01 -4.468972220469e-01
     vertex -3.055201934432e-01 1.300000000000e+01 -3.303897870674e-01
     vertex -2.623071933720e-01 1.300000000000e+01 -3.656431816748e-01
   endloop
 endfacet
 facet normal 3.761427605209e-01 7.064263769144e-01 5.995651738613e-01
   outer loop
     vertex -3.205976807881e-01 1.310000000000e+01 -4.468972220469e-01
     vertex -2.623071933720e-01 1.300000000000e+01 -3.656431816748e-01
     vertex -2.150654589490e-01 1.300000000000e+01 -3.952807209655e-01
   endloop
 endfacet
 facet normal 3.451532331189e-01 6.916906983488e-01 6.343762475734e-01
   outer loop
     vertex -3.205976807881e-01 1.310000000000e+01 -4.468972220469e-01
     vertex -2.150654589490e-01 1.300000000000e+01 -3.952807209655e-01
     vertex -2.010806947595e-01 1.310000000000e+01 -5.119243637443e-01
   endloop
 endfacet
 facet normal 3.392428491650e-01 7.043759982656e-01 6.235132254874e-01
   outer loop
     vertex -3.788881682041e-01 1.320000000000e+01 -5.281512624191e-01
     vertex -2.010806947595e-01 1.310000000000e+01 -5.119243637443e-01
     vertex -2.376408210794e-01 1.320000000000e+01 -6.050015207888e-01
   endloop
 endfacet
 facet normal 3.296160249455e-01 7.241104519094e-01 6.058195519581e-01
   outer loop
     vertex -3.788881682041e-01 1.320000000000e+01 -5.281512624191e-01
     vertex -2.376408210794e-01 1.320000000000e+01 -6.050015207888e-01
     vertex -3.584424315819e-01 1.330000000000e+01 -6.588012016091e-01
   endloop
 endfacet
 facet normal 3.761427605210e-01 7.064263769144e-01 5.995651738612e-01
   outer loop
     vertex -3.788881682041e-01 1.320000000000e+01 -5.281512624191e-01
     vertex -3.584424315819e-01 1.330000000000e+01 -6.588012016091e-01
     vertex -4.371786556202e-01 1.330000000000e+01 -6.094053027913e-01
   endloop
 endfacet
 facet normal 4.474159961565e-01 7.064263769144e-01 5.484347731343e-01
   outer loop
     vertex -3.788881682041e-01 1.320000000000e+01 -5.281512624191e-01
     vertex -4.371786556202e-01 1.330000000000e+01 -6.094053027913e-01
     vertex -5.092003224054e-01 1.330000000000e+01 -5.506496451122e-01
   endloop
 endfacet
 facet normal 3.392428491650e-01 7.043759982656e-01 6.235132254874e-01
   outer loop
     vertex -3.788881682041e-01 1.320000000000e+01 -5.281512624191e-01
     vertex -3.205976807881e-01 1.310000000000e+01 -4.468972220469e-01
     vertex -2.010806947595e-01 1.310000000000e+01 -5.119243637443e-01
   endloop
 endfacet
 facet normal 5.683579631073e-01 7.064263769145e-01 4.218186811558e-01
   outer loop
     vertex -4.204942592716e-01 1.310000000000e+01 -3.545202080554e-01
     vertex -3.772772545982e-01 1.300000000000e+01 -2.452791739281e-01
     vertex -3.440407575858e-01 1.300000000000e+01 -2.900619884090e-01
   endloop
 endfacet
 facet normal 5.118174408581e-01 7.064263769144e-01 4.888810501881e-01
   outer loop
     vertex -4.204942592716e-01 1.310000000000e+01 -3.545202080554e-01
     vertex -3.440407575858e-01 1.300000000000e+01 -2.900619884090e-01
     vertex -3.055201934432e-01 1.300000000000e+01 -3.303897870674e-01
   endloop
 endfacet
 facet normal 4.903217981414e-01 6.916906983488e-01 5.302343935329e-01
   outer loop
     vertex -4.204942592716e-01 1.310000000000e+01 -3.545202080554e-01
     vertex -3.055201934432e-01 1.300000000000e+01 -3.303897870674e-01
     vertex -3.205976807881e-01 1.310000000000e+01 -4.468972220469e-01
   endloop
 endfacet
 facet normal 4.682497700719e-01 7.241104519094e-01 5.063656843262e-01
   outer loop
     vertex -4.969477609574e-01 1.320000000000e+01 -4.189784277018e-01
     vertex -3.788881682041e-01 1.320000000000e+01 -5.281512624191e-01
     vertex -5.092003224054e-01 1.330000000000e+01 -5.506496451122e-01
   endloop
 endfacet
 facet normal 5.118174408582e-01 7.064263769144e-01 4.888810501880e-01
   outer loop
     vertex -4.969477609574e-01 1.320000000000e+01 -4.189784277018e-01
     vertex -5.092003224054e-01 1.330000000000e+01 -5.506496451122e-01
     vertex -5.734012626431e-01 1.330000000000e+01 -4.834366473482e-01
   endloop
 endfacet
 facet normal 5.683579631074e-01 7.064263769144e-01 4.218186811557e-01
   outer loop
     vertex -4.969477609574e-01 1.320000000000e+01 -4.189784277018e-01
     vertex -5.734012626431e-01 1.330000000000e+01 -4.834366473482e-01
     vertex -6.287954243305e-01 1.330000000000e+01 -4.087986232132e-01
   endloop
 endfacet
 facet normal 4.819255560961e-01 7.043759982656e-01 5.211546905179e-01
   outer loop
     vertex -4.969477609574e-01 1.320000000000e+01 -4.189784277018e-01
     vertex -4.204942592716e-01 1.310000000000e+01 -3.545202080554e-01
     vertex -3.205976807881e-01 1.310000000000e+01 -4.468972220469e-01
   endloop
 endfacet
 facet normal 4.819255560961e-01 7.043759982656e-01 5.211546905179e-01
   outer loop
     vertex -4.969477609574e-01 1.320000000000e+01 -4.189784277018e-01
     vertex -3.205976807881e-01 1.310000000000e+01 -4.468972220469e-01
     vertex -3.788881682041e-01 1.320000000000e+01 -5.281512624191e-01
   endloop
 endfacet
 facet normal 6.545167250136e-01 7.064263769145e-01 2.693875102469e-01
   outer loop
     vertex -4.946568127396e-01 1.310000000000e+01 -2.404467458925e-01
     vertex -4.259451484376e-01 1.300000000000e+01 -1.451576058030e-01
     vertex -4.047192104232e-01 1.300000000000e+01 -1.967291557304e-01
   endloop
 endfacet
 facet normal 6.161691660396e-01 7.064263769144e-01 3.482776662689e-01
   outer loop
     vertex -4.946568127396e-01 1.310000000000e+01 -2.404467458925e-01
     vertex -4.047192104232e-01 1.300000000000e+01 -1.967291557304e-01
     vertex -3.772772545982e-01 1.300000000000e+01 -2.452791739281e-01
   endloop
 endfacet
 facet normal 5.951146753200e-01 7.043759982656e-01 3.869017656797e-01
   outer loop
     vertex -4.946568127396e-01 1.310000000000e+01 -2.404467458925e-01
     vertex -4.204942592716e-01 1.310000000000e+01 -3.545202080554e-01
     vertex -4.969477609574e-01 1.320000000000e+01 -4.189784277018e-01
   endloop
 endfacet
 facet normal 6.054829299094e-01 6.916906983488e-01 3.936424766284e-01
   outer loop
     vertex -4.946568127396e-01 1.310000000000e+01 -2.404467458925e-01
     vertex -3.772772545982e-01 1.300000000000e+01 -2.452791739281e-01
     vertex -4.204942592716e-01 1.310000000000e+01 -3.545202080554e-01
   endloop
 endfacet
 facet normal 5.782268783219e-01 7.241104519094e-01 3.759225061387e-01
   outer loop
     vertex -5.845944150559e-01 1.320000000000e+01 -2.841643360548e-01
     vertex -4.969477609574e-01 1.320000000000e+01 -4.189784277018e-01
     vertex -6.287954243305e-01 1.330000000000e+01 -4.087986232132e-01
   endloop
 endfacet
 facet normal 5.951146753200e-01 7.043759982656e-01 3.869017656797e-01
   outer loop
     vertex -5.845944150559e-01 1.320000000000e+01 -2.841643360548e-01
     vertex -4.946568127396e-01 1.310000000000e+01 -2.404467458925e-01
     vertex -4.969477609574e-01 1.320000000000e+01 -4.189784277018e-01
   endloop
 endfacet
 facet normal 6.161691660397e-01 7.064263769144e-01 3.482776662687e-01
   outer loop
     vertex -5.845944150559e-01 1.320000000000e+01 -2.841643360548e-01
     vertex -6.287954243305e-01 1.330000000000e+01 -4.087986232132e-01
     vertex -6.745320173722e-01 1.330000000000e+01 -3.278819262171e-01
   endloop
 endfacet
 facet normal 6.545167250137e-01 7.064263769144e-01 2.693875102467e-01
   outer loop
     vertex -5.845944150559e-01 1.320000000000e+01 -2.841643360548e-01
     vertex -6.745320173722e-01 1.330000000000e+01 -3.278819262171e-01
     vertex -7.099085807294e-01 1.330000000000e+01 -2.419293430048e-01
   endloop
 endfacet
 facet normal 7.006194114725e-01 7.064263769145e-01 1.004699669923e-01
   outer loop
     vertex -5.385466323653e-01 1.310000000000e+01 -1.116580707696e-01
     vertex -4.485454257437e-01 1.300000000000e+01 -3.615246940913e-02
     vertex -4.406290628443e-01 1.300000000000e+01 -9.135660335706e-02
   endloop
 endfacet
 facet normal 6.828116659867e-01 7.064263769144e-01 1.863598744154e-01
   outer loop
     vertex -5.385466323653e-01 1.310000000000e+01 -1.116580707696e-01
     vertex -4.406290628443e-01 1.300000000000e+01 -9.135660335706e-02
     vertex -4.259451484376e-01 1.300000000000e+01 -1.451576058030e-01
   endloop
 endfacet
 facet normal 6.835888284103e-01 6.916906983488e-01 2.329598495243e-01
   outer loop
     vertex -5.385466323653e-01 1.310000000000e+01 -1.116580707696e-01
     vertex -4.259451484376e-01 1.300000000000e+01 -1.451576058030e-01
     vertex -4.946568127396e-01 1.310000000000e+01 -2.404467458925e-01
   endloop
 endfacet
 facet normal 6.718830929431e-01 7.043759982656e-01 2.289706585667e-01
   outer loop
     vertex -6.364642018863e-01 1.320000000000e+01 -1.319595381822e-01
     vertex -5.385466323653e-01 1.310000000000e+01 -1.116580707696e-01
     vertex -4.946568127396e-01 1.310000000000e+01 -2.404467458925e-01
   endloop
 endfacet
 facet normal 6.528168091652e-01 7.241104519094e-01 2.224730705207e-01
   outer loop
     vertex -6.364642018863e-01 1.320000000000e+01 -1.319595381822e-01
     vertex -5.845944150559e-01 1.320000000000e+01 -2.841643360548e-01
     vertex -7.099085807294e-01 1.330000000000e+01 -2.419293430048e-01
   endloop
 endfacet
 facet normal 6.718830929431e-01 7.043759982656e-01 2.289706585667e-01
   outer loop
     vertex -6.364642018863e-01 1.320000000000e+01 -1.319595381822e-01
     vertex -4.946568127396e-01 1.310000000000e+01 -2.404467458925e-01
     vertex -5.845944150559e-01 1.320000000000e+01 -2.841643360548e-01
   endloop
 endfacet
 facet normal 6.828116659867e-01 7.064263769144e-01 1.863598744152e-01
   outer loop
     vertex -6.364642018863e-01 1.320000000000e+01 -1.319595381822e-01
     vertex -7.099085807294e-01 1.330000000000e+01 -2.419293430048e-01
     vertex -7.343817714072e-01 1.330000000000e+01 -1.522610055948e-01
   endloop
 endfacet
 facet normal 7.006194114726e-01 7.064263769144e-01 1.004699669921e-01
   outer loop
     vertex -6.364642018863e-01 1.320000000000e+01 -1.319595381822e-01
     vertex -7.343817714072e-01 1.330000000000e+01 -1.522610055948e-01
     vertex -7.475757095729e-01 1.330000000000e+01 -6.025411568161e-02
   endloop
 endfacet
 facet normal 7.038445625938e-01 7.064263769145e-01 -7.459628480436e-02
   outer loop
     vertex -5.494776845317e-01 1.310000000000e+01 2.396401889597e-02
     vertex -4.436949615661e-01 1.300000000000e+01 7.506517888391e-02
     vertex -4.495726509805e-01 1.300000000000e+01 1.960692455108e-02
   endloop
 endfacet
 facet normal 7.076664551483e-01 7.064263769144e-01 1.303695736856e-02
   outer loop
     vertex -5.494776845317e-01 1.310000000000e+01 2.396401889597e-02
     vertex -4.495726509805e-01 1.300000000000e+01 1.960692455108e-02
     vertex -4.485454257437e-01 1.300000000000e+01 -3.615246940913e-02
   endloop
 endfacet
 facet normal 7.198594541989e-01 6.916906983488e-01 5.802020353575e-02
   outer loop
     vertex -5.494776845317e-01 1.310000000000e+01 2.396401889597e-02
     vertex -4.485454257437e-01 1.300000000000e+01 -3.615246940913e-02
     vertex -5.385466323653e-01 1.310000000000e+01 -1.116580707696e-01
   endloop
 endfacet
 facet normal 7.075326226384e-01 7.043759982656e-01 5.702666893407e-02
   outer loop
     vertex -6.493827180830e-01 1.320000000000e+01 2.832111324069e-02
     vertex -5.494776845317e-01 1.310000000000e+01 2.396401889597e-02
     vertex -5.385466323653e-01 1.310000000000e+01 -1.116580707696e-01
   endloop
 endfacet
 facet normal 7.075326226384e-01 7.043759982656e-01 5.702666893407e-02
   outer loop
     vertex -6.493827180830e-01 1.320000000000e+01 2.832111324069e-02
     vertex -5.385466323653e-01 1.310000000000e+01 -1.116580707696e-01
     vertex -6.364642018863e-01 1.320000000000e+01 -1.319595381822e-01
   endloop
 endfacet
 facet normal 6.874546985069e-01 7.241104519094e-01 5.540840131545e-02
   outer loop
     vertex -6.493827180830e-01 1.320000000000e+01 2.832111324069e-02
     vertex -6.364642018863e-01 1.320000000000e+01 -1.319595381822e-01
     vertex -7.475757095729e-01 1.330000000000e+01 -6.025411568161e-02
   endloop
 endfacet
 facet normal 7.076664551483e-01 7.064263769144e-01 1.303695736830e-02
   outer loop
     vertex -6.493827180830e-01 1.320000000000e+01 2.832111324069e-02
     vertex -7.475757095729e-01 1.330000000000e+01 -6.025411568161e-02
     vertex -7.492877516342e-01 1.330000000000e+01 3.267820758541e-02
   endloop
 endfacet
 facet normal 7.038445625938e-01 7.064263769144e-01 -7.459628480463e-02
   outer loop
     vertex -6.493827180830e-01 1.320000000000e+01 2.832111324069e-02
     vertex -7.492877516342e-01 1.330000000000e+01 3.267820758541e-02
     vertex -7.394916026101e-01 1.330000000000e+01 1.251086314735e-01
   endloop
 endfacet
 facet normal 6.639948008443e-01 7.064263769145e-01 -2.450972836472e-01
   outer loop
     vertex -5.267809946603e-01 1.310000000000e+01 1.581195233510e-01
     vertex -4.116906017325e-01 1.300000000000e+01 1.816888781548e-01
     vertex -4.310026319948e-01 1.300000000000e+01 1.293705191052e-01
   endloop
 endfacet
 facet normal 6.892124336476e-01 7.064263769144e-01 -1.610838145352e-01
   outer loop
     vertex -5.267809946603e-01 1.310000000000e+01 1.581195233510e-01
     vertex -4.310026319948e-01 1.300000000000e+01 1.293705191052e-01
     vertex -4.436949615661e-01 1.300000000000e+01 7.506517888391e-02
   endloop
 endfacet
 facet normal 6.998815321497e-01 7.043759982656e-01 -1.184073225061e-01
   outer loop
     vertex -5.267809946603e-01 1.310000000000e+01 1.581195233510e-01
     vertex -5.494776845317e-01 1.310000000000e+01 2.396401889597e-02
     vertex -6.493827180830e-01 1.320000000000e+01 2.832111324069e-02
   endloop
 endfacet
 facet normal 7.120750642683e-01 6.916906983488e-01 -1.204702480495e-01
   outer loop
     vertex -5.267809946603e-01 1.310000000000e+01 1.581195233510e-01
     vertex -4.436949615661e-01 1.300000000000e+01 7.506517888391e-02
     vertex -5.494776845317e-01 1.310000000000e+01 2.396401889597e-02
   endloop
 endfacet
 facet normal 6.998815321497e-01 7.043759982656e-01 -1.184073225061e-01
   outer loop
     vertex -6.225593573258e-01 1.320000000000e+01 1.868685275966e-01
     vertex -5.267809946603e-01 1.310000000000e+01 1.581195233510e-01
     vertex -6.493827180830e-01 1.320000000000e+01 2.832111324069e-02
   endloop
 endfacet
 facet normal 6.800207259424e-01 7.241104519094e-01 -1.150472325797e-01
   outer loop
     vertex -6.225593573258e-01 1.320000000000e+01 1.868685275966e-01
     vertex -6.493827180830e-01 1.320000000000e+01 2.832111324069e-02
     vertex -7.394916026101e-01 1.330000000000e+01 1.251086314735e-01
   endloop
 endfacet
 facet normal 6.892124336475e-01 7.064263769144e-01 -1.610838145354e-01
   outer loop
     vertex -6.225593573258e-01 1.320000000000e+01 1.868685275966e-01
     vertex -7.394916026101e-01 1.330000000000e+01 1.251086314735e-01
     vertex -7.183377199913e-01 1.330000000000e+01 2.156175318423e-01
   endloop
 endfacet
 facet normal 6.639948008442e-01 7.064263769144e-01 -2.450972836475e-01
   outer loop
     vertex -6.225593573258e-01 1.320000000000e+01 1.868685275966e-01
     vertex -7.183377199913e-01 1.330000000000e+01 2.156175318423e-01
     vertex -6.861510028873e-01 1.330000000000e+01 3.028147969250e-01
   endloop
 endfacet
 facet normal 5.522429223710e-01 6.745606020016e-01 -4.898936097955e-01
   outer loop
     vertex -4.718455880991e-01 1.310000000000e+01 2.825981970774e-01
     vertex -3.174819402364e-01 1.300000000000e+01 3.189125548230e-01
     vertex -3.544909960423e-01 1.300000000000e+01 2.771933147191e-01
   endloop
 endfacet
 facet normal 5.835089104478e-01 7.064263769145e-01 -4.005984590928e-01
   outer loop
     vertex -4.718455880991e-01 1.310000000000e+01 2.825981970774e-01
     vertex -3.544909960423e-01 1.300000000000e+01 2.771933147191e-01
     vertex -3.860554811721e-01 1.300000000000e+01 2.312167066995e-01
   endloop
 endfacet
 facet normal 6.285789777850e-01 7.064263769144e-01 -3.253463426664e-01
   outer loop
     vertex -4.718455880991e-01 1.310000000000e+01 2.825981970774e-01
     vertex -3.860554811721e-01 1.300000000000e+01 2.312167066995e-01
     vertex -4.116906017325e-01 1.300000000000e+01 1.816888781548e-01
   endloop
 endfacet
 facet normal 6.607120591420e-01 6.916906983488e-01 -2.915879845297e-01
   outer loop
     vertex -4.718455880991e-01 1.310000000000e+01 2.825981970774e-01
     vertex -4.116906017325e-01 1.300000000000e+01 1.816888781548e-01
     vertex -5.267809946603e-01 1.310000000000e+01 1.581195233510e-01
   endloop
 endfacet
 facet normal 5.591717800166e-01 7.043759982656e-01 -4.372429227562e-01
   outer loop
     vertex -4.718455880991e-01 1.310000000000e+01 2.825981970774e-01
     vertex -5.291365670604e-01 1.330000000000e+01 5.315209247053e-01
     vertex -3.174819402364e-01 1.300000000000e+01 3.189125548230e-01
   endloop
 endfacet
 facet normal 6.493980641455e-01 7.043759982656e-01 -2.865948487872e-01
   outer loop
     vertex -4.718455880991e-01 1.310000000000e+01 2.825981970774e-01
     vertex -5.267809946603e-01 1.310000000000e+01 1.581195233510e-01
     vertex -6.225593573258e-01 1.320000000000e+01 1.868685275966e-01
   endloop
 endfacet
 facet normal 5.591717800166e-01 7.043759982656e-01 -4.372429227562e-01
   outer loop
     vertex -5.576356950263e-01 1.320000000000e+01 3.339796874551e-01
     vertex -5.291365670604e-01 1.330000000000e+01 5.315209247053e-01
     vertex -4.718455880991e-01 1.310000000000e+01 2.825981970774e-01
   endloop
 endfacet
 facet normal 6.309698466388e-01 7.241104519094e-01 -2.784620370322e-01
   outer loop
     vertex -5.576356950263e-01 1.320000000000e+01 3.339796874551e-01
     vertex -6.225593573258e-01 1.320000000000e+01 1.868685275966e-01
     vertex -6.861510028873e-01 1.330000000000e+01 3.028147969250e-01
   endloop
 endfacet
 facet normal 6.493980641455e-01 7.043759982656e-01 -2.865948487872e-01
   outer loop
     vertex -5.576356950263e-01 1.320000000000e+01 3.339796874551e-01
     vertex -4.718455880991e-01 1.310000000000e+01 2.825981970774e-01
     vertex -6.225593573258e-01 1.320000000000e+01 1.868685275966e-01
   endloop
 endfacet
 facet normal 6.285789777848e-01 7.064263769144e-01 -3.253463426666e-01
   outer loop
     vertex -5.576356950263e-01 1.320000000000e+01 3.339796874551e-01
     vertex -6.861510028873e-01 1.330000000000e+01 3.028147969250e-01
     vertex -6.434258019534e-01 1.330000000000e+01 3.853611778328e-01
   endloop
 endfacet
 facet normal 5.835089104477e-01 7.064263769144e-01 -4.005984590931e-01
   outer loop
     vertex -5.576356950263e-01 1.320000000000e+01 3.339796874551e-01
     vertex -6.434258019534e-01 1.330000000000e+01 3.853611778328e-01
     vertex -5.908183267369e-01 1.330000000000e+01 4.619888578654e-01
   endloop
 endfacet
 facet normal 5.037808580451e-01 7.392445796933e-01 -4.469030078904e-01
   outer loop
     vertex -5.576356950263e-01 1.320000000000e+01 3.339796874551e-01
     vertex -5.908183267369e-01 1.330000000000e+01 4.619888578654e-01
     vertex -5.291365670604e-01 1.330000000000e+01 5.315209247053e-01
   endloop
 endfacet
 facet normal -5.011227336023e-01 7.071067811865e-01 -4.988747396561e-01
   outer loop
     vertex 1.430614587231e-03 1.300000000000e+01 6.363944950593e-01
     vertex 5.315209247051e-01 1.330000000000e+01 5.291365670606e-01
     vertex 3.189125548230e-01 1.300000000000e+01 3.174819402364e-01
   endloop
 endfacet
 facet normal -5.011227336023e-01 7.071067811865e-01 -4.988747396561e-01
   outer loop
     vertex 2.384357645391e-03 1.330000000000e+01 1.060657491765e+00
     vertex 5.315209247051e-01 1.330000000000e+01 5.291365670606e-01
     vertex 1.430614587231e-03 1.300000000000e+01 6.363944950593e-01
   endloop
 endfacet
 facet normal -7.510502084253e-01 4.959750537043e-17 -6.602450942069e-01
   outer loop
     vertex 3.557336678557e-01 1.300000000000e+01 2.755967299405e-01
     vertex 3.189125548230e-01 3.000000000000e-01 3.174819402364e-01
     vertex 3.189125548230e-01 1.300000000000e+01 3.174819402364e-01
   endloop
 endfacet
 facet normal -7.510502084253e-01 8.661044274905e-17 -6.602450942069e-01
   outer loop
     vertex 3.557336678557e-01 1.300000000000e+01 2.755967299405e-01
     vertex 3.557336678557e-01 3.000000000000e-01 2.755967299405e-01
     vertex 3.189125548230e-01 3.000000000000e-01 3.174819402364e-01
   endloop
 endfacet
 facet normal -8.269500312213e-01 8.369956229633e-17 -5.622754181565e-01
   outer loop
     vertex 3.870911242142e-01 1.300000000000e+01 2.294786734200e-01
     vertex 3.870911242142e-01 3.000000000000e-01 2.294786734200e-01
     vertex 3.557336678557e-01 3.000000000000e-01 2.755967299405e-01
   endloop
 endfacet
 facet normal -8.269500312213e-01 5.020982025154e-17 -5.622754181565e-01
   outer loop
     vertex 3.870911242142e-01 1.300000000000e+01 2.294786734200e-01
     vertex 3.557336678557e-01 3.000000000000e-01 2.755967299405e-01
     vertex 3.557336678557e-01 1.300000000000e+01 2.755967299405e-01
   endloop
 endfacet
 facet normal -8.901488603650e-01 7.661134337032e-17 -4.556698436269e-01
   outer loop
     vertex 4.125033097268e-01 1.300000000000e+01 1.798360905504e-01
     vertex 4.125033097268e-01 3.000000000000e-01 1.798360905504e-01
     vertex 3.870911242142e-01 3.000000000000e-01 2.294786734200e-01
   endloop
 endfacet
 facet normal -8.901488603650e-01 4.959750537043e-17 -4.556698436269e-01
   outer loop
     vertex 4.125033097268e-01 1.300000000000e+01 1.798360905504e-01
     vertex 3.870911242142e-01 3.000000000000e-01 2.294786734200e-01
     vertex 3.870911242142e-01 1.300000000000e+01 2.294786734200e-01
   endloop
 endfacet
 facet normal -9.396760351179e-01 7.252377262225e-17 -3.420657086366e-01
   outer loop
     vertex 4.315799226889e-01 1.300000000000e+01 1.274314338452e-01
     vertex 4.315799226889e-01 3.000000000000e-01 1.274314338452e-01
     vertex 4.125033097268e-01 3.000000000000e-01 1.798360905504e-01
   endloop
 endfacet
 facet normal -9.396760351179e-01 4.561745864317e-17 -3.420657086366e-01
   outer loop
     vertex 4.315799226889e-01 1.300000000000e+01 1.274314338452e-01
     vertex 4.125033097268e-01 3.000000000000e-01 1.798360905504e-01
     vertex 4.125033097268e-01 1.300000000000e+01 1.798360905504e-01
   endloop
 endfacet
 facet normal -9.747708755015e-01 8.140359467622e-17 -2.232078409779e-01
   outer loop
     vertex 4.440279684443e-01 1.300000000000e+01 7.306957806956e-02
     vertex 4.440279684443e-01 3.000000000000e-01 7.306957806956e-02
     vertex 4.315799226889e-01 3.000000000000e-01 1.274314338452e-01
   endloop
 endfacet
 facet normal -9.747708755015e-01 4.423975016066e-17 -2.232078409779e-01
   outer loop
     vertex 4.440279684443e-01 1.300000000000e+01 7.306957806956e-02
     vertex 4.315799226889e-01 3.000000000000e-01 1.274314338452e-01
     vertex 4.315799226889e-01 1.300000000000e+01 1.274314338452e-01
   endloop
 endfacet
 facet normal -9.948943654590e-01 5.625642970257e-17 -1.009217596856e-01
   outer loop
     vertex 4.496562594432e-01 1.300000000000e+01 1.758545829708e-02
     vertex 4.440279684443e-01 3.000000000000e-01 7.306957806956e-02
     vertex 4.440279684443e-01 1.300000000000e+01 7.306957806956e-02
   endloop
 endfacet
 facet normal -9.948943654590e-01 7.049035638860e-17 -1.009217596856e-01
   outer loop
     vertex 4.496562594432e-01 1.300000000000e+01 1.758545829708e-02
     vertex 4.496562594432e-01 3.000000000000e-01 1.758545829707e-02
     vertex 4.440279684443e-01 3.000000000000e-01 7.306957806956e-02
   endloop
 endfacet
 facet normal -9.997374315172e-01 4.829633624805e-17 2.291436281940e-02
   outer loop
     vertex 4.483783516619e-01 1.300000000000e+01 -3.816875372497e-02
     vertex 4.496562594432e-01 3.000000000000e-01 1.758545829707e-02
     vertex 4.496562594432e-01 1.300000000000e+01 1.758545829708e-02
   endloop
 endfacet
 facet normal -9.997374315172e-01 4.903234792091e-17 2.291436281940e-02
   outer loop
     vertex 4.483783516619e-01 1.300000000000e+01 -3.816875372497e-02
     vertex 4.483783516619e-01 3.000000000000e-01 -3.816875372497e-02
     vertex 4.496562594432e-01 3.000000000000e-01 1.758545829707e-02
   endloop
 endfacet
 facet normal -9.892256897970e-01 3.015650789498e-17 1.463985472801e-01
   outer loop
     vertex 4.402138722822e-01 1.300000000000e+01 -9.333673794548e-02
     vertex 4.483783516619e-01 3.000000000000e-01 -3.816875372497e-02
     vertex 4.483783516619e-01 1.300000000000e+01 -3.816875372497e-02
   endloop
 endfacet
 facet normal -9.892256897970e-01 5.318426082190e-17 1.463985472801e-01
   outer loop
     vertex 4.402138722822e-01 1.300000000000e+01 -9.333673794548e-02
     vertex 4.402138722822e-01 3.000000000000e-01 -9.333673794548e-02
     vertex 4.483783516619e-01 3.000000000000e-01 -3.816875372497e-02
   endloop
 endfacet
 facet normal -9.635205884630e-01 3.811660134949e-17 2.676342197998e-01
   outer loop
     vertex 4.252882182408e-01 1.300000000000e+01 -1.470711780927e-01
     vertex 4.402138722822e-01 3.000000000000e-01 -9.333673794548e-02
     vertex 4.402138722822e-01 1.300000000000e+01 -9.333673794548e-02
   endloop
 endfacet
 facet normal -9.635205884630e-01 4.515757513860e-17 2.676342197998e-01
   outer loop
     vertex 4.252882182408e-01 1.300000000000e+01 -1.470711780927e-01
     vertex 4.252882182408e-01 3.000000000000e-01 -1.470711780927e-01
     vertex 4.402138722822e-01 3.000000000000e-01 -9.333673794548e-02
   endloop
 endfacet
 facet normal -9.230169280674e-01 3.275884613973e-17 3.847593410184e-01
   outer loop
     vertex 4.038306302779e-01 1.300000000000e+01 -1.985467754696e-01
     vertex 4.252882182408e-01 3.000000000000e-01 -1.470711780927e-01
     vertex 4.252882182408e-01 1.300000000000e+01 -1.470711780927e-01
   endloop
 endfacet
 facet normal -9.230169280674e-01 4.437027629326e-17 3.847593410184e-01
   outer loop
     vertex 4.038306302779e-01 1.300000000000e+01 -1.985467754696e-01
     vertex 4.038306302779e-01 3.000000000000e-01 -1.985467754696e-01
     vertex 4.252882182408e-01 3.000000000000e-01 -1.470711780927e-01
   endloop
 endfacet
 facet normal -8.683367978710e-01 3.459579078307e-17 4.959750048775e-01
   outer loop
     vertex 3.761706720650e-01 1.300000000000e+01 -2.469729245851e-01
     vertex 4.038306302779e-01 3.000000000000e-01 -1.985467754696e-01
     vertex 4.038306302779e-01 1.300000000000e+01 -1.985467754696e-01
   endloop
 endfacet
 facet normal -8.683367978710e-01 2.874277695693e-17 4.959750048775e-01
   outer loop
     vertex 3.761706720650e-01 1.300000000000e+01 -2.469729245851e-01
     vertex 3.761706720650e-01 3.000000000000e-01 -2.469729245851e-01
     vertex 4.038306302779e-01 3.000000000000e-01 -1.985467754696e-01
   endloop
 endfacet
 facet normal -8.003200212732e-01 2.296180804186e-17 5.995730677318e-01
   outer loop
     vertex 3.427331684894e-01 1.300000000000e+01 -2.916058559378e-01
     vertex 3.761706720650e-01 3.000000000000e-01 -2.469729245851e-01
     vertex 3.761706720650e-01 1.300000000000e+01 -2.469729245851e-01
   endloop
 endfacet
 facet normal -8.003200212732e-01 1.574756944344e-17 5.995730677318e-01
   outer loop
     vertex 3.427331684894e-01 1.300000000000e+01 -2.916058559378e-01
     vertex 3.427331684894e-01 3.000000000000e-01 -2.916058559378e-01
     vertex 3.761706720650e-01 3.000000000000e-01 -2.469729245851e-01
   endloop
 endfacet
 facet normal -7.200112570990e-01 1.281626937422e-17 6.939623834551e-01
   outer loop
     vertex 3.427331684894e-01 1.300000000000e+01 -2.916058559378e-01
     vertex 3.040316808361e-01 3.000000000000e-01 -3.317600594526e-01
     vertex 3.427331684894e-01 3.000000000000e-01 -2.916058559378e-01
   endloop
 endfacet
 facet normal -7.200112570990e-01 1.213311836749e-17 6.939623834551e-01
   outer loop
     vertex 3.040316808361e-01 1.300000000000e+01 -3.317600594526e-01
     vertex 3.040316808361e-01 3.000000000000e-01 -3.317600594526e-01
     vertex 3.427331684894e-01 1.300000000000e+01 -2.916058559378e-01
   endloop
 endfacet
 facet normal -6.286439548502e-01 1.359705421921e-17 7.776932416000e-01
   outer loop
     vertex 3.040316808361e-01 1.300000000000e+01 -3.317600594526e-01
     vertex 2.606606190819e-01 3.000000000000e-01 -3.668188131215e-01
     vertex 3.040316808361e-01 3.000000000000e-01 -3.317600594526e-01
   endloop
 endfacet
 facet normal -6.286439548502e-01 1.161152388802e-18 7.776932416000e-01
   outer loop
     vertex 2.606606190819e-01 1.300000000000e+01 -3.668188131215e-01
     vertex 2.606606190819e-01 3.000000000000e-01 -3.668188131215e-01
     vertex 3.040316808361e-01 1.300000000000e+01 -3.317600594526e-01
   endloop
 endfacet
 facet normal -5.276214103512e-01 6.134759922965e-18 8.494796332691e-01
   outer loop
     vertex 2.606606190819e-01 1.300000000000e+01 -3.668188131215e-01
     vertex 2.132861124479e-01 3.000000000000e-01 -3.962436551377e-01
     vertex 2.606606190819e-01 3.000000000000e-01 -3.668188131215e-01
   endloop
 endfacet
 facet normal -5.276214103512e-01 -1.231492316545e-17 8.494796332691e-01
   outer loop
     vertex 2.132861124479e-01 1.300000000000e+01 -3.962436551377e-01
     vertex 2.132861124479e-01 3.000000000000e-01 -3.962436551377e-01
     vertex 2.606606190819e-01 1.300000000000e+01 -3.668188131215e-01
   endloop
 endfacet
 facet normal -4.184952127526e-01 -3.619651275844e-18 9.082190027208e-01
   outer loop
     vertex 2.132861124479e-01 1.300000000000e+01 -3.962436551377e-01
     vertex 1.626357784264e-01 3.000000000000e-01 -4.195826540452e-01
     vertex 2.132861124479e-01 3.000000000000e-01 -3.962436551377e-01
   endloop
 endfacet
 facet normal -4.184952127526e-01 -2.008267170120e-17 9.082190027208e-01
   outer loop
     vertex 1.626357784264e-01 1.300000000000e+01 -4.195826540452e-01
     vertex 1.626357784264e-01 3.000000000000e-01 -4.195826540452e-01
     vertex 2.132861124479e-01 1.300000000000e+01 -3.962436551377e-01
   endloop
 endfacet
 facet normal -3.029414139205e-01 -6.786080210492e-18 9.530091813471e-01
   outer loop
     vertex 1.626357784264e-01 1.300000000000e+01 -4.195826540452e-01
     vertex 1.094875474202e-01 3.000000000000e-01 -4.364773498819e-01
     vertex 1.626357784264e-01 3.000000000000e-01 -4.195826540452e-01
   endloop
 endfacet
 facet normal -3.029414139205e-01 -3.536562248949e-17 9.530091813471e-01
   outer loop
     vertex 1.094875474202e-01 1.300000000000e+01 -4.364773498819e-01
     vertex 1.094875474202e-01 3.000000000000e-01 -4.364773498819e-01
     vertex 1.626357784264e-01 1.300000000000e+01 -4.195826540452e-01
   endloop
 endfacet
 facet normal -1.827347862233e-01 -1.776323383002e-17 9.831622439374e-01
   outer loop
     vertex 1.094875474202e-01 1.300000000000e+01 -4.364773498819e-01
     vertex 5.465771463364e-02 3.000000000000e-01 -4.466682597085e-01
     vertex 1.094875474202e-01 3.000000000000e-01 -4.364773498819e-01
   endloop
 endfacet
 facet normal -1.827347862233e-01 -4.434611779865e-17 9.831622439374e-01
   outer loop
     vertex 5.465771463364e-02 1.300000000000e+01 -4.466682597085e-01
     vertex 5.465771463364e-02 3.000000000000e-01 -4.466682597085e-01
     vertex 1.094875474202e-01 1.300000000000e+01 -4.364773498819e-01
   endloop
 endfacet
 facet normal -5.972156408593e-02 -2.632799261443e-17 9.982150744119e-01
   outer loop
     vertex 5.465771463364e-02 1.300000000000e+01 -4.466682597085e-01
     vertex -1.011597275491e-03 3.000000000000e-01 -4.499988629663e-01
     vertex 5.465771463364e-02 3.000000000000e-01 -4.466682597085e-01
   endloop
 endfacet
 facet normal 6.420891203018e-02 -4.273083421635e-17 9.979364787480e-01
   outer loop
     vertex -1.011597275493e-03 1.300000000000e+01 -4.499988629663e-01
     vertex -5.666537222339e-02 3.000000000000e-01 -4.464180054509e-01
     vertex -1.011597275491e-03 3.000000000000e-01 -4.499988629663e-01
   endloop
 endfacet
 facet normal -5.972156408593e-02 -6.129849236639e-17 9.982150744119e-01
   outer loop
     vertex -1.011597275493e-03 1.300000000000e+01 -4.499988629663e-01
     vertex -1.011597275491e-03 3.000000000000e-01 -4.499988629663e-01
     vertex 5.465771463364e-02 1.300000000000e+01 -4.466682597085e-01
   endloop
 endfacet
 facet normal 6.420891203018e-02 -6.890245758216e-17 9.979364787480e-01
   outer loop
     vertex -5.666537222339e-02 1.300000000000e+01 -4.464180054509e-01
     vertex -5.666537222339e-02 3.000000000000e-01 -4.464180054509e-01
     vertex -1.011597275493e-03 1.300000000000e+01 -4.499988629663e-01
   endloop
 endfacet
 facet normal 1.871532137061e-01 -4.929134792987e-17 9.823307358520e-01
   outer loop
     vertex -1.114488327560e-01 1.300000000000e+01 -4.359806849820e-01
     vertex -5.666537222339e-02 3.000000000000e-01 -4.464180054509e-01
     vertex -5.666537222339e-02 1.300000000000e+01 -4.464180054509e-01
   endloop
 endfacet
 facet normal 1.871532137061e-01 -5.887922985889e-17 9.823307358520e-01
   outer loop
     vertex -1.114488327560e-01 1.300000000000e+01 -4.359806849820e-01
     vertex -1.114488327560e-01 3.000000000000e-01 -4.359806849820e-01
     vertex -5.666537222339e-02 3.000000000000e-01 -4.464180054509e-01
   endloop
 endfacet
 facet normal 3.072230590187e-01 -3.887699300364e-17 9.516375318403e-01
   outer loop
     vertex -1.114488327560e-01 1.300000000000e+01 -4.359806849820e-01
     vertex -1.645205684395e-01 3.000000000000e-01 -4.188472067000e-01
     vertex -1.114488327560e-01 3.000000000000e-01 -4.359806849820e-01
   endloop
 endfacet
 facet normal 3.072230590188e-01 -6.584868026509e-17 9.516375318403e-01
   outer loop
     vertex -1.645205684395e-01 1.300000000000e+01 -4.188472067000e-01
     vertex -1.645205684395e-01 3.000000000000e-01 -4.188472067000e-01
     vertex -1.114488327560e-01 1.300000000000e+01 -4.359806849820e-01
   endloop
 endfacet
 facet normal 4.225743143621e-01 -4.481736217839e-17 9.063282787387e-01
   outer loop
     vertex -1.645205684395e-01 1.300000000000e+01 -4.188472067000e-01
     vertex -2.150654589490e-01 3.000000000000e-01 -3.952807209655e-01
     vertex -1.645205684395e-01 3.000000000000e-01 -4.188472067000e-01
   endloop
 endfacet
 facet normal 4.225743143621e-01 -7.505118188121e-17 9.063282787387e-01
   outer loop
     vertex -2.150654589490e-01 1.300000000000e+01 -3.952807209655e-01
     vertex -2.150654589490e-01 3.000000000000e-01 -3.952807209655e-01
     vertex -1.645205684395e-01 1.300000000000e+01 -4.188472067000e-01
   endloop
 endfacet
 facet normal 5.314353182008e-01 -8.030513674902e-17 8.470988741398e-01
   outer loop
     vertex -2.623071933720e-01 1.300000000000e+01 -3.656431816748e-01
     vertex -2.623071933720e-01 3.000000000000e-01 -3.656431816748e-01
     vertex -2.150654589490e-01 3.000000000000e-01 -3.952807209655e-01
   endloop
 endfacet
 facet normal 6.321340917374e-01 -5.686245922813e-17 7.748590130233e-01
   outer loop
     vertex -2.623071933720e-01 1.300000000000e+01 -3.656431816748e-01
     vertex -3.055201934432e-01 3.000000000000e-01 -3.303897870674e-01
     vertex -2.623071933720e-01 3.000000000000e-01 -3.656431816748e-01
   endloop
 endfacet
 facet normal 5.314353182008e-01 -5.327139465712e-17 8.470988741398e-01
   outer loop
     vertex -2.623071933720e-01 1.300000000000e+01 -3.656431816748e-01
     vertex -2.150654589490e-01 3.000000000000e-01 -3.952807209655e-01
     vertex -2.150654589490e-01 1.300000000000e+01 -3.952807209655e-01
   endloop
 endfacet
 facet normal 6.321340917374e-01 -8.146208348630e-17 7.748590130232e-01
   outer loop
     vertex -3.055201934432e-01 1.300000000000e+01 -3.303897870674e-01
     vertex -3.055201934432e-01 3.000000000000e-01 -3.303897870674e-01
     vertex -2.623071933720e-01 1.300000000000e+01 -3.656431816748e-01
   endloop
 endfacet
 facet normal 7.231240185680e-01 -8.830667445799e-17 6.907182158957e-01
   outer loop
     vertex -3.440407575858e-01 1.300000000000e+01 -2.900619884090e-01
     vertex -3.440407575858e-01 3.000000000000e-01 -2.900619884090e-01
     vertex -3.055201934432e-01 3.000000000000e-01 -3.303897870674e-01
   endloop
 endfacet
 facet normal 8.030075989170e-01 -6.366929144035e-17 5.959687878418e-01
   outer loop
     vertex -3.440407575858e-01 1.300000000000e+01 -2.900619884090e-01
     vertex -3.772772545982e-01 3.000000000000e-01 -2.452791739281e-01
     vertex -3.440407575858e-01 3.000000000000e-01 -2.900619884090e-01
   endloop
 endfacet
 facet normal 7.231240185680e-01 -5.725144138438e-17 6.907182158957e-01
   outer loop
     vertex -3.440407575858e-01 1.300000000000e+01 -2.900619884090e-01
     vertex -3.055201934432e-01 3.000000000000e-01 -3.303897870674e-01
     vertex -3.055201934432e-01 1.300000000000e+01 -3.303897870674e-01
   endloop
 endfacet
 facet normal 8.030075989170e-01 -8.461884126980e-17 5.959687878418e-01
   outer loop
     vertex -3.772772545982e-01 1.300000000000e+01 -2.452791739281e-01
     vertex -3.772772545982e-01 3.000000000000e-01 -2.452791739281e-01
     vertex -3.440407575858e-01 1.300000000000e+01 -2.900619884090e-01
   endloop
 endfacet
 facet normal 8.705579136131e-01 -8.520535570185e-17 4.920659702170e-01
   outer loop
     vertex -4.047192104232e-01 1.300000000000e+01 -1.967291557304e-01
     vertex -4.047192104232e-01 3.000000000000e-01 -1.967291557304e-01
     vertex -3.772772545982e-01 3.000000000000e-01 -2.452791739281e-01
   endloop
 endfacet
 facet normal 9.247374681455e-01 -5.821383792342e-17 3.806055898275e-01
   outer loop
     vertex -4.047192104232e-01 1.300000000000e+01 -1.967291557304e-01
     vertex -4.259451484376e-01 3.000000000000e-01 -1.451576058030e-01
     vertex -4.047192104232e-01 3.000000000000e-01 -1.967291557304e-01
   endloop
 endfacet
 facet normal 8.705579136131e-01 -5.816991370606e-17 4.920659702170e-01
   outer loop
     vertex -4.047192104232e-01 1.300000000000e+01 -1.967291557304e-01
     vertex -3.772772545982e-01 3.000000000000e-01 -2.452791739281e-01
     vertex -3.772772545982e-01 1.300000000000e+01 -2.452791739281e-01
   endloop
 endfacet
 facet normal 9.647141273763e-01 -5.601532572237e-17 2.632995488805e-01
   outer loop
     vertex -4.259451484376e-01 1.300000000000e+01 -1.451576058030e-01
     vertex -4.406290628443e-01 3.000000000000e-01 -9.135660335706e-02
     vertex -4.259451484376e-01 3.000000000000e-01 -1.451576058030e-01
   endloop
 endfacet
 facet normal 9.247374681455e-01 -8.507821784804e-17 3.806055898275e-01
   outer loop
     vertex -4.259451484376e-01 1.300000000000e+01 -1.451576058030e-01
     vertex -4.259451484376e-01 3.000000000000e-01 -1.451576058030e-01
     vertex -4.047192104232e-01 1.300000000000e+01 -1.967291557304e-01
   endloop
 endfacet
 facet normal 9.647141273763e-01 -8.246653926530e-17 2.632995488805e-01
   outer loop
     vertex -4.406290628443e-01 1.300000000000e+01 -9.135660335706e-02
     vertex -4.406290628443e-01 3.000000000000e-01 -9.135660335706e-02
     vertex -4.259451484376e-01 1.300000000000e+01 -1.451576058030e-01
   endloop
 endfacet
 facet normal 9.898738961716e-01 -5.267273457877e-17 1.419495321517e-01
   outer loop
     vertex -4.406290628443e-01 1.300000000000e+01 -9.135660335706e-02
     vertex -4.485454257437e-01 3.000000000000e-01 -3.615246940913e-02
     vertex -4.406290628443e-01 3.000000000000e-01 -9.135660335706e-02
   endloop
 endfacet
 facet normal 9.898738961716e-01 -7.925336601562e-17 1.419495321517e-01
   outer loop
     vertex -4.485454257437e-01 1.300000000000e+01 -3.615246940913e-02
     vertex -4.485454257437e-01 3.000000000000e-01 -3.615246940913e-02
     vertex -4.406290628443e-01 1.300000000000e+01 -9.135660335706e-02
   endloop
 endfacet
 facet normal 9.998303496549e-01 -4.837287560819e-17 1.841933519586e-02
   outer loop
     vertex -4.495726509805e-01 1.300000000000e+01 1.960692455108e-02
     vertex -4.485454257437e-01 3.000000000000e-01 -3.615246940913e-02
     vertex -4.485454257437e-01 1.300000000000e+01 -3.615246940913e-02
   endloop
 endfacet
 facet normal 9.998303496549e-01 -7.451252082819e-17 1.841933519587e-02
   outer loop
     vertex -4.495726509805e-01 1.300000000000e+01 1.960692455108e-02
     vertex -4.495726509805e-01 3.000000000000e-01 1.960692455108e-02
     vertex -4.485454257437e-01 3.000000000000e-01 -3.615246940913e-02
   endloop
 endfacet
 facet normal 9.944305682448e-01 -4.332127783898e-17 -1.053937613918e-01
   outer loop
     vertex -4.436949615661e-01 1.300000000000e+01 7.506517888391e-02
     vertex -4.495726509805e-01 3.000000000000e-01 1.960692455108e-02
     vertex -4.495726509805e-01 1.300000000000e+01 1.960692455108e-02
   endloop
 endfacet
 facet normal 9.944305682448e-01 -6.525092983214e-17 -1.053937613918e-01
   outer loop
     vertex -4.436949615661e-01 1.300000000000e+01 7.506517888391e-02
     vertex -4.436949615661e-01 3.000000000000e-01 7.506517888390e-02
     vertex -4.495726509805e-01 3.000000000000e-01 1.960692455108e-02
   endloop
 endfacet
 facet normal 9.737574863230e-01 -3.317633899208e-17 -2.275881320059e-01
   outer loop
     vertex -4.436949615661e-01 1.300000000000e+01 7.506517888391e-02
     vertex -4.310026319948e-01 3.000000000000e-01 1.293705191052e-01
     vertex -4.436949615661e-01 3.000000000000e-01 7.506517888390e-02
   endloop
 endfacet
 facet normal 9.737574863230e-01 -5.694454320191e-17 -2.275881320059e-01
   outer loop
     vertex -4.310026319948e-01 1.300000000000e+01 1.293705191052e-01
     vertex -4.310026319948e-01 3.000000000000e-01 1.293705191052e-01
     vertex -4.436949615661e-01 1.300000000000e+01 7.506517888391e-02
   endloop
 endfacet
 facet normal 9.381286184578e-01 -2.510491012577e-17 -3.462870127949e-01
   outer loop
     vertex -4.116906017325e-01 1.300000000000e+01 1.816888781548e-01
     vertex -4.310026319948e-01 3.000000000000e-01 1.293705191052e-01
     vertex -4.310026319948e-01 1.300000000000e+01 1.293705191052e-01
   endloop
 endfacet
 facet normal 9.381286184578e-01 -5.175233653222e-17 -3.462870127949e-01
   outer loop
     vertex -4.116906017325e-01 1.300000000000e+01 1.816888781548e-01
     vertex -4.116906017325e-01 3.000000000000e-01 1.816888781548e-01
     vertex -4.310026319948e-01 3.000000000000e-01 1.293705191052e-01
   endloop
 endfacet
 facet normal 8.880911827490e-01 -1.867560387405e-17 -4.596673265781e-01
   outer loop
     vertex -3.860554811721e-01 1.300000000000e+01 2.312167066995e-01
     vertex -4.116906017325e-01 3.000000000000e-01 1.816888781548e-01
     vertex -4.116906017325e-01 1.300000000000e+01 1.816888781548e-01
   endloop
 endfacet
 facet normal 8.880911827490e-01 -4.316760174516e-17 -4.596673265781e-01
   outer loop
     vertex -3.860554811721e-01 1.300000000000e+01 2.312167066995e-01
     vertex -3.860554811721e-01 3.000000000000e-01 2.312167066995e-01
     vertex -4.116906017325e-01 3.000000000000e-01 1.816888781548e-01
   endloop
 endfacet
 facet normal 8.244136961918e-01 -9.797038097862e-18 -5.659876831975e-01
   outer loop
     vertex -3.544909960423e-01 1.300000000000e+01 2.771933147191e-01
     vertex -3.860554811721e-01 3.000000000000e-01 2.312167066995e-01
     vertex -3.860554811721e-01 1.300000000000e+01 2.312167066995e-01
   endloop
 endfacet
 facet normal 8.244136961918e-01 -3.754626449194e-17 -5.659876831975e-01
   outer loop
     vertex -3.544909960423e-01 1.300000000000e+01 2.771933147191e-01
     vertex -3.544909960423e-01 3.000000000000e-01 2.771933147191e-01
     vertex -3.860554811721e-01 3.000000000000e-01 2.312167066995e-01
   endloop
 endfacet
 facet normal 7.480741711475e-01 -3.980046727256e-18 -6.636151252510e-01
   outer loop
     vertex -3.174819402364e-01 1.300000000000e+01 3.189125548230e-01
     vertex -3.544909960423e-01 3.000000000000e-01 2.771933147191e-01
     vertex -3.544909960423e-01 1.300000000000e+01 2.771933147191e-01
   endloop
 endfacet
 facet normal 7.480741711475e-01 -5.231679804317e-17 -6.636151252510e-01
   outer loop
     vertex -3.174819402364e-01 1.300000000000e+01 3.189125548230e-01
     vertex -3.174819402364e-01 3.000000000000e-01 3.189125548230e-01
     vertex -3.544909960423e-01 3.000000000000e-01 2.771933147191e-01
   endloop
 endfacet
 facet normal 0.000000000000e+00 1.000000000000e+00 0.000000000000e+00
   outer loop
     vertex 3.610796106998e+00 1.330000000000e+01 -1.450000000000e+00
     vertex 5.732859308072e+00 1.330000000000e+01 3.748758803389e-01
     vertex 6.020620189091e+00 1.330000000000e+01 -5.420633805991e-01
   endloop
 endfacet
 facet normal 0.000000000000e+00 1.000000000000e+00 0.000000000000e+00
   outer loop
     vertex 3.610796106998e+00 1.330000000000e+01 -1.450000000000e+00
     vertex 6.020620189091e+00 1.330000000000e+01 -5.420633805991e-01
     vertex 6.335636106221e+00 1.330000000000e+01 -1.450000000000e+00
   endloop
 endfacet
 facet normal 0.000000000000e+00 1.000000000000e+00 0.000000000000e+00
   outer loop
     vertex 5.472610160725e+00 1.330000000000e+01 1.299999825656e+00
     vertex 5.732859308072e+00 1.330000000000e+01 3.748758803389e-01
     vertex 3.610796106998e+00 1.330000000000e+01 -1.450000000000e+00
   endloop
 endfacet
 facet normal 0.000000000000e+00 1.000000000000e+00 0.000000000000e+00
   outer loop
     vertex 5.712219474823e-01 1.330000000000e+01 -4.860097598964e-01
     vertex 2.460796106998e+00 1.330000000000e+01 -2.600000000000e+00
     vertex 5.067194680600e-01 1.330000000000e+01 -5.529334324211e-01
   endloop
 endfacet
 facet normal -0.000000000000e+00 1.000000000000e+00 0.000000000000e+00
   outer loop
     vertex 4.344343651364e-01 1.330000000000e+01 -6.113646885359e-01
     vertex 5.067194680600e-01 1.330000000000e+01 -5.529334324211e-01
     vertex 2.460796106998e+00 1.330000000000e+01 -2.600000000000e+00
   endloop
 endfacet
 facet normal 0.000000000000e+00 1.000000000000e+00 0.000000000000e+00
   outer loop
     vertex 6.269511201083e-01 1.330000000000e+01 -4.116215409753e-01
     vertex 2.460796106998e+00 1.330000000000e+01 -2.600000000000e+00
     vertex 5.712219474823e-01 1.330000000000e+01 -4.860097598964e-01
   endloop
 endfacet
 facet normal -0.000000000000e+00 1.000000000000e+00 0.000000000000e+00
   outer loop
     vertex 3.554768540797e-01 1.330000000000e+01 -6.604060918962e-01
     vertex 4.344343651364e-01 1.330000000000e+01 -6.113646885359e-01
     vertex 2.460796106998e+00 1.330000000000e+01 -2.600000000000e+00
   endloop
 endfacet
 facet normal 0.000000000000e+00 1.000000000000e+00 0.000000000000e+00
   outer loop
     vertex 6.730510504631e-01 1.330000000000e+01 -3.309112924494e-01
     vertex 3.610796106998e+00 1.330000000000e+01 -1.450000000000e+00
     vertex 2.460796106998e+00 1.330000000000e+01 -2.600000000000e+00
   endloop
 endfacet
 facet normal 0.000000000000e+00 1.000000000000e+00 0.000000000000e+00
   outer loop
     vertex 6.730510504631e-01 1.330000000000e+01 -3.309112924494e-01
     vertex 2.460796106998e+00 1.330000000000e+01 -2.600000000000e+00
     vertex 6.269511201083e-01 1.330000000000e+01 -4.116215409753e-01
   endloop
 endfacet
 facet normal -0.000000000000e+00 1.000000000000e+00 0.000000000000e+00
   outer loop
     vertex 2.710596307105e-01 1.330000000000e+01 -6.993044234088e-01
     vertex 3.554768540797e-01 1.330000000000e+01 -6.604060918962e-01
     vertex 2.460796106998e+00 1.330000000000e+01 -2.600000000000e+00
   endloop
 endfacet
 facet normal 0.000000000000e+00 1.000000000000e+00 0.000000000000e+00
   outer loop
     vertex 7.088136970680e-01 1.330000000000e+01 -2.451186301545e-01
     vertex 3.610796106998e+00 1.330000000000e+01 -1.450000000000e+00
     vertex 6.730510504631e-01 1.330000000000e+01 -3.309112924494e-01
   endloop
 endfacet
 facet normal -0.000000000000e+00 1.000000000000e+00 0.000000000000e+00
   outer loop
     vertex 1.824792457002e-01 1.330000000000e+01 -7.274622498032e-01
     vertex 2.710596307105e-01 1.330000000000e+01 -6.993044234088e-01
     vertex 2.460796106998e+00 1.330000000000e+01 -2.600000000000e+00
   endloop
 endfacet
 facet normal 0.000000000000e+00 1.000000000000e+00 0.000000000000e+00
   outer loop
     vertex 7.336897871370e-01 1.330000000000e+01 -1.555612299092e-01
     vertex 3.610796106998e+00 1.330000000000e+01 -1.450000000000e+00
     vertex 7.088136970680e-01 1.330000000000e+01 -2.451186301545e-01
   endloop
 endfacet
 facet normal -0.000000000000e+00 1.000000000000e+00 0.000000000000e+00
   outer loop
     vertex 9.109619105591e-02 1.330000000000e+01 -7.444470995142e-01
     vertex 1.824792457002e-01 1.330000000000e+01 -7.274622498032e-01
     vertex 2.460796106998e+00 1.330000000000e+01 -2.600000000000e+00
   endloop
 endfacet
 facet normal 0.000000000000e+00 1.000000000000e+00 0.000000000000e+00
   outer loop
     vertex 7.472972527699e-01 1.330000000000e+01 -6.361458954168e-02
     vertex 3.610796106998e+00 1.330000000000e+01 -1.450000000000e+00
     vertex 7.336897871370e-01 1.330000000000e+01 -1.555612299092e-01
   endloop
 endfacet
 facet normal -0.000000000000e+00 1.000000000000e+00 0.000000000000e+00
   outer loop
     vertex -1.685995459320e-03 1.330000000000e+01 -7.499981049438e-01
     vertex 9.109619105591e-02 1.330000000000e+01 -7.444470995142e-01
     vertex 2.460796106998e+00 1.330000000000e+01 -2.600000000000e+00
   endloop
 endfacet
 facet normal 0.000000000000e+00 1.000000000000e+00 0.000000000000e+00
   outer loop
     vertex 7.494270990721e-01 1.330000000000e+01 2.930909716173e-02
     vertex 3.610796106998e+00 1.330000000000e+01 -1.450000000000e+00
     vertex 7.472972527699e-01 1.330000000000e+01 -6.361458954168e-02
   endloop
 endfacet
 facet normal 0.000000000000e+00 1.000000000000e+00 0.000000000000e+00
   outer loop
     vertex -9.444228703916e-02 1.330000000000e+01 -7.440300090849e-01
     vertex -1.685995459320e-03 1.330000000000e+01 -7.499981049438e-01
     vertex 2.460796106998e+00 1.330000000000e+01 -2.600000000000e+00
   endloop
 endfacet
 facet normal 0.000000000000e+00 1.000000000000e+00 0.000000000000e+00
   outer loop
     vertex 7.400466140738e-01 1.330000000000e+01 1.217826301159e-01
     vertex 3.610796106998e+00 1.330000000000e+01 -1.450000000000e+00
     vertex 7.494270990721e-01 1.330000000000e+01 2.930909716173e-02
   endloop
 endfacet
 facet normal -0.000000000000e+00 1.000000000000e+00 0.000000000000e+00
   outer loop
     vertex 7.192998711482e-01 1.330000000000e+01 2.123857230753e-01
     vertex 5.472610160725e+00 1.330000000000e+01 1.299999825656e+00
     vertex 3.610796106998e+00 1.330000000000e+01 -1.450000000000e+00
   endloop
 endfacet
 facet normal 0.000000000000e+00 1.000000000000e+00 0.000000000000e+00
   outer loop
     vertex 7.192998711482e-01 1.330000000000e+01 2.123857230753e-01
     vertex 3.610796106998e+00 1.330000000000e+01 -1.450000000000e+00
     vertex 7.400466140738e-01 1.330000000000e+01 1.217826301159e-01
   endloop
 endfacet
 facet normal -0.000000000000e+00 1.000000000000e+00 0.000000000000e+00
   outer loop
     vertex 6.875055162113e-01 1.330000000000e+01 2.997268175839e-01
     vertex 5.472610160725e+00 1.330000000000e+01 1.299999825656e+00
     vertex 7.192998711482e-01 1.330000000000e+01 2.123857230753e-01
   endloop
 endfacet
 facet normal -0.000000000000e+00 1.000000000000e+00 0.000000000000e+00
   outer loop
     vertex 6.451518736903e-01 1.330000000000e+01 3.824644557000e-01
     vertex 5.472610160725e+00 1.330000000000e+01 1.299999825656e+00
     vertex 6.875055162113e-01 1.330000000000e+01 2.997268175839e-01
   endloop
 endfacet
 facet normal -0.000000000000e+00 1.000000000000e+00 0.000000000000e+00
   outer loop
     vertex 5.928894464262e-01 1.330000000000e+01 4.593278832342e-01
     vertex 5.472610160725e+00 1.330000000000e+01 1.299999825656e+00
     vertex 6.451518736903e-01 1.330000000000e+01 3.824644557000e-01
   endloop
 endfacet
 facet normal -0.000000000000e+00 1.000000000000e+00 0.000000000000e+00
   outer loop
     vertex 5.315209247051e-01 1.330000000000e+01 5.291365670606e-01
     vertex 5.472610160725e+00 1.330000000000e+01 1.299999825656e+00
     vertex 5.928894464262e-01 1.330000000000e+01 4.593278832342e-01
   endloop
 endfacet
 facet normal -0.000000000000e+00 1.000000000000e+00 0.000000000000e+00
   outer loop
     vertex 2.384357645391e-03 1.330000000000e+01 1.060657491765e+00
     vertex 5.472610160725e+00 1.330000000000e+01 1.299999825656e+00
     vertex 5.315209247051e-01 1.330000000000e+01 5.291365670606e-01
   endloop
 endfacet
 facet normal 0.000000000000e+00 1.000000000000e+00 0.000000000000e+00
   outer loop
     vertex -3.761862622423e+00 1.330000000000e+01 -2.600000000000e+00
     vertex -1.857480545935e-01 1.330000000000e+01 -7.266344749699e-01
     vertex -9.444228703916e-02 1.330000000000e+01 -7.440300090849e-01
   endloop
 endfacet
 facet normal 0.000000000000e+00 1.000000000000e+00 0.000000000000e+00
   outer loop
     vertex -3.761862622423e+00 1.330000000000e+01 -2.600000000000e+00
     vertex -2.742009473993e-01 1.330000000000e+01 -6.980786778332e-01
     vertex -1.857480545935e-01 1.330000000000e+01 -7.266344749699e-01
   endloop
 endfacet
 facet normal 0.000000000000e+00 1.000000000000e+00 0.000000000000e+00
   outer loop
     vertex -3.761862622423e+00 1.330000000000e+01 -2.600000000000e+00
     vertex -3.584424315819e-01 1.330000000000e+01 -6.588012016091e-01
     vertex -2.742009473993e-01 1.330000000000e+01 -6.980786778332e-01
   endloop
 endfacet
 facet normal 0.000000000000e+00 1.000000000000e+00 0.000000000000e+00
   outer loop
     vertex -3.761862622423e+00 1.330000000000e+01 -2.600000000000e+00
     vertex -4.371786556202e-01 1.330000000000e+01 -6.094053027913e-01
     vertex -3.584424315819e-01 1.330000000000e+01 -6.588012016091e-01
   endloop
 endfacet
 facet normal 0.000000000000e+00 1.000000000000e+00 0.000000000000e+00
   outer loop
     vertex -3.761862622423e+00 1.330000000000e+01 -2.600000000000e+00
     vertex -5.092003224054e-01 1.330000000000e+01 -5.506496451122e-01
     vertex -4.371786556202e-01 1.330000000000e+01 -6.094053027913e-01
   endloop
 endfacet
 facet normal 0.000000000000e+00 1.000000000000e+00 0.000000000000e+00
   outer loop
     vertex -3.761862622423e+00 1.330000000000e+01 -2.600000000000e+00
     vertex -5.734012626431e-01 1.330000000000e+01 -4.834366473482e-01
     vertex -5.092003224054e-01 1.330000000000e+01 -5.506496451122e-01
   endloop
 endfacet
 facet normal 0.000000000000e+00 1.000000000000e+00 0.000000000000e+00
   outer loop
     vertex -3.761862622423e+00 1.330000000000e+01 -2.600000000000e+00
     vertex -6.287954243305e-01 1.330000000000e+01 -4.087986232132e-01
     vertex -5.734012626431e-01 1.330000000000e+01 -4.834366473482e-01
   endloop
 endfacet
 facet normal 0.000000000000e+00 1.000000000000e+00 0.000000000000e+00
   outer loop
     vertex -3.761862622423e+00 1.330000000000e+01 -2.600000000000e+00
     vertex -9.444228703916e-02 1.330000000000e+01 -7.440300090849e-01
     vertex 2.460796106998e+00 1.330000000000e+01 -2.600000000000e+00
   endloop
 endfacet
 facet normal -0.000000000000e+00 1.000000000000e+00 0.000000000000e+00
   outer loop
     vertex -3.761862622423e+00 1.330000000000e+01 -5.000000000000e-01
     vertex -6.287954243305e-01 1.330000000000e+01 -4.087986232132e-01
     vertex -3.761862622423e+00 1.330000000000e+01 -2.600000000000e+00
   endloop
 endfacet
 facet normal 0.000000000000e+00 1.000000000000e+00 0.000000000000e+00
   outer loop
     vertex -3.761862622423e+00 1.330000000000e+01 -5.000000000000e-01
     vertex -6.745320173722e-01 1.330000000000e+01 -3.278819262171e-01
     vertex -6.287954243305e-01 1.330000000000e+01 -4.087986232132e-01
   endloop
 endfacet
 facet normal 0.000000000000e+00 1.000000000000e+00 0.000000000000e+00
   outer loop
     vertex -3.761862622423e+00 1.330000000000e+01 -5.000000000000e-01
     vertex -7.099085807294e-01 1.330000000000e+01 -2.419293430048e-01
     vertex -6.745320173722e-01 1.330000000000e+01 -3.278819262171e-01
   endloop
 endfacet
 facet normal 0.000000000000e+00 1.000000000000e+00 0.000000000000e+00
   outer loop
     vertex -3.761862622423e+00 1.330000000000e+01 -5.000000000000e-01
     vertex -7.343817714072e-01 1.330000000000e+01 -1.522610055948e-01
     vertex -7.099085807294e-01 1.330000000000e+01 -2.419293430048e-01
   endloop
 endfacet
 facet normal 0.000000000000e+00 1.000000000000e+00 0.000000000000e+00
   outer loop
     vertex -3.761862622423e+00 1.330000000000e+01 -5.000000000000e-01
     vertex -7.475757095729e-01 1.330000000000e+01 -6.025411568161e-02
     vertex -7.343817714072e-01 1.330000000000e+01 -1.522610055948e-01
   endloop
 endfacet
 facet normal 0.000000000000e+00 1.000000000000e+00 0.000000000000e+00
   outer loop
     vertex -3.761862622423e+00 1.330000000000e+01 -5.000000000000e-01
     vertex -7.492877516342e-01 1.330000000000e+01 3.267820758541e-02
     vertex -7.475757095729e-01 1.330000000000e+01 -6.025411568161e-02
   endloop
 endfacet
 facet normal 0.000000000000e+00 1.000000000000e+00 0.000000000000e+00
   outer loop
     vertex -3.761862622423e+00 1.330000000000e+01 -5.000000000000e-01
     vertex -7.394916026101e-01 1.330000000000e+01 1.251086314735e-01
     vertex -7.492877516342e-01 1.330000000000e+01 3.267820758541e-02
   endloop
 endfacet
 facet normal 0.000000000000e+00 1.000000000000e+00 0.000000000000e+00
   outer loop
     vertex -3.761862622423e+00 1.330000000000e+01 -5.000000000000e-01
     vertex -7.183377199913e-01 1.330000000000e+01 2.156175318423e-01
     vertex -7.394916026101e-01 1.330000000000e+01 1.251086314735e-01
   endloop
 endfacet
 facet normal 0.000000000000e+00 1.000000000000e+00 0.000000000000e+00
   outer loop
     vertex -3.761862622423e+00 1.330000000000e+01 -5.000000000000e-01
     vertex -6.861510028873e-01 1.330000000000e+01 3.028147969250e-01
     vertex -7.183377199913e-01 1.330000000000e+01 2.156175318423e-01
   endloop
 endfacet
 facet normal 0.000000000000e+00 1.000000000000e+00 0.000000000000e+00
   outer loop
     vertex -3.761862622423e+00 1.330000000000e+01 -5.000000000000e-01
     vertex -6.434258019534e-01 1.330000000000e+01 3.853611778328e-01
     vertex -6.861510028873e-01 1.330000000000e+01 3.028147969250e-01
   endloop
 endfacet
 facet normal 0.000000000000e+00 1.000000000000e+00 0.000000000000e+00
   outer loop
     vertex -3.761862622423e+00 1.330000000000e+01 -5.000000000000e-01
     vertex -5.908183267369e-01 1.330000000000e+01 4.619888578654e-01
     vertex -6.434258019534e-01 1.330000000000e+01 3.853611778328e-01
   endloop
 endfacet
 facet normal 0.000000000000e+00 1.000000000000e+00 0.000000000000e+00
   outer loop
     vertex -5.645324062679e+00 1.330000000000e+01 1.299999825656e+00
     vertex -3.761862622423e+00 1.330000000000e+01 -5.000000000000e-01
     vertex -5.645324062679e+00 1.330000000000e+01 -5.000000000000e-01
   endloop
 endfacet
 facet normal 0.000000000000e+00 1.000000000000e+00 0.000000000000e+00
   outer loop
     vertex -5.645324062679e+00 1.330000000000e+01 1.299999825656e+00
     vertex 2.384357645391e-03 1.330000000000e+01 1.060657491765e+00
     vertex -5.291365670604e-01 1.330000000000e+01 5.315209247053e-01
   endloop
 endfacet
 facet normal 0.000000000000e+00 1.000000000000e+00 0.000000000000e+00
   outer loop
     vertex -5.645324062679e+00 1.330000000000e+01 1.299999825656e+00
     vertex -5.908183267369e-01 1.330000000000e+01 4.619888578654e-01
     vertex -3.761862622423e+00 1.330000000000e+01 -5.000000000000e-01
   endloop
 endfacet
 facet normal 0.000000000000e+00 1.000000000000e+00 0.000000000000e+00
   outer loop
     vertex -5.645324062679e+00 1.330000000000e+01 1.299999825656e+00
     vertex -5.291365670604e-01 1.330000000000e+01 5.315209247053e-01
     vertex -5.908183267369e-01 1.330000000000e+01 4.619888578654e-01
   endloop
 endfacet
 facet normal 0.000000000000e+00 1.000000000000e+00 0.000000000000e+00
   outer loop
     vertex -5.645324062679e+00 1.330000000000e+01 1.299999825656e+00
     vertex 5.472610160725e+00 1.330000000000e+01 1.299999825656e+00
     vertex 2.384357645391e-03 1.330000000000e+01 1.060657491765e+00
   endloop
 endfacet
 facet normal 0.000000000000e+00 6.678033230828e-17 -1.000000000000e+00
   outer loop
     vertex -5.645324062679e+00 1.330000000000e+01 -5.000000000000e-01
     vertex -3.761862622423e+00 2.220446049250e-16 -5.000000000000e-01
     vertex -5.645324062679e+00 3.191891195797e-16 -5.000000000000e-01
   endloop
 endfacet
 facet normal 0.000000000000e+00 6.678033230828e-17 -1.000000000000e+00
   outer loop
     vertex -5.645324062679e+00 1.330000000000e+01 -5.000000000000e-01
     vertex -3.761862622423e+00 1.330000000000e+01 -5.000000000000e-01
     vertex -3.761862622423e+00 2.220446049250e-16 -5.000000000000e-01
   endloop
 endfacet
 facet normal -1.000000000000e+00 6.678033230828e-17 0.000000000000e+00
   outer loop
     vertex -3.761862622423e+00 1.330000000000e+01 -5.000000000000e-01
     vertex -3.761862622423e+00 3.053113317719e-16 -2.600000000000e+00
     vertex -3.761862622423e+00 2.220446049250e-16 -5.000000000000e-01
   endloop
 endfacet
 facet normal -1.000000000000e+00 6.678033230828e-17 0.000000000000e+00
   outer loop
     vertex -3.761862622423e+00 1.330000000000e+01 -5.000000000000e-01
     vertex -3.761862622423e+00 1.330000000000e+01 -2.600000000000e+00
     vertex -3.761862622423e+00 3.053113317719e-16 -2.600000000000e+00
   endloop
 endfacet
 facet normal -1.427329471727e-16 9.531753643533e-33 -1.000000000000e+00
   outer loop
     vertex -3.761862622423e+00 1.330000000000e+01 -2.600000000000e+00
     vertex 2.460796106998e+00 -4.163336342344e-17 -2.600000000000e+00
     vertex -3.761862622423e+00 3.053113317719e-16 -2.600000000000e+00
   endloop
 endfacet
 facet normal 0.000000000000e+00 6.678033230828e-17 -1.000000000000e+00
   outer loop
     vertex -3.761862622423e+00 1.330000000000e+01 -2.600000000000e+00
     vertex 2.460796106998e+00 1.330000000000e+01 -2.600000000000e+00
     vertex 2.460796106998e+00 -4.163336342344e-17 -2.600000000000e+00
   endloop
 endfacet
 facet normal 7.071067811865e-01 4.722082582508e-17 -7.071067811865e-01
   outer loop
     vertex 2.460796106998e+00 1.330000000000e+01 -2.600000000000e+00
     vertex 3.610796106998e+00 -1.526556658860e-16 -1.450000000000e+00
     vertex 2.460796106998e+00 -4.163336342344e-17 -2.600000000000e+00
   endloop
 endfacet
 facet normal 7.071067811865e-01 0.000000000000e+00 -7.071067811865e-01
   outer loop
     vertex 2.460796106998e+00 1.330000000000e+01 -2.600000000000e+00
     vertex 3.610796106998e+00 1.330000000000e+01 -1.450000000000e+00
     vertex 3.610796106998e+00 -1.526556658860e-16 -1.450000000000e+00
   endloop
 endfacet
 facet normal 2.324079503652e-15 0.000000000000e+00 -1.000000000000e+00
   outer loop
     vertex 6.335636106221e+00 -3.053113317719e-16 -1.450000000000e+00
     vertex 6.717799633030e+00 -1.525892716615e+00 -1.450000000000e+00
     vertex 6.335636106221e+00 -1.550000000000e+00 -1.450000000000e+00
   endloop
 endfacet
 facet normal 9.754505200699e-17 -5.576409464027e-16 -1.000000000000e+00
   outer loop
     vertex 6.335636106221e+00 -3.053113317719e-16 -1.450000000000e+00
     vertex 7.110832009592e+00 -1.457141732923e+00 -1.450000000000e+00
     vertex 6.717799633030e+00 -1.525892716615e+00 -1.450000000000e+00
   endloop
 endfacet
 facet normal -8.747614502960e-16 -1.074905671156e-15 -1.000000000000e+00
   outer loop
     vertex 6.335636106221e+00 -3.053113317719e-16 -1.450000000000e+00
     vertex 7.485743521462e+00 -1.349103348616e+00 -1.450000000000e+00
     vertex 7.110832009592e+00 -1.457141732923e+00 -1.450000000000e+00
   endloop
 endfacet
 facet normal 6.258930923026e-16 2.043987786689e-16 -1.000000000000e+00
   outer loop
     vertex 6.335636106221e+00 -3.053113317719e-16 -1.450000000000e+00
     vertex 7.797553004641e+00 -1.217570256961e+00 -1.450000000000e+00
     vertex 7.485743521462e+00 -1.349103348616e+00 -1.450000000000e+00
   endloop
 endfacet
 facet normal 1.810997205746e-16 -3.296574227840e-16 -1.000000000000e+00
   outer loop
     vertex 6.335636106221e+00 -3.053113317719e-16 -1.450000000000e+00
     vertex 8.077964682008e+00 -1.063524047450e+00 -1.450000000000e+00
     vertex 7.797553004641e+00 -1.217570256961e+00 -1.450000000000e+00
   endloop
 endfacet
 facet normal 2.003045588079e-16 -2.981949104624e-16 -1.000000000000e+00
   outer loop
     vertex 6.335636106221e+00 -3.053113317719e-16 -1.450000000000e+00
     vertex 8.346170056747e+00 -8.833641675451e-01 -1.450000000000e+00
     vertex 8.077964682008e+00 -1.063524047450e+00 -1.450000000000e+00
   endloop
 endfacet
 facet normal 2.155447838025e-16 -2.635082083173e-16 -1.000000000000e+00
   outer loop
     vertex 6.335636106221e+00 -3.053113317719e-16 -1.450000000000e+00
     vertex 8.587942056442e+00 -6.855991956816e-01 -1.450000000000e+00
     vertex 8.346170056747e+00 -8.833641675451e-01 -1.450000000000e+00
   endloop
 endfacet
 facet normal 2.278724223777e-16 -2.230098910934e-16 -1.000000000000e+00
   outer loop
     vertex 6.335636106221e+00 -3.053113317719e-16 -1.450000000000e+00
     vertex 8.801454137112e+00 -4.674316749916e-01 -1.450000000000e+00
     vertex 8.587942056442e+00 -6.855991956816e-01 -1.450000000000e+00
   endloop
 endfacet
 facet normal 2.348121481568e-16 -1.864011162259e-16 -1.000000000000e+00
   outer loop
     vertex 6.335636106221e+00 -3.053113317719e-16 -1.450000000000e+00
     vertex 9.000789084753e+00 -2.163265946889e-01 -1.450000000000e+00
     vertex 8.801454137112e+00 -4.674316749916e-01 -1.450000000000e+00
   endloop
 endfacet
 facet normal 2.374645086546e-16 -1.537239204750e-16 -1.000000000000e+00
   outer loop
     vertex 6.335636106221e+00 -3.053113317719e-16 -1.450000000000e+00
     vertex 9.175853232290e+00 5.410315788009e-02 -1.450000000000e+00
     vertex 9.000789084753e+00 -2.163265946889e-01 -1.450000000000e+00
   endloop
 endfacet
 facet normal 2.523426774149e-16 -9.347731489000e-16 -1.000000000000e+00
   outer loop
     vertex 6.335636106221e+00 -3.053113317719e-16 -1.450000000000e+00
     vertex 9.315688705673e+00 3.293903363564e-01 -1.450000000000e+00
     vertex 9.175853232290e+00 5.410315788009e-02 -1.450000000000e+00
   endloop
 endfacet
 facet normal -2.092935885953e-17 1.537567269661e-15 -1.000000000000e+00
   outer loop
     vertex 6.335636106221e+00 -3.053113317719e-16 -1.450000000000e+00
     vertex 9.421159241176e+00 6.196518743997e-01 -1.450000000000e+00
     vertex 9.315688705673e+00 3.293903363564e-01 -1.450000000000e+00
   endloop
 endfacet
 facet normal 3.027558140793e-16 -7.420561573910e-17 -1.000000000000e+00
   outer loop
     vertex 6.335636106221e+00 -3.053113317719e-16 -1.450000000000e+00
     vertex 9.497873061281e+00 9.326410575727e-01 -1.450000000000e+00
     vertex 9.421159241176e+00 6.196518743997e-01 -1.450000000000e+00
   endloop
 endfacet
 facet normal 2.936087201027e-16 -4.319124169968e-17 -1.000000000000e+00
   outer loop
     vertex 6.335636106221e+00 -3.053113317719e-16 -1.450000000000e+00
     vertex 9.536554735328e+00 1.195594294418e+00 -1.450000000000e+00
     vertex 9.497873061281e+00 9.326410575727e-01 -1.450000000000e+00
   endloop
 endfacet
 facet normal 1.613338688127e-15 -3.576453536244e-15 -1.000000000000e+00
   outer loop
     vertex 6.335636106221e+00 -3.053113317719e-16 -1.450000000000e+00
     vertex 9.550000000000e+00 1.450000000000e+00 -1.450000000000e+00
     vertex 9.536554735328e+00 1.195594294418e+00 -1.450000000000e+00
   endloop
 endfacet
 facet normal 6.201233928506e-16 1.476520180494e-15 -1.000000000000e+00
   outer loop
     vertex 6.335636106221e+00 1.330000000000e+01 -1.450000000000e+00
     vertex 9.530480392600e+00 1.225896548591e+01 -1.450000000000e+00
     vertex 9.550000000000e+00 1.195000000000e+01 -1.450000000000e+00
   endloop
 endfacet
 facet normal 1.474023090666e-16 2.578033168663e-17 -1.000000000000e+00
   outer loop
     vertex 6.335636106221e+00 1.330000000000e+01 -1.450000000000e+00
     vertex 9.474843140799e+00 1.257707851429e+01 -1.450000000000e+00
     vertex 9.530480392600e+00 1.225896548591e+01 -1.450000000000e+00
   endloop
 endfacet
 facet normal 1.513558960162e-16 4.294834814385e-17 -1.000000000000e+00
   outer loop
     vertex 6.335636106221e+00 1.330000000000e+01 -1.450000000000e+00
     vertex 9.387470600195e+00 1.288499138503e+01 -1.450000000000e+00
     vertex 9.474843140799e+00 1.257707851429e+01 -1.450000000000e+00
   endloop
 endfacet
 facet normal 1.541530790734e-16 6.351789641783e-17 -1.000000000000e+00
   outer loop
     vertex 6.335636106221e+00 1.330000000000e+01 -1.450000000000e+00
     vertex 9.271394479378e+00 1.316669925698e+01 -1.450000000000e+00
     vertex 9.387470600195e+00 1.288499138503e+01 -1.450000000000e+00
   endloop
 endfacet
 facet normal 1.551982081925e-16 8.653537173731e-17 -1.000000000000e+00
   outer loop
     vertex 6.335636106221e+00 1.330000000000e+01 -1.450000000000e+00
     vertex 9.117614203260e+00 1.344249888469e+01 -1.450000000000e+00
     vertex 9.271394479378e+00 1.316669925698e+01 -1.450000000000e+00
   endloop
 endfacet
 facet normal 1.541276829791e-16 1.074350279168e-16 -1.000000000000e+00
   outer loop
     vertex 6.335636106221e+00 1.330000000000e+01 -1.450000000000e+00
     vertex 8.932336204275e+00 1.370830110250e+01 -1.450000000000e+00
     vertex 9.117614203260e+00 1.344249888469e+01 -1.450000000000e+00
   endloop
 endfacet
 facet normal 1.507982591432e-16 1.286093895540e-16 -1.000000000000e+00
   outer loop
     vertex 6.335636106221e+00 1.330000000000e+01 -1.450000000000e+00
     vertex 8.726586953544e+00 1.394954809805e+01 -1.450000000000e+00
     vertex 8.932336204275e+00 1.370830110250e+01 -1.450000000000e+00
   endloop
 endfacet
 facet normal 1.441447246480e-16 1.531006843276e-16 -1.000000000000e+00
   outer loop
     vertex 6.335636106221e+00 1.330000000000e+01 -1.450000000000e+00
     vertex 8.505162948124e+00 1.415801942156e+01 -1.450000000000e+00
     vertex 8.726586953544e+00 1.394954809805e+01 -1.450000000000e+00
   endloop
 endfacet
 facet normal 1.346802925111e-16 1.770317738207e-16 -1.000000000000e+00
   outer loop
     vertex 6.335636106221e+00 1.330000000000e+01 -1.450000000000e+00
     vertex 8.251720216815e+00 1.435083080480e+01 -1.450000000000e+00
     vertex 8.505162948124e+00 1.415801942156e+01 -1.450000000000e+00
   endloop
 endfacet
 facet normal 1.235408838418e-16 1.973433633317e-16 -1.000000000000e+00
   outer loop
     vertex 6.335636106221e+00 1.330000000000e+01 -1.450000000000e+00
     vertex 7.976887645171e+00 1.452288147950e+01 -1.450000000000e+00
     vertex 8.251720216815e+00 1.435083080480e+01 -1.450000000000e+00
   endloop
 endfacet
 facet normal 3.552627269992e-17 8.458842092382e-17 -1.000000000000e+00
   outer loop
     vertex 6.335636106221e+00 1.330000000000e+01 -1.450000000000e+00
     vertex 9.550000000000e+00 1.195000000000e+01 -1.450000000000e+00
     vertex 9.550000000000e+00 1.450000000000e+00 -1.450000000000e+00
   endloop
 endfacet
 facet normal -3.012461720168e-17 6.678033230828e-17 -1.000000000000e+00
   outer loop
     vertex 6.335636106221e+00 1.330000000000e+01 -1.450000000000e+00
     vertex 9.550000000000e+00 1.450000000000e+00 -1.450000000000e+00
     vertex 6.335636106221e+00 -3.053113317719e-16 -1.450000000000e+00
   endloop
 endfacet
 facet normal 1.094732914522e-16 2.162237356701e-16 -1.000000000000e+00
   outer loop
     vertex 7.694981368093e+00 1.466560960293e+01 -1.450000000000e+00
     vertex 7.976887645171e+00 1.452288147950e+01 -1.450000000000e+00
     vertex 6.335636106221e+00 1.330000000000e+01 -1.450000000000e+00
   endloop
 endfacet
 facet normal 6.560999050810e-16 -3.278953856764e-16 -1.000000000000e+00
   outer loop
     vertex 7.410950005280e+00 1.477446034101e+01 -1.450000000000e+00
     vertex 7.694981368093e+00 1.466560960293e+01 -1.450000000000e+00
     vertex 6.335636106221e+00 1.330000000000e+01 -1.450000000000e+00
   endloop
 endfacet
 facet normal -1.169009526499e-15 1.003144510410e-15 -1.000000000000e+00
   outer loop
     vertex 7.103460983226e+00 1.485882666400e+01 -1.450000000000e+00
     vertex 7.410950005280e+00 1.477446034101e+01 -1.450000000000e+00
     vertex 6.335636106221e+00 1.330000000000e+01 -1.450000000000e+00
   endloop
 endfacet
 facet normal 7.176510791275e-17 3.919812213431e-16 -1.000000000000e+00
   outer loop
     vertex 6.784395229188e+00 1.491724218756e+01 -1.450000000000e+00
     vertex 7.103460983226e+00 1.485882666400e+01 -1.450000000000e+00
     vertex 6.335636106221e+00 1.330000000000e+01 -1.450000000000e+00
   endloop
 endfacet
 facet normal 4.273783042794e-17 4.000358316460e-16 -1.000000000000e+00
   outer loop
     vertex 6.556099948969e+00 1.494163211517e+01 -1.450000000000e+00
     vertex 6.784395229188e+00 1.491724218756e+01 -1.450000000000e+00
     vertex 6.335636106221e+00 1.330000000000e+01 -1.450000000000e+00
   endloop
 endfacet
 facet normal 3.021510495652e-15 0.000000000000e+00 -1.000000000000e+00
   outer loop
     vertex 6.335636106221e+00 1.495000000000e+01 -1.450000000000e+00
     vertex 6.556099948969e+00 1.494163211517e+01 -1.450000000000e+00
     vertex 6.335636106221e+00 1.330000000000e+01 -1.450000000000e+00
   endloop
 endfacet
 facet normal -3.259561735564e-16 -0.000000000000e+00 -1.000000000000e+00
   outer loop
     vertex 3.610796106998e+00 1.330000000000e+01 -1.450000000000e+00
     vertex 6.335636106221e+00 -3.053113317719e-16 -1.450000000000e+00
     vertex 3.610796106998e+00 -1.526556658860e-16 -1.450000000000e+00
   endloop
 endfacet
 facet normal 0.000000000000e+00 6.678033230828e-17 -1.000000000000e+00
   outer loop
     vertex 3.610796106998e+00 1.330000000000e+01 -1.450000000000e+00
     vertex 6.335636106221e+00 1.330000000000e+01 -1.450000000000e+00
     vertex 6.335636106221e+00 -3.053113317719e-16 -1.450000000000e+00
   endloop
 endfacet
 facet normal 0.000000000000e+00 0.000000000000e+00 1.000000000000e+00
   outer loop
     vertex 5.472610160725e+00 1.330000000000e+01 1.299999825656e+00
     vertex -5.645324062679e+00 2.498001805407e-16 1.299999825656e+00
     vertex 5.472610160725e+00 -3.469446951954e-16 1.299999825656e+00
   endloop
 endfacet
 facet normal 1.597740015102e-16 -1.335606646166e-16 1.000000000000e+00
   outer loop
     vertex 5.472610160725e+00 1.330000000000e+01 1.299999825656e+00
     vertex -5.645324062679e+00 1.330000000000e+01 1.299999825656e+00
     vertex -5.645324062679e+00 2.498001805407e-16 1.299999825656e+00
   endloop
 endfacet
 facet normal -1.000000000000e+00 3.295158653418e-32 -4.934325031816e-16
   outer loop
     vertex -5.645324062679e+00 1.330000000000e+01 -5.000000000000e-01
     vertex -5.645324062679e+00 3.191891195797e-16 -5.000000000000e-01
     vertex -5.645324062679e+00 2.498001805407e-16 1.299999825656e+00
   endloop
 endfacet
 facet normal -1.000000000000e+00 6.678033230828e-17 0.000000000000e+00
   outer loop
     vertex -5.645324062679e+00 1.330000000000e+01 1.299999825656e+00
     vertex -5.645324062679e+00 1.330000000000e+01 -5.000000000000e-01
     vertex -5.645324062679e+00 2.498001805407e-16 1.299999825656e+00
   endloop
 endfacet
endsolid
