solid 
 facet normal 0.000000000000e+00 0.000000000000e+00 -1.000000000000e+00
   outer loop
     vertex 4.856840222663e+00 -1.387778780781e-17 -1.450000000000e+00
     vertex 4.037769189373e+00 -2.521267477285e+00 -1.450000000000e+00
     vertex 3.676381970419e+00 -2.352150876204e+00 -1.450000000000e+00
   endloop
 endfacet
 facet normal 0.000000000000e+00 0.000000000000e+00 -1.000000000000e+00
   outer loop
     vertex 4.856840222663e+00 -1.387778780781e-17 -1.450000000000e+00
     vertex 4.406846992209e+00 -2.647808022843e+00 -1.450000000000e+00
     vertex 4.037769189373e+00 -2.521267477285e+00 -1.450000000000e+00
   endloop
 endfacet
 facet normal 0.000000000000e+00 0.000000000000e+00 -1.000000000000e+00
   outer loop
     vertex 4.856840222663e+00 -1.387778780781e-17 -1.450000000000e+00
     vertex 4.737710649757e+00 -2.718908994104e+00 -1.450000000000e+00
     vertex 4.406846992209e+00 -2.647808022843e+00 -1.450000000000e+00
   endloop
 endfacet
 facet normal 0.000000000000e+00 -0.000000000000e+00 -1.000000000000e+00
   outer loop
     vertex 4.856840222663e+00 -1.387778780781e-17 -1.450000000000e+00
     vertex 5.055767724400e+00 -2.753559257284e+00 -1.450000000000e+00
     vertex 4.737710649757e+00 -2.718908994104e+00 -1.450000000000e+00
   endloop
 endfacet
 facet normal 0.000000000000e+00 0.000000000000e+00 -1.000000000000e+00
   outer loop
     vertex 4.856840222663e+00 -1.387778780781e-17 -1.450000000000e+00
     vertex 5.378804167296e+00 -2.759817206414e+00 -1.450000000000e+00
     vertex 5.055767724400e+00 -2.753559257284e+00 -1.450000000000e+00
   endloop
 endfacet
 facet normal 0.000000000000e+00 0.000000000000e+00 -1.000000000000e+00
   outer loop
     vertex 4.856840222663e+00 -1.387778780781e-17 -1.450000000000e+00
     vertex 5.690285522894e+00 -2.736492347418e+00 -1.450000000000e+00
     vertex 5.378804167296e+00 -2.759817206414e+00 -1.450000000000e+00
   endloop
 endfacet
 facet normal -1.400181111336e-15 -4.264489786775e-16 -1.000000000000e+00
   outer loop
     vertex 4.856840222663e+00 -1.387778780781e-17 -1.450000000000e+00
     vertex 5.990320129300e+00 -2.680245475195e+00 -1.450000000000e+00
     vertex 5.690285522894e+00 -2.736492347418e+00 -1.450000000000e+00
   endloop
 endfacet
 facet normal 5.980850213228e-16 4.186208219970e-16 -1.000000000000e+00
   outer loop
     vertex 4.856840222663e+00 -1.387778780781e-17 -1.450000000000e+00
     vertex 6.297633716269e+00 -2.588886064242e+00 -1.450000000000e+00
     vertex 5.990320129300e+00 -2.680245475195e+00 -1.450000000000e+00
   endloop
 endfacet
 facet normal -2.838736766115e-17 6.996996615657e-17 -1.000000000000e+00
   outer loop
     vertex 4.856840222663e+00 -1.387778780781e-17 -1.450000000000e+00
     vertex 6.596150004368e+00 -2.467775649466e+00 -1.450000000000e+00
     vertex 6.297633716269e+00 -2.588886064242e+00 -1.450000000000e+00
   endloop
 endfacet
 facet normal -3.487621531788e-17 6.539656978491e-17 -1.000000000000e+00
   outer loop
     vertex 4.856840222663e+00 -1.387778780781e-17 -1.450000000000e+00
     vertex 6.868594757057e+00 -2.322479926949e+00 -1.450000000000e+00
     vertex 6.596150004368e+00 -2.467775649466e+00 -1.450000000000e+00
   endloop
 endfacet
 facet normal -4.169991534076e-17 5.948581494777e-17 -1.000000000000e+00
   outer loop
     vertex 4.856840222663e+00 -1.387778780781e-17 -1.450000000000e+00
     vertex 7.121478340427e+00 -2.145207008576e+00 -1.450000000000e+00
     vertex 6.868594757057e+00 -2.322479926949e+00 -1.450000000000e+00
   endloop
 endfacet
 facet normal -4.711671266619e-17 5.376744574129e-17 -1.000000000000e+00
   outer loop
     vertex 4.856840222663e+00 -1.387778780781e-17 -1.450000000000e+00
     vertex 7.363841843292e+00 -1.932822518894e+00 -1.450000000000e+00
     vertex 7.121478340427e+00 -2.145207008576e+00 -1.450000000000e+00
   endloop
 endfacet
 facet normal -5.124776285098e-17 4.840919406173e-17 -1.000000000000e+00
   outer loop
     vertex 4.856840222663e+00 -1.387778780781e-17 -1.450000000000e+00
     vertex 7.546351796181e+00 -1.739610734132e+00 -1.450000000000e+00
     vertex 7.363841843292e+00 -1.932822518894e+00 -1.450000000000e+00
   endloop
 endfacet
 facet normal -1.480620215140e-15 -2.161460909561e-15 -1.000000000000e+00
   outer loop
     vertex 4.856840222663e+00 -1.387778780781e-17 -1.450000000000e+00
     vertex 7.703286630217e+00 -1.538925667323e+00 -1.450000000000e+00
     vertex 7.546351796181e+00 -1.739610734132e+00 -1.450000000000e+00
   endloop
 endfacet
 facet normal -1.483207096613e-16 3.028031037584e-16 -1.000000000000e+00
   outer loop
     vertex 1.082927820833e+01 2.925452974052e+00 -1.450000000000e+00
     vertex 7.703286630217e+00 -1.538925667323e+00 -1.450000000000e+00
     vertex 4.856840222663e+00 -1.387778780781e-17 -1.450000000000e+00
   endloop
 endfacet
 facet normal 0.000000000000e+00 0.000000000000e+00 -1.000000000000e+00
   outer loop
     vertex 9.200000000000e+00 6.202674978966e+00 -1.450000000000e+00
     vertex 4.856840222663e+00 -1.387778780781e-17 -1.450000000000e+00
     vertex 3.646796106998e+00 4.302114220422e-16 -1.450000000000e+00
   endloop
 endfacet
 facet normal 0.000000000000e+00 0.000000000000e+00 -1.000000000000e+00
   outer loop
     vertex 9.200000000000e+00 6.202674978966e+00 -1.450000000000e+00
     vertex 1.099050400439e+01 3.189738670300e+00 -1.450000000000e+00
     vertex 1.082927820833e+01 2.925452974052e+00 -1.450000000000e+00
   endloop
 endfacet
 facet normal 0.000000000000e+00 0.000000000000e+00 -1.000000000000e+00
   outer loop
     vertex 9.200000000000e+00 6.202674978966e+00 -1.450000000000e+00
     vertex 1.112739077301e+01 3.482233824434e+00 -1.450000000000e+00
     vertex 1.099050400439e+01 3.189738670300e+00 -1.450000000000e+00
   endloop
 endfacet
 facet normal 0.000000000000e+00 0.000000000000e+00 -1.000000000000e+00
   outer loop
     vertex 9.200000000000e+00 6.202674978966e+00 -1.450000000000e+00
     vertex 1.123243094487e+01 3.784576112432e+00 -1.450000000000e+00
     vertex 1.112739077301e+01 3.482233824434e+00 -1.450000000000e+00
   endloop
 endfacet
 facet normal 0.000000000000e+00 0.000000000000e+00 -1.000000000000e+00
   outer loop
     vertex 9.200000000000e+00 6.202674978966e+00 -1.450000000000e+00
     vertex 1.129892795049e+01 4.081916219359e+00 -1.450000000000e+00
     vertex 1.123243094487e+01 3.784576112432e+00 -1.450000000000e+00
   endloop
 endfacet
 facet normal 0.000000000000e+00 0.000000000000e+00 -1.000000000000e+00
   outer loop
     vertex 9.200000000000e+00 6.202674978966e+00 -1.450000000000e+00
     vertex 1.133115069055e+01 4.396042790969e+00 -1.450000000000e+00
     vertex 1.129892795049e+01 4.081916219359e+00 -1.450000000000e+00
   endloop
 endfacet
 facet normal 0.000000000000e+00 0.000000000000e+00 -1.000000000000e+00
   outer loop
     vertex 9.200000000000e+00 6.202674978966e+00 -1.450000000000e+00
     vertex 1.133183772778e+01 4.720046315456e+00 -1.450000000000e+00
     vertex 1.133115069055e+01 4.396042790969e+00 -1.450000000000e+00
   endloop
 endfacet
 facet normal 0.000000000000e+00 0.000000000000e+00 -1.000000000000e+00
   outer loop
     vertex 9.200000000000e+00 6.202674978966e+00 -1.450000000000e+00
     vertex 1.130167140043e+01 5.035677207061e+00 -1.450000000000e+00
     vertex 1.133183772778e+01 4.720046315456e+00 -1.450000000000e+00
   endloop
 endfacet
 facet normal 0.000000000000e+00 0.000000000000e+00 -1.000000000000e+00
   outer loop
     vertex 9.200000000000e+00 6.202674978966e+00 -1.450000000000e+00
     vertex 1.123986571255e+01 5.333450509840e+00 -1.450000000000e+00
     vertex 1.130167140043e+01 5.035677207061e+00 -1.450000000000e+00
   endloop
 endfacet
 facet normal 0.000000000000e+00 0.000000000000e+00 -1.000000000000e+00
   outer loop
     vertex 9.200000000000e+00 6.202674978966e+00 -1.450000000000e+00
     vertex 1.114284964717e+01 5.636761127224e+00 -1.450000000000e+00
     vertex 1.123986571255e+01 5.333450509840e+00 -1.450000000000e+00
   endloop
 endfacet
 facet normal 0.000000000000e+00 0.000000000000e+00 -1.000000000000e+00
   outer loop
     vertex 9.200000000000e+00 6.202674978966e+00 -1.450000000000e+00
     vertex 1.101640419714e+01 5.935334276166e+00 -1.450000000000e+00
     vertex 1.114284964717e+01 5.636761127224e+00 -1.450000000000e+00
   endloop
 endfacet
 facet normal 0.000000000000e+00 0.000000000000e+00 -1.000000000000e+00
   outer loop
     vertex 9.200000000000e+00 6.202674978966e+00 -1.450000000000e+00
     vertex 1.086734558238e+01 6.213945108041e+00 -1.450000000000e+00
     vertex 1.101640419714e+01 5.935334276166e+00 -1.450000000000e+00
   endloop
 endfacet
 facet normal 0.000000000000e+00 0.000000000000e+00 -1.000000000000e+00
   outer loop
     vertex 9.200000000000e+00 6.202674978966e+00 -1.450000000000e+00
     vertex 1.069711492933e+01 6.466024109554e+00 -1.450000000000e+00
     vertex 1.086734558238e+01 6.213945108041e+00 -1.450000000000e+00
   endloop
 endfacet
 facet normal 0.000000000000e+00 -0.000000000000e+00 -1.000000000000e+00
   outer loop
     vertex 9.200000000000e+00 6.202674978966e+00 -1.450000000000e+00
     vertex 1.082927820833e+01 2.925452974052e+00 -1.450000000000e+00
     vertex 4.856840222663e+00 -1.387778780781e-17 -1.450000000000e+00
   endloop
 endfacet
 facet normal 1.388642337169e-16 -7.894300504560e-16 -1.000000000000e+00
   outer loop
     vertex 1.049362520321e+01 6.711501412991e+00 -1.450000000000e+00
     vertex 1.069711492933e+01 6.466024109554e+00 -1.450000000000e+00
     vertex 9.200000000000e+00 6.202674978966e+00 -1.450000000000e+00
   endloop
 endfacet
 facet normal -6.686802979688e-16 1.263647166148e-15 -1.000000000000e+00
   outer loop
     vertex 1.026576760636e+01 6.942361206695e+00 -1.450000000000e+00
     vertex 1.049362520321e+01 6.711501412991e+00 -1.450000000000e+00
     vertex 9.200000000000e+00 6.202674978966e+00 -1.450000000000e+00
   endloop
 endfacet
 facet normal 1.160263040725e-16 1.330125191887e-16 -1.000000000000e+00
   outer loop
     vertex 1.009274854862e+01 7.093285059016e+00 -1.450000000000e+00
     vertex 1.026576760636e+01 6.942361206695e+00 -1.450000000000e+00
     vertex 9.200000000000e+00 6.202674978966e+00 -1.450000000000e+00
   endloop
 endfacet
 facet normal 8.250254997897e-16 -5.776890741679e-16 -1.000000000000e+00
   outer loop
     vertex 9.916954762706e+00 7.226592494249e+00 -1.450000000000e+00
     vertex 1.009274854862e+01 7.093285059016e+00 -1.450000000000e+00
     vertex 9.200000000000e+00 6.202674978966e+00 -1.450000000000e+00
   endloop
 endfacet
 facet normal 0.000000000000e+00 -0.000000000000e+00 -1.000000000000e+00
   outer loop
     vertex 3.646796106998e+00 1.330000000000e+01 -1.450000000000e+00
     vertex 9.200000000000e+00 6.202674978966e+00 -1.450000000000e+00
     vertex 3.646796106998e+00 4.302114220422e-16 -1.450000000000e+00
   endloop
 endfacet
 facet normal 0.000000000000e+00 0.000000000000e+00 -1.000000000000e+00
   outer loop
     vertex 3.349504566486e+00 -2.152698412860e+00 -1.450000000000e+00
     vertex 4.856840222663e+00 -1.387778780781e-17 -1.450000000000e+00
     vertex 3.676381970419e+00 -2.352150876204e+00 -1.450000000000e+00
   endloop
 endfacet
 facet normal -0.000000000000e+00 -0.000000000000e+00 -1.000000000000e+00
   outer loop
     vertex 9.200000000000e+00 1.330000000000e+01 -1.450000000000e+00
     vertex 9.200000000000e+00 6.202674978966e+00 -1.450000000000e+00
     vertex 3.646796106998e+00 1.330000000000e+01 -1.450000000000e+00
   endloop
 endfacet
 facet normal 7.699263757836e-01 -5.391082521901e-01 3.414317915679e-01
   outer loop
     vertex 1.020715960049e+01 3.361065112925e+00 6.406888037205e-01
     vertex 7.703286630217e+00 -1.538925667323e+00 -1.450000000000e+00
     vertex 1.082927820833e+01 2.925452974052e+00 -1.450000000000e+00
   endloop
 endfacet
 facet normal 7.699263757836e-01 -5.391082521901e-01 3.414317915679e-01
   outer loop
     vertex 1.020715960049e+01 3.361065112925e+00 6.406888037205e-01
     vertex 7.081168022374e+00 -1.103313528450e+00 6.406888037205e-01
     vertex 7.703286630217e+00 -1.538925667323e+00 -1.450000000000e+00
   endloop
 endfacet
 facet normal 7.889957876350e-01 -5.524607981178e-01 2.688358488693e-01
   outer loop
     vertex 9.717317154155e+00 3.704056486382e+00 2.783159449323e+00
     vertex 6.591325576042e+00 -7.603221549932e-01 2.783159449323e+00
     vertex 7.081168022374e+00 -1.103313528450e+00 6.406888037205e-01
   endloop
 endfacet
 facet normal 7.889957876350e-01 -5.524607981178e-01 2.688358488693e-01
   outer loop
     vertex 9.717317154155e+00 3.704056486382e+00 2.783159449323e+00
     vertex 7.081168022374e+00 -1.103313528450e+00 6.406888037205e-01
     vertex 1.020715960049e+01 3.361065112925e+00 6.406888037205e-01
   endloop
 endfacet
 facet normal 8.034794740336e-01 -5.626023845151e-01 1.946774042991e-01
   outer loop
     vertex 9.362597884502e+00 3.952433592941e+00 4.964959674924e+00
     vertex 6.236606306389e+00 -5.119450484342e-01 4.964959674924e+00
     vertex 6.591325576042e+00 -7.603221549932e-01 2.783159449323e+00
   endloop
 endfacet
 facet normal 8.034794740336e-01 -5.626023845151e-01 1.946774042991e-01
   outer loop
     vertex 9.362597884502e+00 3.952433592941e+00 4.964959674924e+00
     vertex 6.591325576042e+00 -7.603221549932e-01 2.783159449323e+00
     vertex 9.717317154155e+00 3.704056486382e+00 2.783159449323e+00
   endloop
 endfacet
 facet normal 8.132932542898e-01 -5.694740674288e-01 1.193874744383e-01
   outer loop
     vertex 9.145063456761e+00 4.104752839066e+00 7.173408631040e+00
     vertex 6.019071878647e+00 -3.596258023092e-01 7.173408631040e+00
     vertex 6.236606306389e+00 -5.119450484342e-01 4.964959674924e+00
   endloop
 endfacet
 facet normal 8.132932542898e-01 -5.694740674288e-01 1.193874744383e-01
   outer loop
     vertex 9.145063456761e+00 4.104752839066e+00 7.173408631040e+00
     vertex 6.236606306389e+00 -5.119450484342e-01 4.964959674924e+00
     vertex 9.362597884502e+00 3.952433592941e+00 4.964959674924e+00
   endloop
 endfacet
 facet normal 8.183800896937e-01 -5.730359079243e-01 4.340365217809e-02
   outer loop
     vertex 9.065978203614e+00 4.160128929480e+00 9.395670582995e+00
     vertex 5.939986625501e+00 -3.042497118949e-01 9.395670582995e+00
     vertex 6.019071878647e+00 -3.596258023092e-01 7.173408631040e+00
   endloop
 endfacet
 facet normal 8.183800896937e-01 -5.730359079243e-01 4.340365217809e-02
   outer loop
     vertex 9.065978203614e+00 4.160128929480e+00 9.395670582995e+00
     vertex 6.019071878647e+00 -3.596258023092e-01 7.173408631040e+00
     vertex 9.145063456761e+00 4.104752839066e+00 7.173408631040e+00
   endloop
 endfacet
 facet normal 8.187104150296e-01 -5.732672042145e-01 -3.283243661596e-02
   outer loop
     vertex 9.125801776767e+00 4.118240012596e+00 1.161882951355e+01
     vertex 5.999810198654e+00 -3.461386287793e-01 1.161882951355e+01
     vertex 5.939986625501e+00 -3.042497118949e-01 9.395670582995e+00
   endloop
 endfacet
 facet normal 8.142823104124e-01 -5.701666119816e-01 -1.088776998789e-01
   outer loop
     vertex 9.125801776767e+00 4.118240012596e+00 1.161882951355e+01
     vertex 6.198194897287e+00 -4.850490902275e-01 1.382996419213e+01
     vertex 5.999810198654e+00 -3.461386287793e-01 1.161882951355e+01
   endloop
 endfacet
 facet normal 8.187104150296e-01 -5.732672042145e-01 -3.283243661596e-02
   outer loop
     vertex 9.125801776767e+00 4.118240012596e+00 1.161882951355e+01
     vertex 5.939986625501e+00 -3.042497118949e-01 9.395670582995e+00
     vertex 9.065978203614e+00 4.160128929480e+00 9.395670582995e+00
   endloop
 endfacet
 facet normal 8.142823104124e-01 -5.701666119816e-01 -1.088776998788e-01
   outer loop
     vertex 9.324186475400e+00 3.979329551147e+00 1.382996419213e+01
     vertex 6.198194897287e+00 -4.850490902275e-01 1.382996419213e+01
     vertex 9.125801776767e+00 4.118240012596e+00 1.161882951355e+01
   endloop
 endfacet
 facet normal 1.000000000000e+00 0.000000000000e+00 0.000000000000e+00
   outer loop
     vertex 9.200000000000e+00 1.330000000000e+01 -1.450000000000e+00
     vertex 9.200000000000e+00 6.619021490942e+00 -7.699232709580e-01
     vertex 9.200000000000e+00 6.202674978966e+00 -1.450000000000e+00
   endloop
 endfacet
 facet normal 1.000000000000e+00 0.000000000000e+00 0.000000000000e+00
   outer loop
     vertex 9.200000000000e+00 1.330000000000e+01 -1.450000000000e+00
     vertex 9.200000000000e+00 7.008705092965e+00 -8.466805165631e-02
     vertex 9.200000000000e+00 6.619021490942e+00 -7.699232709580e-01
   endloop
 endfacet
 facet normal 1.000000000000e+00 0.000000000000e+00 0.000000000000e+00
   outer loop
     vertex 9.200000000000e+00 1.330000000000e+01 -1.450000000000e+00
     vertex 9.200000000000e+00 7.371530243587e+00 6.054217999726e-01
     vertex 9.200000000000e+00 7.008705092965e+00 -8.466805165631e-02
   endloop
 endfacet
 facet normal 1.000000000000e+00 0.000000000000e+00 0.000000000000e+00
   outer loop
     vertex 9.200000000000e+00 1.330000000000e+01 -1.450000000000e+00
     vertex 9.200000000000e+00 7.707314878807e+00 1.300000000000e+00
     vertex 9.200000000000e+00 7.371530243587e+00 6.054217999726e-01
   endloop
 endfacet
 facet normal 1.000000000000e+00 0.000000000000e+00 0.000000000000e+00
   outer loop
     vertex 9.200000000000e+00 1.330000000000e+01 1.300000000000e+00
     vertex 9.200000000000e+00 7.707314878807e+00 1.300000000000e+00
     vertex 9.200000000000e+00 1.330000000000e+01 -1.450000000000e+00
   endloop
 endfacet
 facet normal 0.000000000000e+00 1.000000000000e+00 0.000000000000e+00
   outer loop
     vertex 3.646796106998e+00 1.330000000000e+01 -1.450000000000e+00
     vertex 9.200000000000e+00 1.330000000000e+01 1.300000000000e+00
     vertex 9.200000000000e+00 1.330000000000e+01 -1.450000000000e+00
   endloop
 endfacet
 facet normal 0.000000000000e+00 1.000000000000e+00 0.000000000000e+00
   outer loop
     vertex 5.712219474823e-01 1.330000000000e+01 -4.860097598963e-01
     vertex 2.406796106998e+00 1.330000000000e+01 -2.690000000000e+00
     vertex 5.067194680600e-01 1.330000000000e+01 -5.529334324211e-01
   endloop
 endfacet
 facet normal -0.000000000000e+00 1.000000000000e+00 0.000000000000e+00
   outer loop
     vertex 4.344343651364e-01 1.330000000000e+01 -6.113646885359e-01
     vertex 5.067194680600e-01 1.330000000000e+01 -5.529334324211e-01
     vertex 2.406796106998e+00 1.330000000000e+01 -2.690000000000e+00
   endloop
 endfacet
 facet normal 0.000000000000e+00 1.000000000000e+00 0.000000000000e+00
   outer loop
     vertex 6.269511201083e-01 1.330000000000e+01 -4.116215409753e-01
     vertex 2.406796106998e+00 1.330000000000e+01 -2.690000000000e+00
     vertex 5.712219474823e-01 1.330000000000e+01 -4.860097598963e-01
   endloop
 endfacet
 facet normal -0.000000000000e+00 1.000000000000e+00 0.000000000000e+00
   outer loop
     vertex 3.554768540797e-01 1.330000000000e+01 -6.604060918962e-01
     vertex 4.344343651364e-01 1.330000000000e+01 -6.113646885359e-01
     vertex 2.406796106998e+00 1.330000000000e+01 -2.690000000000e+00
   endloop
 endfacet
 facet normal 0.000000000000e+00 1.000000000000e+00 0.000000000000e+00
   outer loop
     vertex 6.730510504631e-01 1.330000000000e+01 -3.309112924494e-01
     vertex 3.646796106998e+00 1.330000000000e+01 -1.450000000000e+00
     vertex 2.406796106998e+00 1.330000000000e+01 -2.690000000000e+00
   endloop
 endfacet
 facet normal 0.000000000000e+00 1.000000000000e+00 0.000000000000e+00
   outer loop
     vertex 6.730510504631e-01 1.330000000000e+01 -3.309112924494e-01
     vertex 2.406796106998e+00 1.330000000000e+01 -2.690000000000e+00
     vertex 6.269511201083e-01 1.330000000000e+01 -4.116215409753e-01
   endloop
 endfacet
 facet normal -0.000000000000e+00 1.000000000000e+00 0.000000000000e+00
   outer loop
     vertex 2.710596307105e-01 1.330000000000e+01 -6.993044234088e-01
     vertex 3.554768540797e-01 1.330000000000e+01 -6.604060918962e-01
     vertex 2.406796106998e+00 1.330000000000e+01 -2.690000000000e+00
   endloop
 endfacet
 facet normal 0.000000000000e+00 1.000000000000e+00 0.000000000000e+00
   outer loop
     vertex 7.088136970680e-01 1.330000000000e+01 -2.451186301545e-01
     vertex 3.646796106998e+00 1.330000000000e+01 -1.450000000000e+00
     vertex 6.730510504631e-01 1.330000000000e+01 -3.309112924494e-01
   endloop
 endfacet
 facet normal -0.000000000000e+00 1.000000000000e+00 0.000000000000e+00
   outer loop
     vertex 1.824792457002e-01 1.330000000000e+01 -7.274622498032e-01
     vertex 2.710596307105e-01 1.330000000000e+01 -6.993044234088e-01
     vertex 2.406796106998e+00 1.330000000000e+01 -2.690000000000e+00
   endloop
 endfacet
 facet normal 0.000000000000e+00 1.000000000000e+00 0.000000000000e+00
   outer loop
     vertex 7.336897871370e-01 1.330000000000e+01 -1.555612299092e-01
     vertex 3.646796106998e+00 1.330000000000e+01 -1.450000000000e+00
     vertex 7.088136970680e-01 1.330000000000e+01 -2.451186301545e-01
   endloop
 endfacet
 facet normal -0.000000000000e+00 1.000000000000e+00 0.000000000000e+00
   outer loop
     vertex 9.109619105592e-02 1.330000000000e+01 -7.444470995142e-01
     vertex 1.824792457002e-01 1.330000000000e+01 -7.274622498032e-01
     vertex 2.406796106998e+00 1.330000000000e+01 -2.690000000000e+00
   endloop
 endfacet
 facet normal 0.000000000000e+00 1.000000000000e+00 0.000000000000e+00
   outer loop
     vertex 7.472972527699e-01 1.330000000000e+01 -6.361458954167e-02
     vertex 3.646796106998e+00 1.330000000000e+01 -1.450000000000e+00
     vertex 7.336897871370e-01 1.330000000000e+01 -1.555612299092e-01
   endloop
 endfacet
 facet normal -0.000000000000e+00 1.000000000000e+00 0.000000000000e+00
   outer loop
     vertex -1.685995459307e-03 1.330000000000e+01 -7.499981049438e-01
     vertex 9.109619105592e-02 1.330000000000e+01 -7.444470995142e-01
     vertex 2.406796106998e+00 1.330000000000e+01 -2.690000000000e+00
   endloop
 endfacet
 facet normal 0.000000000000e+00 1.000000000000e+00 0.000000000000e+00
   outer loop
     vertex 7.494270990721e-01 1.330000000000e+01 2.930909716175e-02
     vertex 3.646796106998e+00 1.330000000000e+01 -1.450000000000e+00
     vertex 7.472972527699e-01 1.330000000000e+01 -6.361458954167e-02
   endloop
 endfacet
 facet normal 0.000000000000e+00 1.000000000000e+00 0.000000000000e+00
   outer loop
     vertex -9.444228703915e-02 1.330000000000e+01 -7.440300090849e-01
     vertex -1.685995459307e-03 1.330000000000e+01 -7.499981049438e-01
     vertex 2.406796106998e+00 1.330000000000e+01 -2.690000000000e+00
   endloop
 endfacet
 facet normal 0.000000000000e+00 1.000000000000e+00 0.000000000000e+00
   outer loop
     vertex 7.400466140738e-01 1.330000000000e+01 1.217826301159e-01
     vertex 3.646796106998e+00 1.330000000000e+01 -1.450000000000e+00
     vertex 7.494270990721e-01 1.330000000000e+01 2.930909716175e-02
   endloop
 endfacet
 facet normal 0.000000000000e+00 1.000000000000e+00 0.000000000000e+00
   outer loop
     vertex 7.192998711482e-01 1.330000000000e+01 2.123857230753e-01
     vertex 3.646796106998e+00 1.330000000000e+01 -1.450000000000e+00
     vertex 7.400466140738e-01 1.330000000000e+01 1.217826301159e-01
   endloop
 endfacet
 facet normal 0.000000000000e+00 1.000000000000e+00 0.000000000000e+00
   outer loop
     vertex 6.875055162113e-01 1.330000000000e+01 2.997268175840e-01
     vertex 3.646796106998e+00 1.330000000000e+01 -1.450000000000e+00
     vertex 7.192998711482e-01 1.330000000000e+01 2.123857230753e-01
   endloop
 endfacet
 facet normal 0.000000000000e+00 1.000000000000e+00 0.000000000000e+00
   outer loop
     vertex 6.451518736903e-01 1.330000000000e+01 3.824644557000e-01
     vertex 3.646796106998e+00 1.330000000000e+01 -1.450000000000e+00
     vertex 6.875055162113e-01 1.330000000000e+01 2.997268175840e-01
   endloop
 endfacet
 facet normal -0.000000000000e+00 1.000000000000e+00 0.000000000000e+00
   outer loop
     vertex 5.928894464262e-01 1.330000000000e+01 4.593278832342e-01
     vertex 9.200000000000e+00 1.330000000000e+01 1.300000000000e+00
     vertex 3.646796106998e+00 1.330000000000e+01 -1.450000000000e+00
   endloop
 endfacet
 facet normal 0.000000000000e+00 1.000000000000e+00 0.000000000000e+00
   outer loop
     vertex 5.928894464262e-01 1.330000000000e+01 4.593278832342e-01
     vertex 3.646796106998e+00 1.330000000000e+01 -1.450000000000e+00
     vertex 6.451518736903e-01 1.330000000000e+01 3.824644557000e-01
   endloop
 endfacet
 facet normal -0.000000000000e+00 1.000000000000e+00 0.000000000000e+00
   outer loop
     vertex 5.315209247050e-01 1.330000000000e+01 5.291365670606e-01
     vertex 9.200000000000e+00 1.330000000000e+01 1.300000000000e+00
     vertex 5.928894464262e-01 1.330000000000e+01 4.593278832342e-01
   endloop
 endfacet
 facet normal -0.000000000000e+00 1.000000000000e+00 0.000000000000e+00
   outer loop
     vertex 2.384357645381e-03 1.330000000000e+01 1.060657491765e+00
     vertex 9.200000000000e+00 1.330000000000e+01 1.300000000000e+00
     vertex 5.315209247050e-01 1.330000000000e+01 5.291365670606e-01
   endloop
 endfacet
 facet normal 0.000000000000e+00 1.000000000000e+00 0.000000000000e+00
   outer loop
     vertex -3.761862622423e+00 1.330000000000e+01 -2.690000000000e+00
     vertex -1.857480545934e-01 1.330000000000e+01 -7.266344749699e-01
     vertex -9.444228703915e-02 1.330000000000e+01 -7.440300090849e-01
   endloop
 endfacet
 facet normal 0.000000000000e+00 1.000000000000e+00 0.000000000000e+00
   outer loop
     vertex -3.761862622423e+00 1.330000000000e+01 -2.690000000000e+00
     vertex -2.742009473993e-01 1.330000000000e+01 -6.980786778332e-01
     vertex -1.857480545934e-01 1.330000000000e+01 -7.266344749699e-01
   endloop
 endfacet
 facet normal 0.000000000000e+00 1.000000000000e+00 0.000000000000e+00
   outer loop
     vertex -3.761862622423e+00 1.330000000000e+01 -2.690000000000e+00
     vertex -3.584424315819e-01 1.330000000000e+01 -6.588012016091e-01
     vertex -2.742009473993e-01 1.330000000000e+01 -6.980786778332e-01
   endloop
 endfacet
 facet normal 0.000000000000e+00 1.000000000000e+00 0.000000000000e+00
   outer loop
     vertex -3.761862622423e+00 1.330000000000e+01 -2.690000000000e+00
     vertex -4.371786556202e-01 1.330000000000e+01 -6.094053027913e-01
     vertex -3.584424315819e-01 1.330000000000e+01 -6.588012016091e-01
   endloop
 endfacet
 facet normal 0.000000000000e+00 1.000000000000e+00 0.000000000000e+00
   outer loop
     vertex -3.761862622423e+00 1.330000000000e+01 -2.690000000000e+00
     vertex -5.092003224054e-01 1.330000000000e+01 -5.506496451122e-01
     vertex -4.371786556202e-01 1.330000000000e+01 -6.094053027913e-01
   endloop
 endfacet
 facet normal 0.000000000000e+00 1.000000000000e+00 0.000000000000e+00
   outer loop
     vertex -3.761862622423e+00 1.330000000000e+01 -2.690000000000e+00
     vertex -5.734012626431e-01 1.330000000000e+01 -4.834366473482e-01
     vertex -5.092003224054e-01 1.330000000000e+01 -5.506496451122e-01
   endloop
 endfacet
 facet normal 0.000000000000e+00 1.000000000000e+00 0.000000000000e+00
   outer loop
     vertex -3.761862622423e+00 1.330000000000e+01 -2.690000000000e+00
     vertex -6.287954243305e-01 1.330000000000e+01 -4.087986232132e-01
     vertex -5.734012626431e-01 1.330000000000e+01 -4.834366473482e-01
   endloop
 endfacet
 facet normal 0.000000000000e+00 1.000000000000e+00 0.000000000000e+00
   outer loop
     vertex -3.761862622423e+00 1.330000000000e+01 -2.690000000000e+00
     vertex -9.444228703915e-02 1.330000000000e+01 -7.440300090849e-01
     vertex 2.406796106998e+00 1.330000000000e+01 -2.690000000000e+00
   endloop
 endfacet
 facet normal -0.000000000000e+00 1.000000000000e+00 0.000000000000e+00
   outer loop
     vertex -3.761862622423e+00 1.330000000000e+01 -5.000000000000e-01
     vertex -6.287954243305e-01 1.330000000000e+01 -4.087986232132e-01
     vertex -3.761862622423e+00 1.330000000000e+01 -2.690000000000e+00
   endloop
 endfacet
 facet normal 0.000000000000e+00 1.000000000000e+00 0.000000000000e+00
   outer loop
     vertex -3.761862622423e+00 1.330000000000e+01 -5.000000000000e-01
     vertex -6.745320173722e-01 1.330000000000e+01 -3.278819262171e-01
     vertex -6.287954243305e-01 1.330000000000e+01 -4.087986232132e-01
   endloop
 endfacet
 facet normal 0.000000000000e+00 1.000000000000e+00 0.000000000000e+00
   outer loop
     vertex -3.761862622423e+00 1.330000000000e+01 -5.000000000000e-01
     vertex -7.099085807294e-01 1.330000000000e+01 -2.419293430049e-01
     vertex -6.745320173722e-01 1.330000000000e+01 -3.278819262171e-01
   endloop
 endfacet
 facet normal 0.000000000000e+00 1.000000000000e+00 0.000000000000e+00
   outer loop
     vertex -3.761862622423e+00 1.330000000000e+01 -5.000000000000e-01
     vertex -7.343817714072e-01 1.330000000000e+01 -1.522610055949e-01
     vertex -7.099085807294e-01 1.330000000000e+01 -2.419293430049e-01
   endloop
 endfacet
 facet normal 0.000000000000e+00 1.000000000000e+00 0.000000000000e+00
   outer loop
     vertex -3.761862622423e+00 1.330000000000e+01 -5.000000000000e-01
     vertex -7.475757095729e-01 1.330000000000e+01 -6.025411568162e-02
     vertex -7.343817714072e-01 1.330000000000e+01 -1.522610055949e-01
   endloop
 endfacet
 facet normal 0.000000000000e+00 1.000000000000e+00 0.000000000000e+00
   outer loop
     vertex -3.761862622423e+00 1.330000000000e+01 -5.000000000000e-01
     vertex -7.492877516342e-01 1.330000000000e+01 3.267820758540e-02
     vertex -7.475757095729e-01 1.330000000000e+01 -6.025411568162e-02
   endloop
 endfacet
 facet normal 0.000000000000e+00 1.000000000000e+00 0.000000000000e+00
   outer loop
     vertex -3.761862622423e+00 1.330000000000e+01 -5.000000000000e-01
     vertex -7.394916026101e-01 1.330000000000e+01 1.251086314734e-01
     vertex -7.492877516342e-01 1.330000000000e+01 3.267820758540e-02
   endloop
 endfacet
 facet normal 0.000000000000e+00 1.000000000000e+00 0.000000000000e+00
   outer loop
     vertex -3.761862622423e+00 1.330000000000e+01 -5.000000000000e-01
     vertex -7.183377199913e-01 1.330000000000e+01 2.156175318423e-01
     vertex -7.394916026101e-01 1.330000000000e+01 1.251086314734e-01
   endloop
 endfacet
 facet normal 0.000000000000e+00 1.000000000000e+00 0.000000000000e+00
   outer loop
     vertex -3.761862622423e+00 1.330000000000e+01 -5.000000000000e-01
     vertex -6.861510028873e-01 1.330000000000e+01 3.028147969249e-01
     vertex -7.183377199913e-01 1.330000000000e+01 2.156175318423e-01
   endloop
 endfacet
 facet normal 0.000000000000e+00 1.000000000000e+00 0.000000000000e+00
   outer loop
     vertex -3.761862622423e+00 1.330000000000e+01 -5.000000000000e-01
     vertex -6.434258019534e-01 1.330000000000e+01 3.853611778328e-01
     vertex -6.861510028873e-01 1.330000000000e+01 3.028147969249e-01
   endloop
 endfacet
 facet normal 0.000000000000e+00 1.000000000000e+00 0.000000000000e+00
   outer loop
     vertex -3.761862622423e+00 1.330000000000e+01 -5.000000000000e-01
     vertex -5.908183267370e-01 1.330000000000e+01 4.619888578654e-01
     vertex -6.434258019534e-01 1.330000000000e+01 3.853611778328e-01
   endloop
 endfacet
 facet normal 0.000000000000e+00 1.000000000000e+00 0.000000000000e+00
   outer loop
     vertex -5.645324062679e+00 1.330000000000e+01 1.299999825656e+00
     vertex -3.761862622423e+00 1.330000000000e+01 -5.000000000000e-01
     vertex -5.645324062679e+00 1.330000000000e+01 -5.000000000000e-01
   endloop
 endfacet
 facet normal 0.000000000000e+00 1.000000000000e+00 0.000000000000e+00
   outer loop
     vertex -5.645324062679e+00 1.330000000000e+01 1.299999825656e+00
     vertex 2.384357645381e-03 1.330000000000e+01 1.060657491765e+00
     vertex -5.291365670604e-01 1.330000000000e+01 5.315209247053e-01
   endloop
 endfacet
 facet normal 0.000000000000e+00 1.000000000000e+00 0.000000000000e+00
   outer loop
     vertex -5.645324062679e+00 1.330000000000e+01 1.299999825656e+00
     vertex -5.908183267370e-01 1.330000000000e+01 4.619888578654e-01
     vertex -3.761862622423e+00 1.330000000000e+01 -5.000000000000e-01
   endloop
 endfacet
 facet normal 0.000000000000e+00 1.000000000000e+00 0.000000000000e+00
   outer loop
     vertex -5.645324062679e+00 1.330000000000e+01 1.299999825656e+00
     vertex -5.291365670604e-01 1.330000000000e+01 5.315209247053e-01
     vertex -5.908183267370e-01 1.330000000000e+01 4.619888578654e-01
   endloop
 endfacet
 facet normal -0.000000000000e+00 1.000000000000e+00 0.000000000000e+00
   outer loop
     vertex -5.645324062679e+00 1.330000000000e+01 1.299999825656e+00
     vertex 9.200000000000e+00 1.330000000000e+01 1.300000000000e+00
     vertex 2.384357645381e-03 1.330000000000e+01 1.060657491765e+00
   endloop
 endfacet
 facet normal 0.000000000000e+00 -6.678033230828e-17 1.000000000000e+00
   outer loop
     vertex -5.645324062679e+00 1.330000000000e+01 1.299999825656e+00
     vertex -5.645324062679e+00 4.302114220422e-16 1.299999825656e+00
     vertex 3.803280078960e+00 -1.387778780781e-17 1.299999825656e+00
   endloop
 endfacet
 facet normal -1.603578061341e-08 -1.139216120349e-08 1.000000000000e+00
   outer loop
     vertex 9.200000000000e+00 7.707314878807e+00 1.300000000000e+00
     vertex -5.645324062679e+00 1.330000000000e+01 1.299999825656e+00
     vertex 3.803280078960e+00 -1.387778780781e-17 1.299999825656e+00
   endloop
 endfacet
 facet normal -1.174400697533e-08 0.000000000000e+00 1.000000000000e+00
   outer loop
     vertex 9.200000000000e+00 1.330000000000e+01 1.300000000000e+00
     vertex -5.645324062679e+00 1.330000000000e+01 1.299999825656e+00
     vertex 9.200000000000e+00 7.707314878807e+00 1.300000000000e+00
   endloop
 endfacet
 facet normal 4.988747396559e-01 -7.071067811866e-01 -5.011227336025e-01
   outer loop
     vertex -5.291365670604e-01 -1.387778780781e-17 5.315209247053e-01
     vertex 1.430614587230e-03 3.000000000000e-01 6.363944950593e-01
     vertex 2.384357645380e-03 -1.387778780781e-17 1.060657491765e+00
   endloop
 endfacet
 facet normal 4.988747396559e-01 -7.071067811866e-01 -5.011227336025e-01
   outer loop
     vertex -3.174819402364e-01 3.000000000000e-01 3.189125548230e-01
     vertex 1.430614587230e-03 3.000000000000e-01 6.363944950593e-01
     vertex -5.291365670604e-01 -1.387778780781e-17 5.315209247053e-01
   endloop
 endfacet
 facet normal 5.591717800166e-01 -7.043759982656e-01 -4.372429227562e-01
   outer loop
     vertex -4.718455880991e-01 2.000000000000e-01 2.825981970774e-01
     vertex -3.174819402364e-01 3.000000000000e-01 3.189125548230e-01
     vertex -5.291365670604e-01 -1.387778780781e-17 5.315209247053e-01
   endloop
 endfacet
 facet normal 6.285789777850e-01 -7.064263769144e-01 -3.253463426664e-01
   outer loop
     vertex -4.718455880991e-01 2.000000000000e-01 2.825981970774e-01
     vertex -4.116906017325e-01 3.000000000000e-01 1.816888781548e-01
     vertex -3.860554811721e-01 3.000000000000e-01 2.312167066995e-01
   endloop
 endfacet
 facet normal 5.835089104478e-01 -7.064263769145e-01 -4.005984590928e-01
   outer loop
     vertex -4.718455880991e-01 2.000000000000e-01 2.825981970774e-01
     vertex -3.860554811721e-01 3.000000000000e-01 2.312167066995e-01
     vertex -3.544909960423e-01 3.000000000000e-01 2.771933147191e-01
   endloop
 endfacet
 facet normal 5.522429223710e-01 -6.745606020016e-01 -4.898936097955e-01
   outer loop
     vertex -4.718455880991e-01 2.000000000000e-01 2.825981970774e-01
     vertex -3.544909960423e-01 3.000000000000e-01 2.771933147191e-01
     vertex -3.174819402364e-01 3.000000000000e-01 3.189125548230e-01
   endloop
 endfacet
 facet normal 5.037808580451e-01 -7.392445796933e-01 -4.469030078904e-01
   outer loop
     vertex -5.576356950263e-01 1.000000000000e-01 3.339796874551e-01
     vertex -5.291365670604e-01 -1.387778780781e-17 5.315209247053e-01
     vertex -5.908183267369e-01 -2.775557561563e-17 4.619888578654e-01
   endloop
 endfacet
 facet normal 5.835089104477e-01 -7.064263769144e-01 -4.005984590931e-01
   outer loop
     vertex -5.576356950263e-01 1.000000000000e-01 3.339796874551e-01
     vertex -5.908183267369e-01 -2.775557561563e-17 4.619888578654e-01
     vertex -6.434258019534e-01 0.000000000000e+00 3.853611778328e-01
   endloop
 endfacet
 facet normal 6.285789777848e-01 -7.064263769144e-01 -3.253463426666e-01
   outer loop
     vertex -5.576356950263e-01 1.000000000000e-01 3.339796874551e-01
     vertex -6.434258019534e-01 0.000000000000e+00 3.853611778328e-01
     vertex -6.861510028873e-01 -1.387778780781e-17 3.028147969250e-01
   endloop
 endfacet
 facet normal 5.591717800166e-01 -7.043759982656e-01 -4.372429227562e-01
   outer loop
     vertex -5.576356950263e-01 1.000000000000e-01 3.339796874551e-01
     vertex -4.718455880991e-01 2.000000000000e-01 2.825981970774e-01
     vertex -5.291365670604e-01 -1.387778780781e-17 5.315209247053e-01
   endloop
 endfacet
 facet normal 6.607120591420e-01 -6.916906983488e-01 -2.915879845297e-01
   outer loop
     vertex -5.267809946603e-01 2.000000000000e-01 1.581195233510e-01
     vertex -4.116906017325e-01 3.000000000000e-01 1.816888781548e-01
     vertex -4.718455880991e-01 2.000000000000e-01 2.825981970774e-01
   endloop
 endfacet
 facet normal 6.892124336476e-01 -7.064263769144e-01 -1.610838145352e-01
   outer loop
     vertex -5.267809946603e-01 2.000000000000e-01 1.581195233510e-01
     vertex -4.436949615661e-01 3.000000000000e-01 7.506517888390e-02
     vertex -4.310026319948e-01 3.000000000000e-01 1.293705191052e-01
   endloop
 endfacet
 facet normal 6.639948008443e-01 -7.064263769145e-01 -2.450972836472e-01
   outer loop
     vertex -5.267809946603e-01 2.000000000000e-01 1.581195233510e-01
     vertex -4.310026319948e-01 3.000000000000e-01 1.293705191052e-01
     vertex -4.116906017325e-01 3.000000000000e-01 1.816888781548e-01
   endloop
 endfacet
 facet normal 6.639948008443e-01 -7.064263769144e-01 -2.450972836475e-01
   outer loop
     vertex -6.225593573258e-01 1.000000000000e-01 1.868685275966e-01
     vertex -6.861510028873e-01 -1.387778780781e-17 3.028147969250e-01
     vertex -7.183377199913e-01 -1.387778780781e-17 2.156175318423e-01
   endloop
 endfacet
 facet normal 6.892124336475e-01 -7.064263769144e-01 -1.610838145354e-01
   outer loop
     vertex -6.225593573258e-01 1.000000000000e-01 1.868685275966e-01
     vertex -7.183377199913e-01 -1.387778780781e-17 2.156175318423e-01
     vertex -7.394916026101e-01 0.000000000000e+00 1.251086314735e-01
   endloop
 endfacet
 facet normal 6.309698466388e-01 -7.241104519094e-01 -2.784620370322e-01
   outer loop
     vertex -6.225593573258e-01 1.000000000000e-01 1.868685275966e-01
     vertex -5.576356950263e-01 1.000000000000e-01 3.339796874551e-01
     vertex -6.861510028873e-01 -1.387778780781e-17 3.028147969250e-01
   endloop
 endfacet
 facet normal 6.493980641455e-01 -7.043759982656e-01 -2.865948487872e-01
   outer loop
     vertex -6.225593573258e-01 1.000000000000e-01 1.868685275966e-01
     vertex -4.718455880991e-01 2.000000000000e-01 2.825981970774e-01
     vertex -5.576356950263e-01 1.000000000000e-01 3.339796874551e-01
   endloop
 endfacet
 facet normal 6.493980641455e-01 -7.043759982656e-01 -2.865948487872e-01
   outer loop
     vertex -6.225593573258e-01 1.000000000000e-01 1.868685275966e-01
     vertex -5.267809946603e-01 2.000000000000e-01 1.581195233510e-01
     vertex -4.718455880991e-01 2.000000000000e-01 2.825981970774e-01
   endloop
 endfacet
 facet normal 7.120750642683e-01 -6.916906983488e-01 -1.204702480495e-01
   outer loop
     vertex -5.494776845317e-01 2.000000000000e-01 2.396401889596e-02
     vertex -4.436949615661e-01 3.000000000000e-01 7.506517888390e-02
     vertex -5.267809946603e-01 2.000000000000e-01 1.581195233510e-01
   endloop
 endfacet
 facet normal 7.076664551483e-01 -7.064263769144e-01 1.303695736857e-02
   outer loop
     vertex -5.494776845317e-01 2.000000000000e-01 2.396401889596e-02
     vertex -4.485454257437e-01 3.000000000000e-01 -3.615246940913e-02
     vertex -4.495726509805e-01 3.000000000000e-01 1.960692455108e-02
   endloop
 endfacet
 facet normal 7.038445625938e-01 -7.064263769145e-01 -7.459628480436e-02
   outer loop
     vertex -5.494776845317e-01 2.000000000000e-01 2.396401889596e-02
     vertex -4.495726509805e-01 3.000000000000e-01 1.960692455108e-02
     vertex -4.436949615661e-01 3.000000000000e-01 7.506517888390e-02
   endloop
 endfacet
 facet normal 7.038445625938e-01 -7.064263769144e-01 -7.459628480462e-02
   outer loop
     vertex -6.493827180830e-01 1.000000000000e-01 2.832111324068e-02
     vertex -7.394916026101e-01 0.000000000000e+00 1.251086314735e-01
     vertex -7.492877516342e-01 2.775557561563e-17 3.267820758541e-02
   endloop
 endfacet
 facet normal 7.076664551483e-01 -7.064263769144e-01 1.303695736831e-02
   outer loop
     vertex -6.493827180830e-01 1.000000000000e-01 2.832111324068e-02
     vertex -7.492877516342e-01 2.775557561563e-17 3.267820758541e-02
     vertex -7.475757095729e-01 2.775557561563e-17 -6.025411568162e-02
   endloop
 endfacet
 facet normal 6.998815321497e-01 -7.043759982656e-01 -1.184073225061e-01
   outer loop
     vertex -6.493827180830e-01 1.000000000000e-01 2.832111324068e-02
     vertex -5.494776845317e-01 2.000000000000e-01 2.396401889596e-02
     vertex -5.267809946603e-01 2.000000000000e-01 1.581195233510e-01
   endloop
 endfacet
 facet normal 6.998815321497e-01 -7.043759982656e-01 -1.184073225061e-01
   outer loop
     vertex -6.493827180830e-01 1.000000000000e-01 2.832111324068e-02
     vertex -5.267809946603e-01 2.000000000000e-01 1.581195233510e-01
     vertex -6.225593573258e-01 1.000000000000e-01 1.868685275966e-01
   endloop
 endfacet
 facet normal 6.800207259424e-01 -7.241104519094e-01 -1.150472325797e-01
   outer loop
     vertex -6.493827180830e-01 1.000000000000e-01 2.832111324068e-02
     vertex -6.225593573258e-01 1.000000000000e-01 1.868685275966e-01
     vertex -7.394916026101e-01 0.000000000000e+00 1.251086314735e-01
   endloop
 endfacet
 facet normal 6.828116659867e-01 -7.064263769144e-01 1.863598744154e-01
   outer loop
     vertex -5.385466323653e-01 2.000000000000e-01 -1.116580707696e-01
     vertex -4.259451484376e-01 3.000000000000e-01 -1.451576058030e-01
     vertex -4.406290628443e-01 3.000000000000e-01 -9.135660335706e-02
   endloop
 endfacet
 facet normal 7.006194114725e-01 -7.064263769145e-01 1.004699669923e-01
   outer loop
     vertex -5.385466323653e-01 2.000000000000e-01 -1.116580707696e-01
     vertex -4.406290628443e-01 3.000000000000e-01 -9.135660335706e-02
     vertex -4.485454257437e-01 3.000000000000e-01 -3.615246940913e-02
   endloop
 endfacet
 facet normal 7.198594541989e-01 -6.916906983488e-01 5.802020353575e-02
   outer loop
     vertex -5.385466323653e-01 2.000000000000e-01 -1.116580707696e-01
     vertex -4.485454257437e-01 3.000000000000e-01 -3.615246940913e-02
     vertex -5.494776845317e-01 2.000000000000e-01 2.396401889596e-02
   endloop
 endfacet
 facet normal 7.006194114726e-01 -7.064263769144e-01 1.004699669921e-01
   outer loop
     vertex -6.364642018863e-01 1.000000000000e-01 -1.319595381822e-01
     vertex -7.475757095729e-01 2.775557561563e-17 -6.025411568162e-02
     vertex -7.343817714072e-01 0.000000000000e+00 -1.522610055949e-01
   endloop
 endfacet
 facet normal 7.075326226384e-01 -7.043759982656e-01 5.702666893408e-02
   outer loop
     vertex -6.364642018863e-01 1.000000000000e-01 -1.319595381822e-01
     vertex -5.385466323653e-01 2.000000000000e-01 -1.116580707696e-01
     vertex -5.494776845317e-01 2.000000000000e-01 2.396401889596e-02
   endloop
 endfacet
 facet normal 6.828116659867e-01 -7.064263769144e-01 1.863598744152e-01
   outer loop
     vertex -6.364642018863e-01 1.000000000000e-01 -1.319595381822e-01
     vertex -7.343817714072e-01 0.000000000000e+00 -1.522610055949e-01
     vertex -7.099085807294e-01 -1.387778780781e-17 -2.419293430048e-01
   endloop
 endfacet
 facet normal 7.075326226384e-01 -7.043759982656e-01 5.702666893408e-02
   outer loop
     vertex -6.364642018863e-01 1.000000000000e-01 -1.319595381822e-01
     vertex -5.494776845317e-01 2.000000000000e-01 2.396401889596e-02
     vertex -6.493827180830e-01 1.000000000000e-01 2.832111324068e-02
   endloop
 endfacet
 facet normal 6.874546985069e-01 -7.241104519094e-01 5.540840131546e-02
   outer loop
     vertex -6.364642018863e-01 1.000000000000e-01 -1.319595381822e-01
     vertex -6.493827180830e-01 1.000000000000e-01 2.832111324068e-02
     vertex -7.475757095729e-01 2.775557561563e-17 -6.025411568162e-02
   endloop
 endfacet
 facet normal 6.161691660396e-01 -7.064263769144e-01 3.482776662689e-01
   outer loop
     vertex -4.946568127396e-01 2.000000000000e-01 -2.404467458925e-01
     vertex -3.772772545982e-01 3.000000000000e-01 -2.452791739281e-01
     vertex -4.047192104232e-01 3.000000000000e-01 -1.967291557304e-01
   endloop
 endfacet
 facet normal 6.545167250136e-01 -7.064263769145e-01 2.693875102469e-01
   outer loop
     vertex -4.946568127396e-01 2.000000000000e-01 -2.404467458925e-01
     vertex -4.047192104232e-01 3.000000000000e-01 -1.967291557304e-01
     vertex -4.259451484376e-01 3.000000000000e-01 -1.451576058030e-01
   endloop
 endfacet
 facet normal 6.835888284103e-01 -6.916906983488e-01 2.329598495243e-01
   outer loop
     vertex -4.946568127396e-01 2.000000000000e-01 -2.404467458925e-01
     vertex -4.259451484376e-01 3.000000000000e-01 -1.451576058030e-01
     vertex -5.385466323653e-01 2.000000000000e-01 -1.116580707696e-01
   endloop
 endfacet
 facet normal 6.718830929431e-01 -7.043759982656e-01 2.289706585667e-01
   outer loop
     vertex -5.845944150559e-01 1.000000000000e-01 -2.841643360548e-01
     vertex -4.946568127396e-01 2.000000000000e-01 -2.404467458925e-01
     vertex -5.385466323653e-01 2.000000000000e-01 -1.116580707696e-01
   endloop
 endfacet
 facet normal 6.545167250137e-01 -7.064263769144e-01 2.693875102467e-01
   outer loop
     vertex -5.845944150559e-01 1.000000000000e-01 -2.841643360548e-01
     vertex -7.099085807294e-01 -1.387778780781e-17 -2.419293430048e-01
     vertex -6.745320173722e-01 1.387778780781e-17 -3.278819262171e-01
   endloop
 endfacet
 facet normal 6.161691660397e-01 -7.064263769144e-01 3.482776662687e-01
   outer loop
     vertex -5.845944150559e-01 1.000000000000e-01 -2.841643360548e-01
     vertex -6.745320173722e-01 1.387778780781e-17 -3.278819262171e-01
     vertex -6.287954243305e-01 1.387778780781e-17 -4.087986232132e-01
   endloop
 endfacet
 facet normal 6.528168091652e-01 -7.241104519094e-01 2.224730705207e-01
   outer loop
     vertex -5.845944150559e-01 1.000000000000e-01 -2.841643360548e-01
     vertex -6.364642018863e-01 1.000000000000e-01 -1.319595381822e-01
     vertex -7.099085807294e-01 -1.387778780781e-17 -2.419293430048e-01
   endloop
 endfacet
 facet normal 6.718830929431e-01 -7.043759982656e-01 2.289706585667e-01
   outer loop
     vertex -5.845944150559e-01 1.000000000000e-01 -2.841643360548e-01
     vertex -5.385466323653e-01 2.000000000000e-01 -1.116580707696e-01
     vertex -6.364642018863e-01 1.000000000000e-01 -1.319595381822e-01
   endloop
 endfacet
 facet normal 5.118174408581e-01 -7.064263769144e-01 4.888810501881e-01
   outer loop
     vertex -4.204942592716e-01 2.000000000000e-01 -3.545202080554e-01
     vertex -3.055201934432e-01 3.000000000000e-01 -3.303897870674e-01
     vertex -3.440407575858e-01 3.000000000000e-01 -2.900619884090e-01
   endloop
 endfacet
 facet normal 5.683579631073e-01 -7.064263769145e-01 4.218186811558e-01
   outer loop
     vertex -4.204942592716e-01 2.000000000000e-01 -3.545202080554e-01
     vertex -3.440407575858e-01 3.000000000000e-01 -2.900619884090e-01
     vertex -3.772772545982e-01 3.000000000000e-01 -2.452791739281e-01
   endloop
 endfacet
 facet normal 6.054829299094e-01 -6.916906983488e-01 3.936424766284e-01
   outer loop
     vertex -4.204942592716e-01 2.000000000000e-01 -3.545202080554e-01
     vertex -3.772772545982e-01 3.000000000000e-01 -2.452791739281e-01
     vertex -4.946568127396e-01 2.000000000000e-01 -2.404467458925e-01
   endloop
 endfacet
 facet normal 5.951146753200e-01 -7.043759982656e-01 3.869017656797e-01
   outer loop
     vertex -4.969477609574e-01 1.000000000000e-01 -4.189784277018e-01
     vertex -4.946568127396e-01 2.000000000000e-01 -2.404467458925e-01
     vertex -5.845944150559e-01 1.000000000000e-01 -2.841643360548e-01
   endloop
 endfacet
 facet normal 5.683579631074e-01 -7.064263769144e-01 4.218186811557e-01
   outer loop
     vertex -4.969477609574e-01 1.000000000000e-01 -4.189784277018e-01
     vertex -6.287954243305e-01 1.387778780781e-17 -4.087986232132e-01
     vertex -5.734012626431e-01 1.387778780781e-17 -4.834366473482e-01
   endloop
 endfacet
 facet normal 5.118174408582e-01 -7.064263769144e-01 4.888810501880e-01
   outer loop
     vertex -4.969477609574e-01 1.000000000000e-01 -4.189784277018e-01
     vertex -5.734012626431e-01 1.387778780781e-17 -4.834366473482e-01
     vertex -5.092003224054e-01 1.387778780781e-17 -5.506496451122e-01
   endloop
 endfacet
 facet normal 5.782268783219e-01 -7.241104519094e-01 3.759225061387e-01
   outer loop
     vertex -4.969477609574e-01 1.000000000000e-01 -4.189784277018e-01
     vertex -5.845944150559e-01 1.000000000000e-01 -2.841643360548e-01
     vertex -6.287954243305e-01 1.387778780781e-17 -4.087986232132e-01
   endloop
 endfacet
 facet normal 5.951146753200e-01 -7.043759982656e-01 3.869017656797e-01
   outer loop
     vertex -4.969477609574e-01 1.000000000000e-01 -4.189784277018e-01
     vertex -4.204942592716e-01 2.000000000000e-01 -3.545202080554e-01
     vertex -4.946568127396e-01 2.000000000000e-01 -2.404467458925e-01
   endloop
 endfacet
 facet normal 4.903217981414e-01 -6.916906983488e-01 5.302343935329e-01
   outer loop
     vertex -3.205976807881e-01 2.000000000000e-01 -4.468972220470e-01
     vertex -3.055201934432e-01 3.000000000000e-01 -3.303897870674e-01
     vertex -4.204942592716e-01 2.000000000000e-01 -3.545202080554e-01
   endloop
 endfacet
 facet normal 3.761427605209e-01 -7.064263769144e-01 5.995651738613e-01
   outer loop
     vertex -3.205976807881e-01 2.000000000000e-01 -4.468972220470e-01
     vertex -2.150654589490e-01 3.000000000000e-01 -3.952807209655e-01
     vertex -2.623071933720e-01 3.000000000000e-01 -3.656431816748e-01
   endloop
 endfacet
 facet normal 4.474159961563e-01 -7.064263769145e-01 5.484347731344e-01
   outer loop
     vertex -3.205976807881e-01 2.000000000000e-01 -4.468972220470e-01
     vertex -2.623071933720e-01 3.000000000000e-01 -3.656431816748e-01
     vertex -3.055201934432e-01 3.000000000000e-01 -3.303897870674e-01
   endloop
 endfacet
 facet normal 4.819255560960e-01 -7.043759982656e-01 5.211546905179e-01
   outer loop
     vertex -3.788881682041e-01 1.000000000000e-01 -5.281512624191e-01
     vertex -4.204942592716e-01 2.000000000000e-01 -3.545202080554e-01
     vertex -4.969477609574e-01 1.000000000000e-01 -4.189784277018e-01
   endloop
 endfacet
 facet normal 4.819255560960e-01 -7.043759982656e-01 5.211546905179e-01
   outer loop
     vertex -3.788881682041e-01 1.000000000000e-01 -5.281512624191e-01
     vertex -3.205976807881e-01 2.000000000000e-01 -4.468972220470e-01
     vertex -4.204942592716e-01 2.000000000000e-01 -3.545202080554e-01
   endloop
 endfacet
 facet normal 4.474159961565e-01 -7.064263769144e-01 5.484347731343e-01
   outer loop
     vertex -3.788881682041e-01 1.000000000000e-01 -5.281512624191e-01
     vertex -5.092003224054e-01 1.387778780781e-17 -5.506496451122e-01
     vertex -4.371786556202e-01 -1.387778780781e-17 -6.094053027913e-01
   endloop
 endfacet
 facet normal 3.761427605210e-01 -7.064263769144e-01 5.995651738612e-01
   outer loop
     vertex -3.788881682041e-01 1.000000000000e-01 -5.281512624191e-01
     vertex -4.371786556202e-01 -1.387778780781e-17 -6.094053027913e-01
     vertex -3.584424315819e-01 2.775557561563e-17 -6.588012016091e-01
   endloop
 endfacet
 facet normal 4.682497700719e-01 -7.241104519094e-01 5.063656843262e-01
   outer loop
     vertex -3.788881682041e-01 1.000000000000e-01 -5.281512624191e-01
     vertex -4.969477609574e-01 1.000000000000e-01 -4.189784277018e-01
     vertex -5.092003224054e-01 1.387778780781e-17 -5.506496451122e-01
   endloop
 endfacet
 facet normal 2.174483433021e-01 -7.064263769144e-01 6.735562277901e-01
   outer loop
     vertex -2.010806947595e-01 2.000000000000e-01 -5.119243637443e-01
     vertex -1.114488327560e-01 3.000000000000e-01 -4.359806849820e-01
     vertex -1.645205684395e-01 3.000000000000e-01 -4.188472067000e-01
   endloop
 endfacet
 facet normal 2.990924082116e-01 -7.064263769145e-01 6.414869486979e-01
   outer loop
     vertex -2.010806947595e-01 2.000000000000e-01 -5.119243637443e-01
     vertex -1.645205684395e-01 3.000000000000e-01 -4.188472067000e-01
     vertex -2.150654589490e-01 3.000000000000e-01 -3.952807209655e-01
   endloop
 endfacet
 facet normal 3.451532331189e-01 -6.916906983488e-01 6.343762475734e-01
   outer loop
     vertex -2.010806947595e-01 2.000000000000e-01 -5.119243637443e-01
     vertex -2.150654589490e-01 3.000000000000e-01 -3.952807209655e-01
     vertex -3.205976807881e-01 2.000000000000e-01 -4.468972220470e-01
   endloop
 endfacet
 facet normal 2.990924082118e-01 -7.064263769144e-01 6.414869486978e-01
   outer loop
     vertex -2.376408210794e-01 1.000000000000e-01 -6.050015207888e-01
     vertex -3.584424315819e-01 2.775557561563e-17 -6.588012016091e-01
     vertex -2.742009473993e-01 2.775557561563e-17 -6.980786778332e-01
   endloop
 endfacet
 facet normal 3.392428491650e-01 -7.043759982656e-01 6.235132254874e-01
   outer loop
     vertex -2.376408210794e-01 1.000000000000e-01 -6.050015207888e-01
     vertex -2.010806947595e-01 2.000000000000e-01 -5.119243637443e-01
     vertex -3.205976807881e-01 2.000000000000e-01 -4.468972220470e-01
   endloop
 endfacet
 facet normal 2.174483433023e-01 -7.064263769144e-01 6.735562277900e-01
   outer loop
     vertex -2.376408210794e-01 1.000000000000e-01 -6.050015207888e-01
     vertex -2.742009473993e-01 2.775557561563e-17 -6.980786778332e-01
     vertex -1.857480545935e-01 0.000000000000e+00 -7.266344749699e-01
   endloop
 endfacet
 facet normal 3.296160249455e-01 -7.241104519094e-01 6.058195519581e-01
   outer loop
     vertex -2.376408210794e-01 1.000000000000e-01 -6.050015207888e-01
     vertex -3.788881682041e-01 1.000000000000e-01 -5.281512624191e-01
     vertex -3.584424315819e-01 2.775557561563e-17 -6.588012016091e-01
   endloop
 endfacet
 facet normal 3.392428491650e-01 -7.043759982656e-01 6.235132254874e-01
   outer loop
     vertex -2.376408210794e-01 1.000000000000e-01 -6.050015207888e-01
     vertex -3.205976807881e-01 2.000000000000e-01 -4.468972220470e-01
     vertex -3.788881682041e-01 1.000000000000e-01 -5.281512624191e-01
   endloop
 endfacet
 facet normal 1.788614738092e-01 -6.916906983488e-01 6.996946126737e-01
   outer loop
     vertex -6.925767716204e-02 2.000000000000e-01 -5.456220066622e-01
     vertex -1.114488327560e-01 3.000000000000e-01 -4.359806849820e-01
     vertex -2.010806947595e-01 2.000000000000e-01 -5.119243637443e-01
   endloop
 endfacet
 facet normal 4.544620312937e-02 -7.064263769144e-01 7.063259988282e-01
   outer loop
     vertex -6.925767716204e-02 2.000000000000e-01 -5.456220066622e-01
     vertex -1.011597275492e-03 3.000000000000e-01 -4.499988629663e-01
     vertex -5.666537222339e-02 3.000000000000e-01 -4.464180054509e-01
   endloop
 endfacet
 facet normal 1.324645239652e-01 -7.064263769145e-01 6.952804641943e-01
   outer loop
     vertex -6.925767716204e-02 2.000000000000e-01 -5.456220066622e-01
     vertex -5.666537222339e-02 3.000000000000e-01 -4.464180054509e-01
     vertex -1.114488327560e-01 3.000000000000e-01 -4.359806849820e-01
   endloop
 endfacet
 facet normal 1.757986603010e-01 -7.043759982656e-01 6.877130826905e-01
   outer loop
     vertex -8.184998210059e-02 1.000000000000e-01 -6.448260078735e-01
     vertex -6.925767716204e-02 2.000000000000e-01 -5.456220066622e-01
     vertex -2.010806947595e-01 2.000000000000e-01 -5.119243637443e-01
   endloop
 endfacet
 facet normal 1.324645239654e-01 -7.064263769144e-01 6.952804641943e-01
   outer loop
     vertex -8.184998210059e-02 1.000000000000e-01 -6.448260078735e-01
     vertex -1.857480545935e-01 0.000000000000e+00 -7.266344749699e-01
     vertex -9.444228703915e-02 0.000000000000e+00 -7.440300090849e-01
   endloop
 endfacet
 facet normal 4.544620312953e-02 -7.064263769144e-01 7.063259988282e-01
   outer loop
     vertex -8.184998210059e-02 1.000000000000e-01 -6.448260078735e-01
     vertex -9.444228703915e-02 0.000000000000e+00 -7.440300090849e-01
     vertex -1.685995459313e-03 1.387778780781e-17 -7.499981049438e-01
   endloop
 endfacet
 facet normal 1.757986603010e-01 -7.043759982656e-01 6.877130826905e-01
   outer loop
     vertex -8.184998210059e-02 1.000000000000e-01 -6.448260078735e-01
     vertex -2.010806947595e-01 2.000000000000e-01 -5.119243637443e-01
     vertex -2.376408210794e-01 1.000000000000e-01 -6.050015207888e-01
   endloop
 endfacet
 facet normal 1.708099544081e-01 -7.241104519094e-01 6.681975852325e-01
   outer loop
     vertex -8.184998210059e-02 1.000000000000e-01 -6.448260078735e-01
     vertex -2.376408210794e-01 1.000000000000e-01 -6.050015207888e-01
     vertex -1.857480545935e-01 0.000000000000e+00 -7.266344749699e-01
   endloop
 endfacet
 facet normal -1.293372205030e-01 -7.064263769144e-01 6.958689944179e-01
   outer loop
     vertex 6.680387344101e-02 2.000000000000e-01 -5.459278729771e-01
     vertex 1.094875474202e-01 3.000000000000e-01 -4.364773498819e-01
     vertex 5.465771463364e-02 3.000000000000e-01 -4.466682597085e-01
   endloop
 endfacet
 facet normal -4.227011869283e-02 -7.064263769145e-01 7.065231850868e-01
   outer loop
     vertex 6.680387344101e-02 2.000000000000e-01 -5.459278729771e-01
     vertex 5.465771463364e-02 3.000000000000e-01 -4.466682597085e-01
     vertex -1.011597275492e-03 3.000000000000e-01 -4.499988629663e-01
   endloop
 endfacet
 facet normal 1.623487434887e-03 -6.916906983488e-01 7.221920396310e-01
   outer loop
     vertex 6.680387344101e-02 2.000000000000e-01 -5.459278729771e-01
     vertex -1.011597275492e-03 3.000000000000e-01 -4.499988629663e-01
     vertex -6.925767716204e-02 2.000000000000e-01 -5.456220066622e-01
   endloop
 endfacet
 facet normal 1.595686930173e-03 -7.043759982656e-01 7.098252650128e-01
   outer loop
     vertex 7.895003224846e-02 1.000000000000e-01 -6.451874862456e-01
     vertex 6.680387344101e-02 2.000000000000e-01 -5.459278729771e-01
     vertex -6.925767716204e-02 2.000000000000e-01 -5.456220066622e-01
   endloop
 endfacet
 facet normal 1.595686930173e-03 -7.043759982656e-01 7.098252650128e-01
   outer loop
     vertex 7.895003224846e-02 1.000000000000e-01 -6.451874862456e-01
     vertex -6.925767716204e-02 2.000000000000e-01 -5.456220066622e-01
     vertex -8.184998210059e-02 1.000000000000e-01 -6.448260078735e-01
   endloop
 endfacet
 facet normal -4.227011869268e-02 -7.064263769144e-01 7.065231850868e-01
   outer loop
     vertex 7.895003224846e-02 1.000000000000e-01 -6.451874862456e-01
     vertex -1.685995459313e-03 1.387778780781e-17 -7.499981049438e-01
     vertex 9.109619105591e-02 -1.387778780781e-17 -7.444470995142e-01
   endloop
 endfacet
 facet normal -1.293372205029e-01 -7.064263769144e-01 6.958689944179e-01
   outer loop
     vertex 7.895003224846e-02 1.000000000000e-01 -6.451874862456e-01
     vertex 9.109619105591e-02 -1.387778780781e-17 -7.444470995142e-01
     vertex 1.824792457002e-01 0.000000000000e+00 -7.274622498032e-01
   endloop
 endfacet
 facet normal 1.550405511201e-03 -7.241104519094e-01 6.896822816908e-01
   outer loop
     vertex 7.895003224846e-02 1.000000000000e-01 -6.451874862456e-01
     vertex -8.184998210059e-02 1.000000000000e-01 -6.448260078735e-01
     vertex -1.685995459313e-03 1.387778780781e-17 -7.499981049438e-01
   endloop
 endfacet
 facet normal -1.727049416321e-01 -7.043759982656e-01 6.884965186572e-01
   outer loop
     vertex 1.987770625210e-01 2.000000000000e-01 -5.128232438331e-01
     vertex 6.680387344101e-02 2.000000000000e-01 -5.459278729771e-01
     vertex 7.895003224846e-02 1.000000000000e-01 -6.451874862456e-01
   endloop
 endfacet
 facet normal -2.962052750323e-01 -7.064263769144e-01 6.428251776670e-01
   outer loop
     vertex 1.987770625210e-01 2.000000000000e-01 -5.128232438331e-01
     vertex 2.132861124479e-01 3.000000000000e-01 -3.962436551377e-01
     vertex 1.626357784264e-01 3.000000000000e-01 -4.195826540452e-01
   endloop
 endfacet
 facet normal -2.144178525694e-01 -7.064263769144e-01 6.745270628367e-01
   outer loop
     vertex 1.987770625210e-01 2.000000000000e-01 -5.128232438331e-01
     vertex 1.626357784264e-01 3.000000000000e-01 -4.195826540452e-01
     vertex 1.094875474202e-01 3.000000000000e-01 -4.364773498819e-01
   endloop
 endfacet
 facet normal -1.757138555069e-01 -6.916906983488e-01 7.004916978814e-01
   outer loop
     vertex 1.987770625210e-01 2.000000000000e-01 -5.128232438331e-01
     vertex 1.094875474202e-01 3.000000000000e-01 -4.364773498819e-01
     vertex 6.680387344101e-02 2.000000000000e-01 -5.459278729771e-01
   endloop
 endfacet
 facet normal -2.144178525693e-01 -7.064263769144e-01 6.745270628367e-01
   outer loop
     vertex 2.349183466158e-01 1.000000000000e-01 -6.060638336210e-01
     vertex 1.824792457002e-01 0.000000000000e+00 -7.274622498032e-01
     vertex 2.710596307105e-01 -2.775557561563e-17 -6.993044234088e-01
   endloop
 endfacet
 facet normal -2.962052750322e-01 -7.064263769144e-01 6.428251776670e-01
   outer loop
     vertex 2.349183466158e-01 1.000000000000e-01 -6.060638336210e-01
     vertex 2.710596307105e-01 -2.775557561563e-17 -6.993044234088e-01
     vertex 3.554768540797e-01 -2.775557561563e-17 -6.604060918962e-01
   endloop
 endfacet
 facet normal -1.678040273784e-01 -7.241104519094e-01 6.689587893369e-01
   outer loop
     vertex 2.349183466158e-01 1.000000000000e-01 -6.060638336210e-01
     vertex 7.895003224846e-02 1.000000000000e-01 -6.451874862456e-01
     vertex 1.824792457002e-01 0.000000000000e+00 -7.274622498032e-01
   endloop
 endfacet
 facet normal -1.727049416321e-01 -7.043759982656e-01 6.884965186572e-01
   outer loop
     vertex 2.349183466158e-01 1.000000000000e-01 -6.060638336210e-01
     vertex 1.987770625210e-01 2.000000000000e-01 -5.128232438331e-01
     vertex 7.895003224846e-02 1.000000000000e-01 -6.451874862456e-01
   endloop
 endfacet
 facet normal -4.449457242749e-01 -7.064263769144e-01 5.504408019479e-01
   outer loop
     vertex 3.185852011000e-01 2.000000000000e-01 -4.483341049263e-01
     vertex 3.040316808361e-01 3.000000000000e-01 -3.317600594526e-01
     vertex 2.606606190819e-01 3.000000000000e-01 -3.668188131215e-01
   endloop
 endfacet
 facet normal -3.734433279130e-01 -7.064263769144e-01 6.012502431074e-01
   outer loop
     vertex 3.185852011000e-01 2.000000000000e-01 -4.483341049263e-01
     vertex 2.606606190819e-01 3.000000000000e-01 -3.668188131215e-01
     vertex 2.132861124479e-01 3.000000000000e-01 -3.962436551377e-01
   endloop
 endfacet
 facet normal -3.422976039501e-01 -6.916906983488e-01 6.359216367980e-01
   outer loop
     vertex 3.185852011000e-01 2.000000000000e-01 -4.483341049263e-01
     vertex 2.132861124479e-01 3.000000000000e-01 -3.962436551377e-01
     vertex 1.987770625210e-01 2.000000000000e-01 -5.128232438331e-01
   endloop
 endfacet
 facet normal -3.734433279130e-01 -7.064263769144e-01 6.012502431075e-01
   outer loop
     vertex 3.765097831182e-01 1.000000000000e-01 -5.298493967311e-01
     vertex 3.554768540797e-01 -2.775557561563e-17 -6.604060918962e-01
     vertex 4.344343651364e-01 -4.163336342344e-17 -6.113646885359e-01
   endloop
 endfacet
 facet normal -4.449457242748e-01 -7.064263769144e-01 5.504408019480e-01
   outer loop
     vertex 3.765097831182e-01 1.000000000000e-01 -5.298493967311e-01
     vertex 4.344343651364e-01 -4.163336342344e-17 -6.113646885359e-01
     vertex 5.067194680600e-01 -4.163336342344e-17 -5.529334324211e-01
   endloop
 endfacet
 facet normal -3.364361196245e-01 -7.043759982656e-01 6.250321515565e-01
   outer loop
     vertex 3.765097831182e-01 1.000000000000e-01 -5.298493967311e-01
     vertex 3.185852011000e-01 2.000000000000e-01 -4.483341049263e-01
     vertex 1.987770625210e-01 2.000000000000e-01 -5.128232438331e-01
   endloop
 endfacet
 facet normal -3.364361196245e-01 -7.043759982656e-01 6.250321515565e-01
   outer loop
     vertex 3.765097831182e-01 1.000000000000e-01 -5.298493967311e-01
     vertex 1.987770625210e-01 2.000000000000e-01 -5.128232438331e-01
     vertex 2.349183466158e-01 1.000000000000e-01 -6.060638336210e-01
   endloop
 endfacet
 facet normal -3.268889430438e-01 -7.241104519094e-01 6.072953748805e-01
   outer loop
     vertex 3.765097831182e-01 1.000000000000e-01 -5.298493967311e-01
     vertex 2.349183466158e-01 1.000000000000e-01 -6.060638336210e-01
     vertex 3.554768540797e-01 -2.775557561563e-17 -6.604060918962e-01
   endloop
 endfacet
 facet normal -4.879329210924e-01 -6.916906983488e-01 5.324335097757e-01
   outer loop
     vertex 4.188960948204e-01 2.000000000000e-01 -3.564071572573e-01
     vertex 3.040316808361e-01 3.000000000000e-01 -3.317600594526e-01
     vertex 3.185852011000e-01 2.000000000000e-01 -4.483341049263e-01
   endloop
 endfacet
 facet normal -5.664557318490e-01 -7.064263769144e-01 4.243697419173e-01
   outer loop
     vertex 4.188960948204e-01 2.000000000000e-01 -3.564071572573e-01
     vertex 3.761706720650e-01 3.000000000000e-01 -2.469729245851e-01
     vertex 3.427331684894e-01 3.000000000000e-01 -2.916058559378e-01
   endloop
 endfacet
 facet normal -5.096142702149e-01 -7.064263769144e-01 4.911772282922e-01
   outer loop
     vertex 4.188960948204e-01 2.000000000000e-01 -3.564071572573e-01
     vertex 3.427331684894e-01 3.000000000000e-01 -2.916058559378e-01
     vertex 3.040316808361e-01 3.000000000000e-01 -3.317600594526e-01
   endloop
 endfacet
 facet normal -5.096142702149e-01 -7.064263769144e-01 4.911772282923e-01
   outer loop
     vertex 4.950590211513e-01 1.000000000000e-01 -4.212084585768e-01
     vertex 5.067194680600e-01 -4.163336342344e-17 -5.529334324211e-01
     vertex 5.712219474823e-01 -5.551115123126e-17 -4.860097598963e-01
   endloop
 endfacet
 facet normal -5.664557318490e-01 -7.064263769144e-01 4.243697419174e-01
   outer loop
     vertex 4.950590211513e-01 1.000000000000e-01 -4.212084585768e-01
     vertex 5.712219474823e-01 -5.551115123126e-17 -4.860097598963e-01
     vertex 6.269511201083e-01 -5.551115123126e-17 -4.116215409753e-01
   endloop
 endfacet
 facet normal -4.795775860391e-01 -7.043759982656e-01 5.233161492217e-01
   outer loop
     vertex 4.950590211513e-01 1.000000000000e-01 -4.212084585768e-01
     vertex 4.188960948204e-01 2.000000000000e-01 -3.564071572573e-01
     vertex 3.185852011000e-01 2.000000000000e-01 -4.483341049263e-01
   endloop
 endfacet
 facet normal -4.795775860391e-01 -7.043759982656e-01 5.233161492217e-01
   outer loop
     vertex 4.950590211513e-01 1.000000000000e-01 -4.212084585768e-01
     vertex 3.185852011000e-01 2.000000000000e-01 -4.483341049263e-01
     vertex 3.765097831182e-01 1.000000000000e-01 -5.298493967311e-01
   endloop
 endfacet
 facet normal -4.659684292602e-01 -7.241104519094e-01 5.084658064888e-01
   outer loop
     vertex 4.950590211513e-01 1.000000000000e-01 -4.212084585768e-01
     vertex 3.765097831182e-01 1.000000000000e-01 -5.298493967311e-01
     vertex 5.067194680600e-01 -4.163336342344e-17 -5.529334324211e-01
   endloop
 endfacet
 facet normal -6.532989499197e-01 -7.064263769144e-01 2.723274793946e-01
   outer loop
     vertex 4.935707703396e-01 2.000000000000e-01 -2.426682811296e-01
     vertex 4.252882182408e-01 3.000000000000e-01 -1.470711780927e-01
     vertex 4.038306302779e-01 3.000000000000e-01 -1.985467754696e-01
   endloop
 endfacet
 facet normal -6.145970902326e-01 -7.064263769144e-01 3.510444283522e-01
   outer loop
     vertex 4.935707703396e-01 2.000000000000e-01 -2.426682811296e-01
     vertex 4.038306302779e-01 3.000000000000e-01 -1.985467754696e-01
     vertex 3.761706720650e-01 3.000000000000e-01 -2.469729245851e-01
   endloop
 endfacet
 facet normal -6.037070029849e-01 -6.916906983488e-01 3.963607351452e-01
   outer loop
     vertex 4.935707703396e-01 2.000000000000e-01 -2.426682811296e-01
     vertex 3.761706720650e-01 3.000000000000e-01 -2.469729245851e-01
     vertex 4.188960948204e-01 2.000000000000e-01 -3.564071572573e-01
   endloop
 endfacet
 facet normal -5.933691592652e-01 -7.043759982656e-01 3.895734768952e-01
   outer loop
     vertex 5.833109104013e-01 1.000000000000e-01 -2.867897867895e-01
     vertex 4.935707703396e-01 2.000000000000e-01 -2.426682811296e-01
     vertex 4.188960948204e-01 2.000000000000e-01 -3.564071572573e-01
   endloop
 endfacet
 facet normal -6.145970902326e-01 -7.064263769144e-01 3.510444283523e-01
   outer loop
     vertex 5.833109104013e-01 1.000000000000e-01 -2.867897867895e-01
     vertex 6.269511201083e-01 -5.551115123126e-17 -4.116215409753e-01
     vertex 6.730510504631e-01 -4.163336342344e-17 -3.309112924494e-01
   endloop
 endfacet
 facet normal -6.532989499196e-01 -7.064263769144e-01 2.723274793946e-01
   outer loop
     vertex 5.833109104013e-01 1.000000000000e-01 -2.867897867895e-01
     vertex 6.730510504631e-01 -4.163336342344e-17 -3.309112924494e-01
     vertex 7.088136970680e-01 -6.938893903907e-17 -2.451186301545e-01
   endloop
 endfacet
 facet normal -5.765308954445e-01 -7.241104519094e-01 3.785184011821e-01
   outer loop
     vertex 5.833109104013e-01 1.000000000000e-01 -2.867897867895e-01
     vertex 4.950590211513e-01 1.000000000000e-01 -4.212084585768e-01
     vertex 6.269511201083e-01 -5.551115123126e-17 -4.116215409753e-01
   endloop
 endfacet
 facet normal -5.933691592652e-01 -7.043759982656e-01 3.895734768952e-01
   outer loop
     vertex 5.833109104013e-01 1.000000000000e-01 -2.867897867895e-01
     vertex 4.188960948204e-01 2.000000000000e-01 -3.564071572573e-01
     vertex 4.950590211513e-01 1.000000000000e-01 -4.212084585768e-01
   endloop
 endfacet
 facet normal -6.708468555446e-01 -7.043759982656e-01 2.319891149886e-01
   outer loop
     vertex 5.380391772338e-01 2.000000000000e-01 -1.140782352667e-01
     vertex 4.935707703396e-01 2.000000000000e-01 -2.426682811296e-01
     vertex 5.833109104013e-01 1.000000000000e-01 -2.867897867895e-01
   endloop
 endfacet
 facet normal -7.001606197310e-01 -7.064263769144e-01 1.036189199781e-01
   outer loop
     vertex 5.380391772338e-01 2.000000000000e-01 -1.140782352667e-01
     vertex 4.483783516619e-01 3.000000000000e-01 -3.816875372497e-02
     vertex 4.402138722822e-01 3.000000000000e-01 -9.333673794548e-02
   endloop
 endfacet
 facet normal -6.819668952192e-01 -7.064263769144e-01 1.894278961101e-01
   outer loop
     vertex 5.380391772338e-01 2.000000000000e-01 -1.140782352667e-01
     vertex 4.402138722822e-01 3.000000000000e-01 -9.333673794548e-02
     vertex 4.252882182408e-01 3.000000000000e-01 -1.470711780927e-01
   endloop
 endfacet
 facet normal -6.825345373936e-01 -6.916906983488e-01 2.360308943395e-01
   outer loop
     vertex 5.380391772338e-01 2.000000000000e-01 -1.140782352667e-01
     vertex 4.252882182408e-01 3.000000000000e-01 -1.470711780927e-01
     vertex 4.935707703396e-01 2.000000000000e-01 -2.426682811296e-01
   endloop
 endfacet
 facet normal -6.819668952191e-01 -7.064263769144e-01 1.894278961102e-01
   outer loop
     vertex 6.358644821854e-01 1.000000000000e-01 -1.348197325880e-01
     vertex 7.088136970680e-01 -6.938893903907e-17 -2.451186301545e-01
     vertex 7.336897871370e-01 -6.938893903907e-17 -1.555612299092e-01
   endloop
 endfacet
 facet normal -7.001606197310e-01 -7.064263769144e-01 1.036189199781e-01
   outer loop
     vertex 6.358644821854e-01 1.000000000000e-01 -1.348197325880e-01
     vertex 7.336897871370e-01 -6.938893903907e-17 -1.555612299092e-01
     vertex 7.472972527699e-01 -5.551115123126e-17 -6.361458954168e-02
   endloop
 endfacet
 facet normal -6.708468555446e-01 -7.043759982656e-01 2.319891149886e-01
   outer loop
     vertex 6.358644821854e-01 1.000000000000e-01 -1.348197325880e-01
     vertex 5.380391772338e-01 2.000000000000e-01 -1.140782352667e-01
     vertex 5.833109104013e-01 1.000000000000e-01 -2.867897867895e-01
   endloop
 endfacet
 facet normal -6.518099774721e-01 -7.241104519094e-01 2.254058710489e-01
   outer loop
     vertex 6.358644821854e-01 1.000000000000e-01 -1.348197325880e-01
     vertex 5.833109104013e-01 1.000000000000e-01 -2.867897867895e-01
     vertex 7.088136970680e-01 -6.938893903907e-17 -2.451186301545e-01
   endloop
 endfacet
 facet normal -7.195913211394e-01 -6.916906983488e-01 6.125608834015e-02
   outer loop
     vertex 5.495798726528e-01 2.000000000000e-01 2.149333791862e-02
     vertex 4.483783516619e-01 3.000000000000e-01 -3.816875372497e-02
     vertex 5.380391772338e-01 2.000000000000e-01 -1.140782352667e-01
   endloop
 endfacet
 facet normal -7.041728320153e-01 -7.064263769144e-01 -7.143106222837e-02
   outer loop
     vertex 5.495798726528e-01 2.000000000000e-01 2.149333791862e-02
     vertex 4.440279684443e-01 3.000000000000e-01 7.306957806956e-02
     vertex 4.496562594432e-01 3.000000000000e-01 1.758545829707e-02
   endloop
 endfacet
 facet normal -7.076006889419e-01 -7.064263769144e-01 1.621847737867e-02
   outer loop
     vertex 5.495798726528e-01 2.000000000000e-01 2.149333791862e-02
     vertex 4.496562594432e-01 3.000000000000e-01 1.758545829707e-02
     vertex 4.483783516619e-01 3.000000000000e-01 -3.816875372497e-02
   endloop
 endfacet
 facet normal -7.072690810739e-01 -7.043759982656e-01 6.020714263469e-02
   outer loop
     vertex 6.495034858625e-01 1.000000000000e-01 2.540121754018e-02
     vertex 5.495798726528e-01 2.000000000000e-01 2.149333791862e-02
     vertex 5.380391772338e-01 2.000000000000e-01 -1.140782352667e-01
   endloop
 endfacet
 facet normal -7.076006889419e-01 -7.064263769144e-01 1.621847737872e-02
   outer loop
     vertex 6.495034858625e-01 1.000000000000e-01 2.540121754018e-02
     vertex 7.472972527699e-01 -5.551115123126e-17 -6.361458954168e-02
     vertex 7.494270990721e-01 -5.551115123126e-17 2.930909716174e-02
   endloop
 endfacet
 facet normal -7.041728320153e-01 -7.064263769144e-01 -7.143106222833e-02
   outer loop
     vertex 6.495034858625e-01 1.000000000000e-01 2.540121754018e-02
     vertex 7.494270990721e-01 -5.551115123126e-17 2.930909716174e-02
     vertex 7.400466140738e-01 -8.326672684689e-17 1.217826301159e-01
   endloop
 endfacet
 facet normal -6.871986355622e-01 -7.241104519094e-01 5.849862149613e-02
   outer loop
     vertex 6.495034858625e-01 1.000000000000e-01 2.540121754018e-02
     vertex 6.358644821854e-01 1.000000000000e-01 -1.348197325880e-01
     vertex 7.472972527699e-01 -5.551115123126e-17 -6.361458954168e-02
   endloop
 endfacet
 facet normal -7.072690810739e-01 -7.043759982656e-01 6.020714263469e-02
   outer loop
     vertex 6.495034858625e-01 1.000000000000e-01 2.540121754018e-02
     vertex 5.380391772338e-01 2.000000000000e-01 -1.140782352667e-01
     vertex 6.358644821854e-01 1.000000000000e-01 -1.348197325880e-01
   endloop
 endfacet
 facet normal -7.004068150227e-01 -7.043759982656e-01 -1.152594748255e-01
   outer loop
     vertex 5.274865721753e-01 2.000000000000e-01 1.557495302552e-01
     vertex 5.495798726528e-01 2.000000000000e-01 2.149333791862e-02
     vertex 6.495034858625e-01 1.000000000000e-01 2.540121754018e-02
   endloop
 endfacet
 facet normal -7.126094987666e-01 -6.916906983488e-01 -1.172675576849e-01
   outer loop
     vertex 5.274865721753e-01 2.000000000000e-01 1.557495302552e-01
     vertex 4.440279684443e-01 3.000000000000e-01 7.306957806956e-02
     vertex 5.495798726528e-01 2.000000000000e-01 2.149333791862e-02
   endloop
 endfacet
 facet normal -6.650900415148e-01 -7.064263769144e-01 -2.421095014191e-01
   outer loop
     vertex 5.274865721753e-01 2.000000000000e-01 1.557495302552e-01
     vertex 4.125033097268e-01 3.000000000000e-01 1.798360905504e-01
     vertex 4.315799226889e-01 3.000000000000e-01 1.274314338452e-01
   endloop
 endfacet
 facet normal -6.899296968591e-01 -7.064263769144e-01 -1.579835035421e-01
   outer loop
     vertex 5.274865721753e-01 2.000000000000e-01 1.557495302552e-01
     vertex 4.315799226889e-01 3.000000000000e-01 1.274314338452e-01
     vertex 4.440279684443e-01 3.000000000000e-01 7.306957806956e-02
   endloop
 endfacet
 facet normal -7.004068150227e-01 -7.043759982656e-01 -1.152594748255e-01
   outer loop
     vertex 6.233932216618e-01 1.000000000000e-01 1.840676266652e-01
     vertex 5.274865721753e-01 2.000000000000e-01 1.557495302552e-01
     vertex 6.495034858625e-01 1.000000000000e-01 2.540121754018e-02
   endloop
 endfacet
 facet normal -6.899296968591e-01 -7.064263769144e-01 -1.579835035420e-01
   outer loop
     vertex 6.233932216618e-01 1.000000000000e-01 1.840676266652e-01
     vertex 7.400466140738e-01 -8.326672684689e-17 1.217826301159e-01
     vertex 7.192998711482e-01 -6.938893903907e-17 2.123857230753e-01
   endloop
 endfacet
 facet normal -6.650900415148e-01 -7.064263769144e-01 -2.421095014191e-01
   outer loop
     vertex 6.233932216618e-01 1.000000000000e-01 1.840676266652e-01
     vertex 7.192998711482e-01 -6.938893903907e-17 2.123857230753e-01
     vertex 6.875055162113e-01 -6.938893903907e-17 2.997268175840e-01
   endloop
 endfacet
 facet normal -6.805311026622e-01 -7.241104519094e-01 -1.119887125781e-01
   outer loop
     vertex 6.233932216618e-01 1.000000000000e-01 1.840676266652e-01
     vertex 6.495034858625e-01 1.000000000000e-01 2.540121754018e-02
     vertex 7.400466140738e-01 -8.326672684689e-17 1.217826301159e-01
   endloop
 endfacet
 facet normal -5.544398910498e-01 -6.745606020014e-01 -4.874057872453e-01
   outer loop
     vertex 4.731113740395e-01 2.000000000000e-01 2.804739341800e-01
     vertex 3.189125548230e-01 3.000000000000e-01 3.174819402364e-01
     vertex 3.557336678557e-01 3.000000000000e-01 2.755967299405e-01
   endloop
 endfacet
 facet normal -5.853040942208e-01 -7.064263769144e-01 -3.979709678959e-01
   outer loop
     vertex 4.731113740395e-01 2.000000000000e-01 2.804739341800e-01
     vertex 3.557336678557e-01 3.000000000000e-01 2.755967299405e-01
     vertex 3.870911242142e-01 3.000000000000e-01 2.294786734200e-01
   endloop
 endfacet
 facet normal -6.300353742875e-01 -7.064263769144e-01 -3.225169780741e-01
   outer loop
     vertex 4.731113740395e-01 2.000000000000e-01 2.804739341800e-01
     vertex 3.870911242142e-01 3.000000000000e-01 2.294786734200e-01
     vertex 4.125033097268e-01 3.000000000000e-01 1.798360905504e-01
   endloop
 endfacet
 facet normal -6.620163540912e-01 -6.916906983488e-01 -2.886144915517e-01
   outer loop
     vertex 4.731113740395e-01 2.000000000000e-01 2.804739341800e-01
     vertex 4.125033097268e-01 3.000000000000e-01 1.798360905504e-01
     vertex 5.274865721753e-01 2.000000000000e-01 1.557495302552e-01
   endloop
 endfacet
 facet normal -6.506800244236e-01 -7.043759982656e-01 -2.836722737305e-01
   outer loop
     vertex 5.591316238649e-01 1.000000000000e-01 3.314691949400e-01
     vertex 5.274865721753e-01 2.000000000000e-01 1.557495302552e-01
     vertex 6.233932216618e-01 1.000000000000e-01 1.840676266652e-01
   endloop
 endfacet
 facet normal -6.300353742875e-01 -7.064263769144e-01 -3.225169780740e-01
   outer loop
     vertex 5.591316238649e-01 1.000000000000e-01 3.314691949400e-01
     vertex 6.875055162113e-01 -6.938893903907e-17 2.997268175840e-01
     vertex 6.451518736903e-01 -6.938893903907e-17 3.824644557000e-01
   endloop
 endfacet
 facet normal -5.853040942208e-01 -7.064263769144e-01 -3.979709678959e-01
   outer loop
     vertex 5.591316238649e-01 1.000000000000e-01 3.314691949400e-01
     vertex 6.451518736903e-01 -6.938893903907e-17 3.824644557000e-01
     vertex 5.928894464262e-01 -9.714451465470e-17 4.593278832342e-01
   endloop
 endfacet
 facet normal -5.057850317906e-01 -7.392445796933e-01 -4.446335041478e-01
   outer loop
     vertex 5.591316238649e-01 1.000000000000e-01 3.314691949400e-01
     vertex 5.928894464262e-01 -9.714451465470e-17 4.593278832342e-01
     vertex 5.315209247050e-01 -1.387778780781e-17 5.291365670606e-01
   endloop
 endfacet
 facet normal -6.322154282392e-01 -7.241104519094e-01 -2.756223970069e-01
   outer loop
     vertex 5.591316238649e-01 1.000000000000e-01 3.314691949400e-01
     vertex 6.233932216618e-01 1.000000000000e-01 1.840676266652e-01
     vertex 6.875055162113e-01 -6.938893903907e-17 2.997268175840e-01
   endloop
 endfacet
 facet normal -6.506800244236e-01 -7.043759982656e-01 -2.836722737305e-01
   outer loop
     vertex 5.591316238649e-01 1.000000000000e-01 3.314691949400e-01
     vertex 4.731113740395e-01 2.000000000000e-01 2.804739341800e-01
     vertex 5.274865721753e-01 2.000000000000e-01 1.557495302552e-01
   endloop
 endfacet
 facet normal -5.611319624125e-01 -7.043759982656e-01 -4.347244803624e-01
   outer loop
     vertex 5.591316238649e-01 1.000000000000e-01 3.314691949400e-01
     vertex 3.189125548230e-01 3.000000000000e-01 3.174819402364e-01
     vertex 4.731113740395e-01 2.000000000000e-01 2.804739341800e-01
   endloop
 endfacet
 facet normal -5.611319624125e-01 -7.043759982656e-01 -4.347244803624e-01
   outer loop
     vertex 5.591316238649e-01 1.000000000000e-01 3.314691949400e-01
     vertex 5.315209247050e-01 -1.387778780781e-17 5.291365670606e-01
     vertex 3.189125548230e-01 3.000000000000e-01 3.174819402364e-01
   endloop
 endfacet
 facet normal -5.011227336023e-01 -7.071067811865e-01 -4.988747396561e-01
   outer loop
     vertex 1.430614587230e-03 3.000000000000e-01 6.363944950593e-01
     vertex 3.189125548230e-01 3.000000000000e-01 3.174819402364e-01
     vertex 5.315209247050e-01 -1.387778780781e-17 5.291365670606e-01
   endloop
 endfacet
 facet normal -5.011227336023e-01 -7.071067811866e-01 -4.988747396561e-01
   outer loop
     vertex 1.430614587230e-03 3.000000000000e-01 6.363944950593e-01
     vertex 5.315209247050e-01 -1.387778780781e-17 5.291365670606e-01
     vertex 2.384357645380e-03 -1.387778780781e-17 1.060657491765e+00
   endloop
 endfacet
 facet normal -7.086945662739e-01 4.956277322230e-17 -7.055154227470e-01
   outer loop
     vertex 1.430614587231e-03 1.300000000000e+01 6.363944950593e-01
     vertex 3.189125548230e-01 3.000000000000e-01 3.174819402364e-01
     vertex 1.430614587230e-03 3.000000000000e-01 6.363944950593e-01
   endloop
 endfacet
 facet normal -7.086945662739e-01 4.613787722638e-17 -7.055154227470e-01
   outer loop
     vertex 1.430614587231e-03 1.300000000000e+01 6.363944950593e-01
     vertex 3.189125548230e-01 1.300000000000e+01 3.174819402364e-01
     vertex 3.189125548230e-01 3.000000000000e-01 3.174819402364e-01
   endloop
 endfacet
 facet normal 7.055154227467e-01 -4.934043883852e-17 -7.086945662742e-01
   outer loop
     vertex -3.174819402364e-01 1.300000000000e+01 3.189125548230e-01
     vertex 1.430614587230e-03 3.000000000000e-01 6.363944950593e-01
     vertex -3.174819402364e-01 3.000000000000e-01 3.189125548230e-01
   endloop
 endfacet
 facet normal 7.055154227467e-01 -5.099449588170e-17 -7.086945662742e-01
   outer loop
     vertex -3.174819402364e-01 1.300000000000e+01 3.189125548230e-01
     vertex 1.430614587231e-03 1.300000000000e+01 6.363944950593e-01
     vertex 1.430614587230e-03 3.000000000000e-01 6.363944950593e-01
   endloop
 endfacet
 facet normal -3.670024952817e-16 -1.000000000000e+00 -5.246349996581e-16
   outer loop
     vertex 3.646796106998e+00 4.302114220422e-16 -1.450000000000e+00
     vertex 4.856840222663e+00 -1.387778780781e-17 -1.450000000000e+00
     vertex 4.565311274126e+00 -2.636779683485e-16 -7.699233136691e-01
   endloop
 endfacet
 facet normal -5.718568105206e-16 -1.000000000000e+00 -2.479576787317e-16
   outer loop
     vertex 4.292451893784e+00 -2.775557561563e-16 -8.466813770495e-02
     vertex 3.646796106998e+00 4.302114220422e-16 -1.450000000000e+00
     vertex 4.565311274126e+00 -2.636779683485e-16 -7.699233136691e-01
   endloop
 endfacet
 facet normal -5.924522232647e-16 -1.000000000000e+00 -2.382182536244e-16
   outer loop
     vertex 4.038399001208e+00 -2.914335439641e-16 6.054216700247e-01
     vertex 3.646796106998e+00 4.302114220422e-16 -1.450000000000e+00
     vertex 4.292451893784e+00 -2.775557561563e-16 -8.466813770495e-02
   endloop
 endfacet
 facet normal 1.074911487261e-17 -1.000000000000e+00 -2.177276263986e-16
   outer loop
     vertex 5.712219474823e-01 -5.551115123126e-17 -4.860097598963e-01
     vertex 5.067194680600e-01 -4.163336342344e-17 -5.529334324211e-01
     vertex 2.406796106998e+00 4.440892098501e-16 -2.690000000000e+00
   endloop
 endfacet
 facet normal 1.068970717021e-16 -1.000000000000e+00 -1.322419941657e-16
   outer loop
     vertex 4.344343651364e-01 -4.163336342344e-17 -6.113646885359e-01
     vertex 2.406796106998e+00 4.440892098501e-16 -2.690000000000e+00
     vertex 5.067194680600e-01 -4.163336342344e-17 -5.529334324211e-01
   endloop
 endfacet
 facet normal 1.432862140189e-16 -1.000000000000e+00 -1.073452526733e-16
   outer loop
     vertex 6.269511201083e-01 -5.551115123126e-17 -4.116215409753e-01
     vertex 5.712219474823e-01 -5.551115123126e-17 -4.860097598963e-01
     vertex 2.406796106998e+00 4.440892098501e-16 -2.690000000000e+00
   endloop
 endfacet
 facet normal -1.926900095143e-17 -1.000000000000e+00 -2.519576236705e-16
   outer loop
     vertex 3.554768540797e-01 -2.775557561563e-17 -6.604060918962e-01
     vertex 2.406796106998e+00 4.440892098501e-16 -2.690000000000e+00
     vertex 4.344343651364e-01 -4.163336342344e-17 -6.113646885359e-01
   endloop
 endfacet
 facet normal 1.122254737982e-16 -1.000000000000e+00 -1.234172381593e-16
   outer loop
     vertex 6.730510504631e-01 -4.163336342344e-17 -3.309112924494e-01
     vertex 2.406796106998e+00 4.440892098501e-16 -2.690000000000e+00
     vertex 3.646796106998e+00 4.302114220422e-16 -1.450000000000e+00
   endloop
 endfacet
 facet normal 2.892887561366e-16 -1.000000000000e+00 6.710378265459e-18
   outer loop
     vertex 6.730510504631e-01 -4.163336342344e-17 -3.309112924494e-01
     vertex 6.269511201083e-01 -5.551115123126e-17 -4.116215409753e-01
     vertex 2.406796106998e+00 4.440892098501e-16 -2.690000000000e+00
   endloop
 endfacet
 facet normal 7.308683961169e-17 -1.000000000000e+00 -1.586131801785e-16
   outer loop
     vertex 2.710596307105e-01 -2.775557561563e-17 -6.993044234088e-01
     vertex 2.406796106998e+00 4.440892098501e-16 -2.690000000000e+00
     vertex 3.554768540797e-01 -2.775557561563e-17 -6.604060918962e-01
   endloop
 endfacet
 facet normal 3.191584721981e-17 -1.000000000000e+00 -3.368233367270e-16
   outer loop
     vertex 7.088136970680e-01 -6.938893903907e-17 -2.451186301545e-01
     vertex 6.730510504631e-01 -4.163336342344e-17 -3.309112924494e-01
     vertex 3.646796106998e+00 4.302114220422e-16 -1.450000000000e+00
   endloop
 endfacet
 facet normal -1.774686806819e-16 -1.000000000000e+00 -4.274240271602e-16
   outer loop
     vertex 1.824792457002e-01 0.000000000000e+00 -7.274622498032e-01
     vertex 2.406796106998e+00 4.440892098501e-16 -2.690000000000e+00
     vertex 2.710596307105e-01 -2.775557561563e-17 -6.993044234088e-01
   endloop
 endfacet
 facet normal 1.526588650256e-16 -1.000000000000e+00 -4.240359440771e-17
   outer loop
     vertex 7.336897871370e-01 -6.938893903907e-17 -1.555612299092e-01
     vertex 7.088136970680e-01 -6.938893903907e-17 -2.451186301545e-01
     vertex 3.646796106998e+00 4.302114220422e-16 -1.450000000000e+00
   endloop
 endfacet
 facet normal 1.601791147400e-16 -1.000000000000e+00 -4.473804598022e-17
   outer loop
     vertex 9.109619105591e-02 -1.387778780781e-17 -7.444470995142e-01
     vertex 2.406796106998e+00 4.440892098501e-16 -2.690000000000e+00
     vertex 1.824792457002e-01 0.000000000000e+00 -7.274622498032e-01
   endloop
 endfacet
 facet normal 2.238476250453e-16 -1.000000000000e+00 1.178051628608e-16
   outer loop
     vertex 7.472972527699e-01 -5.551115123126e-17 -6.361458954168e-02
     vertex 7.336897871370e-01 -6.938893903907e-17 -1.555612299092e-01
     vertex 3.646796106998e+00 4.302114220422e-16 -1.450000000000e+00
   endloop
 endfacet
 facet normal -3.250004532880e-19 -1.000000000000e+00 -3.510314722329e-16
   outer loop
     vertex 7.472972527699e-01 -5.551115123126e-17 -6.361458954168e-02
     vertex 3.646796106998e+00 4.302114220422e-16 -1.450000000000e+00
     vertex 4.038399001208e+00 -2.914335439641e-16 6.054216700247e-01
   endloop
 endfacet
 facet normal -2.661143461805e-16 -1.000000000000e+00 -5.521350596382e-16
   outer loop
     vertex -1.685995459313e-03 1.387778780781e-17 -7.499981049438e-01
     vertex 2.406796106998e+00 4.440892098501e-16 -2.690000000000e+00
     vertex 9.109619105591e-02 -1.387778780781e-17 -7.444470995142e-01
   endloop
 endfacet
 facet normal -7.202050072275e-17 -1.000000000000e+00 1.650737315594e-18
   outer loop
     vertex 7.494270990721e-01 -5.551115123126e-17 2.930909716174e-02
     vertex 7.472972527699e-01 -5.551115123126e-17 -6.361458954168e-02
     vertex 4.038399001208e+00 -2.914335439641e-16 6.054216700247e-01
   endloop
 endfacet
 facet normal 1.470973116927e-16 -1.000000000000e+00 -3.913922955662e-17
   outer loop
     vertex -9.444228703915e-02 0.000000000000e+00 -7.440300090849e-01
     vertex 2.406796106998e+00 4.440892098501e-16 -2.690000000000e+00
     vertex -1.685995459313e-03 1.387778780781e-17 -7.499981049438e-01
   endloop
 endfacet
 facet normal -1.159511299093e-16 -1.000000000000e+00 3.603531862170e-16
   outer loop
     vertex 7.400466140738e-01 -8.326672684689e-17 1.217826301159e-01
     vertex 4.038399001208e+00 -2.914335439641e-16 6.054216700247e-01
     vertex 3.803280078960e+00 -1.387778780781e-17 1.299999825656e+00
   endloop
 endfacet
 facet normal -1.882182615290e-17 -1.000000000000e+00 -3.020554377148e-16
   outer loop
     vertex 7.400466140738e-01 -8.326672684689e-17 1.217826301159e-01
     vertex 7.494270990721e-01 -5.551115123126e-17 2.930909716174e-02
     vertex 4.038399001208e+00 -2.914335439641e-16 6.054216700247e-01
   endloop
 endfacet
 facet normal -3.332707209742e-17 -1.000000000000e+00 1.455398395335e-16
   outer loop
     vertex 7.192998711482e-01 -6.938893903907e-17 2.123857230753e-01
     vertex 7.400466140738e-01 -8.326672684689e-17 1.217826301159e-01
     vertex 3.803280078960e+00 -1.387778780781e-17 1.299999825656e+00
   endloop
 endfacet
 facet normal 1.595194278337e-17 -1.000000000000e+00 5.806908347554e-18
   outer loop
     vertex 6.875055162113e-01 -6.938893903907e-17 2.997268175840e-01
     vertex 7.192998711482e-01 -6.938893903907e-17 2.123857230753e-01
     vertex 3.803280078960e+00 -1.387778780781e-17 1.299999825656e+00
   endloop
 endfacet
 facet normal 1.530152895774e-17 -1.000000000000e+00 7.832898089164e-18
   outer loop
     vertex 6.451518736903e-01 -6.938893903907e-17 3.824644557000e-01
     vertex 6.875055162113e-01 -6.938893903907e-17 2.997268175840e-01
     vertex 3.803280078960e+00 -1.387778780781e-17 1.299999825656e+00
   endloop
 endfacet
 facet normal 1.022834114984e-16 -1.000000000000e+00 -2.915560362166e-16
   outer loop
     vertex 5.928894464262e-01 -9.714451465470e-17 4.593278832342e-01
     vertex 6.451518736903e-01 -6.938893903907e-17 3.824644557000e-01
     vertex 3.803280078960e+00 -1.387778780781e-17 1.299999825656e+00
   endloop
 endfacet
 facet normal -2.328122718381e-16 -1.000000000000e+00 9.881203613166e-16
   outer loop
     vertex 5.315209247050e-01 -1.387778780781e-17 5.291365670606e-01
     vertex 5.928894464262e-01 -9.714451465470e-17 4.593278832342e-01
     vertex 3.803280078960e+00 -1.387778780781e-17 1.299999825656e+00
   endloop
 endfacet
 facet normal 0.000000000000e+00 -1.000000000000e+00 0.000000000000e+00
   outer loop
     vertex 2.384357645380e-03 -1.387778780781e-17 1.060657491765e+00
     vertex 5.315209247050e-01 -1.387778780781e-17 5.291365670606e-01
     vertex 3.803280078960e+00 -1.387778780781e-17 1.299999825656e+00
   endloop
 endfacet
 facet normal -1.811605933802e-16 -1.000000000000e+00 -1.344521015580e-16
   outer loop
     vertex -3.761862622423e+00 8.881784197001e-16 -2.690000000000e+00
     vertex -5.734012626431e-01 1.387778780781e-17 -4.834366473482e-01
     vertex -6.287954243305e-01 1.387778780781e-17 -4.087986232132e-01
   endloop
 endfacet
 facet normal -1.650825937834e-16 -1.000000000000e+00 -1.576846456839e-16
   outer loop
     vertex -3.761862622423e+00 8.881784197001e-16 -2.690000000000e+00
     vertex -5.092003224054e-01 1.387778780781e-17 -5.506496451122e-01
     vertex -5.734012626431e-01 1.387778780781e-17 -4.834366473482e-01
   endloop
 endfacet
 facet normal -3.208331715010e-16 -1.000000000000e+00 7.911809735014e-17
   outer loop
     vertex -3.761862622423e+00 8.881784197001e-16 -2.690000000000e+00
     vertex -4.371786556202e-01 -1.387778780781e-17 -6.094053027913e-01
     vertex -5.092003224054e-01 1.387778780781e-17 -5.506496451122e-01
   endloop
 endfacet
 facet normal 1.282275788626e-16 -1.000000000000e+00 -6.384580258886e-16
   outer loop
     vertex -3.761862622423e+00 8.881784197001e-16 -2.690000000000e+00
     vertex -3.584424315819e-01 2.775557561563e-17 -6.588012016091e-01
     vertex -4.371786556202e-01 -1.387778780781e-17 -6.094053027913e-01
   endloop
 endfacet
 facet normal -1.108807816587e-16 -1.000000000000e+00 -2.378147099111e-16
   outer loop
     vertex -3.761862622423e+00 8.881784197001e-16 -2.690000000000e+00
     vertex -2.742009473993e-01 2.775557561563e-17 -6.980786778332e-01
     vertex -3.584424315819e-01 2.775557561563e-17 -6.588012016091e-01
   endloop
 endfacet
 facet normal -2.895633395070e-16 -1.000000000000e+00 7.504117554369e-17
   outer loop
     vertex -3.761862622423e+00 8.881784197001e-16 -2.690000000000e+00
     vertex -1.857480545935e-01 0.000000000000e+00 -7.266344749699e-01
     vertex -2.742009473993e-01 2.775557561563e-17 -6.980786778332e-01
   endloop
 endfacet
 facet normal -6.398317329150e-17 -1.000000000000e+00 -3.358352039854e-16
   outer loop
     vertex -3.761862622423e+00 8.881784197001e-16 -2.690000000000e+00
     vertex -9.444228703915e-02 0.000000000000e+00 -7.440300090849e-01
     vertex -1.857480545935e-01 0.000000000000e+00 -7.266344749699e-01
   endloop
 endfacet
 facet normal -7.199121062283e-17 -1.000000000000e+00 -3.207430704518e-16
   outer loop
     vertex -3.761862622423e+00 8.881784197001e-16 -2.690000000000e+00
     vertex 2.406796106998e+00 4.440892098501e-16 -2.690000000000e+00
     vertex -9.444228703915e-02 0.000000000000e+00 -7.440300090849e-01
   endloop
 endfacet
 facet normal -4.362360150655e-17 -1.000000000000e+00 -3.322643732616e-16
   outer loop
     vertex -3.761862622423e+00 4.302114220422e-16 -5.000000000000e-01
     vertex -6.434258019534e-01 0.000000000000e+00 3.853611778328e-01
     vertex -5.908183267369e-01 -2.775557561563e-17 4.619888578654e-01
   endloop
 endfacet
 facet normal -2.176765343622e-16 -1.000000000000e+00 2.807883425311e-16
   outer loop
     vertex -3.761862622423e+00 4.302114220422e-16 -5.000000000000e-01
     vertex -6.861510028873e-01 -1.387778780781e-17 3.028147969250e-01
     vertex -6.434258019534e-01 0.000000000000e+00 3.853611778328e-01
   endloop
 endfacet
 facet normal -1.597803935348e-16 -1.000000000000e+00 5.897898656089e-17
   outer loop
     vertex -3.761862622423e+00 4.302114220422e-16 -5.000000000000e-01
     vertex -7.183377199913e-01 -1.387778780781e-17 2.156175318423e-01
     vertex -6.861510028873e-01 -1.387778780781e-17 3.028147969250e-01
   endloop
 endfacet
 facet normal -1.162488762412e-16 -1.000000000000e+00 -1.261607717993e-16
   outer loop
     vertex -3.761862622423e+00 4.302114220422e-16 -5.000000000000e-01
     vertex -7.394916026101e-01 0.000000000000e+00 1.251086314735e-01
     vertex -7.183377199913e-01 -1.387778780781e-17 2.156175318423e-01
   endloop
 endfacet
 facet normal -8.203320683380e-17 -1.000000000000e+00 -2.915919343744e-16
   outer loop
     vertex -3.761862622423e+00 4.302114220422e-16 -5.000000000000e-01
     vertex -7.492877516342e-01 2.775557561563e-17 3.267820758541e-02
     vertex -7.394916026101e-01 0.000000000000e+00 1.251086314735e-01
   endloop
 endfacet
 facet normal -1.331582282744e-16 -1.000000000000e+00 -2.453102210263e-18
   outer loop
     vertex -3.761862622423e+00 4.302114220422e-16 -5.000000000000e-01
     vertex -7.475757095729e-01 2.775557561563e-17 -6.025411568162e-02
     vertex -7.492877516342e-01 2.775557561563e-17 3.267820758541e-02
   endloop
 endfacet
 facet normal -1.738878558177e-16 -1.000000000000e+00 2.767326449380e-16
   outer loop
     vertex -3.761862622423e+00 4.302114220422e-16 -5.000000000000e-01
     vertex -7.343817714072e-01 0.000000000000e+00 -1.522610055949e-01
     vertex -7.475757095729e-01 2.775557561563e-17 -6.025411568162e-02
   endloop
 endfacet
 facet normal -1.550191980701e-16 -1.000000000000e+00 1.124585746317e-16
   outer loop
     vertex -3.761862622423e+00 4.302114220422e-16 -5.000000000000e-01
     vertex -7.099085807294e-01 -1.387778780781e-17 -2.419293430048e-01
     vertex -7.343817714072e-01 0.000000000000e+00 -1.522610055949e-01
   endloop
 endfacet
 facet normal -1.142286755012e-16 -1.000000000000e+00 -3.699317973166e-16
   outer loop
     vertex -3.761862622423e+00 4.302114220422e-16 -5.000000000000e-01
     vertex -6.745320173722e-01 1.387778780781e-17 -3.278819262171e-01
     vertex -7.099085807294e-01 -1.387778780781e-17 -2.419293430048e-01
   endloop
 endfacet
 facet normal -1.307327171022e-16 -1.000000000000e+00 -7.389413188257e-17
   outer loop
     vertex -3.761862622423e+00 4.302114220422e-16 -5.000000000000e-01
     vertex -6.287954243305e-01 1.387778780781e-17 -4.087986232132e-01
     vertex -6.745320173722e-01 1.387778780781e-17 -3.278819262171e-01
   endloop
 endfacet
 facet normal -1.267964645629e-16 -1.000000000000e+00 -2.091173505287e-16
   outer loop
     vertex -3.761862622423e+00 4.302114220422e-16 -5.000000000000e-01
     vertex -3.761862622423e+00 8.881784197001e-16 -2.690000000000e+00
     vertex -6.287954243305e-01 1.387778780781e-17 -4.087986232132e-01
   endloop
 endfacet
 facet normal 0.000000000000e+00 -1.000000000000e+00 0.000000000000e+00
   outer loop
     vertex -5.645324062679e+00 4.302114220422e-16 1.299999825656e+00
     vertex -5.645324062679e+00 4.302114220422e-16 -5.000000000000e-01
     vertex -3.761862622423e+00 4.302114220422e-16 -5.000000000000e-01
   endloop
 endfacet
 facet normal -1.096234215660e-16 -1.000000000000e+00 -1.147063930371e-16
   outer loop
     vertex -5.645324062679e+00 4.302114220422e-16 1.299999825656e+00
     vertex -3.761862622423e+00 4.302114220422e-16 -5.000000000000e-01
     vertex -5.908183267369e-01 -2.775557561563e-17 4.619888578654e-01
   endloop
 endfacet
 facet normal -5.014050299906e-17 -1.000000000000e+00 2.440678529367e-16
   outer loop
     vertex -5.645324062679e+00 4.302114220422e-16 1.299999825656e+00
     vertex -5.908183267369e-01 -2.775557561563e-17 4.619888578654e-01
     vertex -5.291365670604e-01 -1.387778780781e-17 5.315209247053e-01
   endloop
 endfacet
 facet normal -7.542110407497e-17 -1.000000000000e+00 7.576096130150e-17
   outer loop
     vertex -5.645324062679e+00 4.302114220422e-16 1.299999825656e+00
     vertex -5.291365670604e-01 -1.387778780781e-17 5.315209247053e-01
     vertex 2.384357645380e-03 -1.387778780781e-17 1.060657491765e+00
   endloop
 endfacet
 facet normal -4.700050961951e-17 -1.000000000000e+00 7.463954788450e-16
   outer loop
     vertex -5.645324062679e+00 4.302114220422e-16 1.299999825656e+00
     vertex 2.384357645380e-03 -1.387778780781e-17 1.060657491765e+00
     vertex 3.803280078960e+00 -1.387778780781e-17 1.299999825656e+00
   endloop
 endfacet
 facet normal 4.988747396559e-01 7.071067811866e-01 -5.011227336025e-01
   outer loop
     vertex -5.291365670604e-01 1.330000000000e+01 5.315209247053e-01
     vertex 1.430614587231e-03 1.300000000000e+01 6.363944950593e-01
     vertex -3.174819402364e-01 1.300000000000e+01 3.189125548230e-01
   endloop
 endfacet
 facet normal 4.988747396559e-01 7.071067811866e-01 -5.011227336025e-01
   outer loop
     vertex -5.291365670604e-01 1.330000000000e+01 5.315209247053e-01
     vertex 2.384357645381e-03 1.330000000000e+01 1.060657491765e+00
     vertex 1.430614587231e-03 1.300000000000e+01 6.363944950593e-01
   endloop
 endfacet
 facet normal -6.300353742871e-01 7.064263769148e-01 -3.225169780739e-01
   outer loop
     vertex 4.731113740396e-01 1.310000000000e+01 2.804739341800e-01
     vertex 4.125033097268e-01 1.300000000000e+01 1.798360905504e-01
     vertex 3.870911242142e-01 1.300000000000e+01 2.294786734200e-01
   endloop
 endfacet
 facet normal -5.853040942205e-01 7.064263769148e-01 -3.979709678957e-01
   outer loop
     vertex 4.731113740396e-01 1.310000000000e+01 2.804739341800e-01
     vertex 3.870911242142e-01 1.300000000000e+01 2.294786734200e-01
     vertex 3.557336678557e-01 1.300000000000e+01 2.755967299405e-01
   endloop
 endfacet
 facet normal -5.544398910496e-01 6.745606020018e-01 -4.874057872451e-01
   outer loop
     vertex 4.731113740396e-01 1.310000000000e+01 2.804739341800e-01
     vertex 3.557336678557e-01 1.300000000000e+01 2.755967299405e-01
     vertex 3.189125548230e-01 1.300000000000e+01 3.174819402364e-01
   endloop
 endfacet
 facet normal -5.057850317908e-01 7.392445796930e-01 -4.446335041480e-01
   outer loop
     vertex 5.591316238650e-01 1.320000000000e+01 3.314691949400e-01
     vertex 5.315209247050e-01 1.330000000000e+01 5.291365670606e-01
     vertex 5.928894464262e-01 1.330000000000e+01 4.593278832342e-01
   endloop
 endfacet
 facet normal -5.853040942211e-01 7.064263769141e-01 -3.979709678961e-01
   outer loop
     vertex 5.591316238650e-01 1.320000000000e+01 3.314691949400e-01
     vertex 5.928894464262e-01 1.330000000000e+01 4.593278832342e-01
     vertex 6.451518736903e-01 1.330000000000e+01 3.824644557000e-01
   endloop
 endfacet
 facet normal -6.300353742878e-01 7.064263769141e-01 -3.225169780742e-01
   outer loop
     vertex 5.591316238650e-01 1.320000000000e+01 3.314691949400e-01
     vertex 6.451518736903e-01 1.330000000000e+01 3.824644557000e-01
     vertex 6.875055162113e-01 1.330000000000e+01 2.997268175840e-01
   endloop
 endfacet
 facet normal -5.611319624122e-01 7.043759982657e-01 -4.347244803627e-01
   outer loop
     vertex 5.591316238650e-01 1.320000000000e+01 3.314691949400e-01
     vertex 3.189125548230e-01 1.300000000000e+01 3.174819402364e-01
     vertex 5.315209247050e-01 1.330000000000e+01 5.291365670606e-01
   endloop
 endfacet
 facet normal -5.611319624122e-01 7.043759982656e-01 -4.347244803629e-01
   outer loop
     vertex 5.591316238650e-01 1.320000000000e+01 3.314691949400e-01
     vertex 4.731113740396e-01 1.310000000000e+01 2.804739341800e-01
     vertex 3.189125548230e-01 1.300000000000e+01 3.174819402364e-01
   endloop
 endfacet
 facet normal -6.620163540909e-01 6.916906983491e-01 -2.886144915515e-01
   outer loop
     vertex 5.274865721754e-01 1.310000000000e+01 1.557495302552e-01
     vertex 4.125033097268e-01 1.300000000000e+01 1.798360905504e-01
     vertex 4.731113740396e-01 1.310000000000e+01 2.804739341800e-01
   endloop
 endfacet
 facet normal -6.899296968588e-01 7.064263769148e-01 -1.579835035420e-01
   outer loop
     vertex 5.274865721754e-01 1.310000000000e+01 1.557495302552e-01
     vertex 4.440279684443e-01 1.300000000000e+01 7.306957806956e-02
     vertex 4.315799226889e-01 1.300000000000e+01 1.274314338452e-01
   endloop
 endfacet
 facet normal -6.650900415145e-01 7.064263769148e-01 -2.421095014190e-01
   outer loop
     vertex 5.274865721754e-01 1.310000000000e+01 1.557495302552e-01
     vertex 4.315799226889e-01 1.300000000000e+01 1.274314338452e-01
     vertex 4.125033097268e-01 1.300000000000e+01 1.798360905504e-01
   endloop
 endfacet
 facet normal -6.506800244236e-01 7.043759982656e-01 -2.836722737305e-01
   outer loop
     vertex 6.233932216618e-01 1.320000000000e+01 1.840676266652e-01
     vertex 5.274865721754e-01 1.310000000000e+01 1.557495302552e-01
     vertex 4.731113740396e-01 1.310000000000e+01 2.804739341800e-01
   endloop
 endfacet
 facet normal -6.322154282395e-01 7.241104519091e-01 -2.756223970070e-01
   outer loop
     vertex 6.233932216618e-01 1.320000000000e+01 1.840676266652e-01
     vertex 5.591316238650e-01 1.320000000000e+01 3.314691949400e-01
     vertex 6.875055162113e-01 1.330000000000e+01 2.997268175840e-01
   endloop
 endfacet
 facet normal -6.650900415151e-01 7.064263769141e-01 -2.421095014192e-01
   outer loop
     vertex 6.233932216618e-01 1.320000000000e+01 1.840676266652e-01
     vertex 6.875055162113e-01 1.330000000000e+01 2.997268175840e-01
     vertex 7.192998711482e-01 1.330000000000e+01 2.123857230753e-01
   endloop
 endfacet
 facet normal -6.899296968595e-01 7.064263769141e-01 -1.579835035421e-01
   outer loop
     vertex 6.233932216618e-01 1.320000000000e+01 1.840676266652e-01
     vertex 7.192998711482e-01 1.330000000000e+01 2.123857230753e-01
     vertex 7.400466140738e-01 1.330000000000e+01 1.217826301159e-01
   endloop
 endfacet
 facet normal -6.506800244236e-01 7.043759982656e-01 -2.836722737305e-01
   outer loop
     vertex 6.233932216618e-01 1.320000000000e+01 1.840676266652e-01
     vertex 4.731113740396e-01 1.310000000000e+01 2.804739341800e-01
     vertex 5.591316238650e-01 1.320000000000e+01 3.314691949400e-01
   endloop
 endfacet
 facet normal -7.126094987663e-01 6.916906983491e-01 -1.172675576848e-01
   outer loop
     vertex 5.495798726529e-01 1.310000000000e+01 2.149333791861e-02
     vertex 4.440279684443e-01 1.300000000000e+01 7.306957806956e-02
     vertex 5.274865721754e-01 1.310000000000e+01 1.557495302552e-01
   endloop
 endfacet
 facet normal -7.076006889416e-01 7.064263769148e-01 1.621847737866e-02
   outer loop
     vertex 5.495798726529e-01 1.310000000000e+01 2.149333791861e-02
     vertex 4.483783516619e-01 1.300000000000e+01 -3.816875372497e-02
     vertex 4.496562594432e-01 1.300000000000e+01 1.758545829708e-02
   endloop
 endfacet
 facet normal -7.041728320150e-01 7.064263769148e-01 -7.143106222834e-02
   outer loop
     vertex 5.495798726529e-01 1.310000000000e+01 2.149333791861e-02
     vertex 4.496562594432e-01 1.300000000000e+01 1.758545829708e-02
     vertex 4.440279684443e-01 1.300000000000e+01 7.306957806956e-02
   endloop
 endfacet
 facet normal -7.041728320157e-01 7.064263769141e-01 -7.143106222837e-02
   outer loop
     vertex 6.495034858625e-01 1.320000000000e+01 2.540121754018e-02
     vertex 7.400466140738e-01 1.330000000000e+01 1.217826301159e-01
     vertex 7.494270990721e-01 1.330000000000e+01 2.930909716175e-02
   endloop
 endfacet
 facet normal -7.076006889423e-01 7.064263769141e-01 1.621847737873e-02
   outer loop
     vertex 6.495034858625e-01 1.320000000000e+01 2.540121754018e-02
     vertex 7.494270990721e-01 1.330000000000e+01 2.930909716175e-02
     vertex 7.472972527699e-01 1.330000000000e+01 -6.361458954167e-02
   endloop
 endfacet
 facet normal -7.004068150227e-01 7.043759982656e-01 -1.152594748255e-01
   outer loop
     vertex 6.495034858625e-01 1.320000000000e+01 2.540121754018e-02
     vertex 5.274865721754e-01 1.310000000000e+01 1.557495302552e-01
     vertex 6.233932216618e-01 1.320000000000e+01 1.840676266652e-01
   endloop
 endfacet
 facet normal -7.004068150227e-01 7.043759982656e-01 -1.152594748255e-01
   outer loop
     vertex 6.495034858625e-01 1.320000000000e+01 2.540121754018e-02
     vertex 5.495798726529e-01 1.310000000000e+01 2.149333791861e-02
     vertex 5.274865721754e-01 1.310000000000e+01 1.557495302552e-01
   endloop
 endfacet
 facet normal -6.805311026625e-01 7.241104519091e-01 -1.119887125781e-01
   outer loop
     vertex 6.495034858625e-01 1.320000000000e+01 2.540121754018e-02
     vertex 6.233932216618e-01 1.320000000000e+01 1.840676266652e-01
     vertex 7.400466140738e-01 1.330000000000e+01 1.217826301159e-01
   endloop
 endfacet
 facet normal -7.195913211390e-01 6.916906983491e-01 6.125608834013e-02
   outer loop
     vertex 5.380391772338e-01 1.310000000000e+01 -1.140782352668e-01
     vertex 4.483783516619e-01 1.300000000000e+01 -3.816875372497e-02
     vertex 5.495798726529e-01 1.310000000000e+01 2.149333791861e-02
   endloop
 endfacet
 facet normal -6.819668952188e-01 7.064263769148e-01 1.894278961100e-01
   outer loop
     vertex 5.380391772338e-01 1.310000000000e+01 -1.140782352668e-01
     vertex 4.252882182408e-01 1.300000000000e+01 -1.470711780927e-01
     vertex 4.402138722822e-01 1.300000000000e+01 -9.333673794548e-02
   endloop
 endfacet
 facet normal -7.001606197307e-01 7.064263769148e-01 1.036189199780e-01
   outer loop
     vertex 5.380391772338e-01 1.310000000000e+01 -1.140782352668e-01
     vertex 4.402138722822e-01 1.300000000000e+01 -9.333673794548e-02
     vertex 4.483783516619e-01 1.300000000000e+01 -3.816875372497e-02
   endloop
 endfacet
 facet normal -7.001606197314e-01 7.064263769141e-01 1.036189199782e-01
   outer loop
     vertex 6.358644821854e-01 1.320000000000e+01 -1.348197325880e-01
     vertex 7.472972527699e-01 1.330000000000e+01 -6.361458954167e-02
     vertex 7.336897871370e-01 1.330000000000e+01 -1.555612299092e-01
   endloop
 endfacet
 facet normal -6.819668952195e-01 7.064263769141e-01 1.894278961102e-01
   outer loop
     vertex 6.358644821854e-01 1.320000000000e+01 -1.348197325880e-01
     vertex 7.336897871370e-01 1.330000000000e+01 -1.555612299092e-01
     vertex 7.088136970680e-01 1.330000000000e+01 -2.451186301545e-01
   endloop
 endfacet
 facet normal -7.072690810738e-01 7.043759982656e-01 6.020714263470e-02
   outer loop
     vertex 6.358644821854e-01 1.320000000000e+01 -1.348197325880e-01
     vertex 5.495798726529e-01 1.310000000000e+01 2.149333791861e-02
     vertex 6.495034858625e-01 1.320000000000e+01 2.540121754018e-02
   endloop
 endfacet
 facet normal -6.871986355626e-01 7.241104519091e-01 5.849862149617e-02
   outer loop
     vertex 6.358644821854e-01 1.320000000000e+01 -1.348197325880e-01
     vertex 6.495034858625e-01 1.320000000000e+01 2.540121754018e-02
     vertex 7.472972527699e-01 1.330000000000e+01 -6.361458954167e-02
   endloop
 endfacet
 facet normal -7.072690810739e-01 7.043759982656e-01 6.020714263470e-02
   outer loop
     vertex 6.358644821854e-01 1.320000000000e+01 -1.348197325880e-01
     vertex 5.380391772338e-01 1.310000000000e+01 -1.140782352668e-01
     vertex 5.495798726529e-01 1.310000000000e+01 2.149333791861e-02
   endloop
 endfacet
 facet normal -6.825345373933e-01 6.916906983491e-01 2.360308943394e-01
   outer loop
     vertex 4.935707703396e-01 1.310000000000e+01 -2.426682811296e-01
     vertex 4.252882182408e-01 1.300000000000e+01 -1.470711780927e-01
     vertex 5.380391772338e-01 1.310000000000e+01 -1.140782352668e-01
   endloop
 endfacet
 facet normal -6.145970902323e-01 7.064263769148e-01 3.510444283520e-01
   outer loop
     vertex 4.935707703396e-01 1.310000000000e+01 -2.426682811296e-01
     vertex 3.761706720650e-01 1.300000000000e+01 -2.469729245851e-01
     vertex 4.038306302779e-01 1.300000000000e+01 -1.985467754696e-01
   endloop
 endfacet
 facet normal -6.532989499194e-01 7.064263769148e-01 2.723274793944e-01
   outer loop
     vertex 4.935707703396e-01 1.310000000000e+01 -2.426682811296e-01
     vertex 4.038306302779e-01 1.300000000000e+01 -1.985467754696e-01
     vertex 4.252882182408e-01 1.300000000000e+01 -1.470711780927e-01
   endloop
 endfacet
 facet normal -6.708468555446e-01 7.043759982656e-01 2.319891149886e-01
   outer loop
     vertex 5.833109104014e-01 1.320000000000e+01 -2.867897867895e-01
     vertex 5.380391772338e-01 1.310000000000e+01 -1.140782352668e-01
     vertex 6.358644821854e-01 1.320000000000e+01 -1.348197325880e-01
   endloop
 endfacet
 facet normal -6.518099774724e-01 7.241104519091e-01 2.254058710491e-01
   outer loop
     vertex 5.833109104014e-01 1.320000000000e+01 -2.867897867895e-01
     vertex 6.358644821854e-01 1.320000000000e+01 -1.348197325880e-01
     vertex 7.088136970680e-01 1.330000000000e+01 -2.451186301545e-01
   endloop
 endfacet
 facet normal -6.532989499200e-01 7.064263769141e-01 2.723274793948e-01
   outer loop
     vertex 5.833109104014e-01 1.320000000000e+01 -2.867897867895e-01
     vertex 7.088136970680e-01 1.330000000000e+01 -2.451186301545e-01
     vertex 6.730510504631e-01 1.330000000000e+01 -3.309112924494e-01
   endloop
 endfacet
 facet normal -6.145970902329e-01 7.064263769141e-01 3.510444283525e-01
   outer loop
     vertex 5.833109104014e-01 1.320000000000e+01 -2.867897867895e-01
     vertex 6.730510504631e-01 1.330000000000e+01 -3.309112924494e-01
     vertex 6.269511201083e-01 1.330000000000e+01 -4.116215409753e-01
   endloop
 endfacet
 facet normal -6.708468555446e-01 7.043759982656e-01 2.319891149886e-01
   outer loop
     vertex 5.833109104014e-01 1.320000000000e+01 -2.867897867895e-01
     vertex 4.935707703396e-01 1.310000000000e+01 -2.426682811296e-01
     vertex 5.380391772338e-01 1.310000000000e+01 -1.140782352668e-01
   endloop
 endfacet
 facet normal -6.037070029846e-01 6.916906983491e-01 3.963607351450e-01
   outer loop
     vertex 4.188960948204e-01 1.310000000000e+01 -3.564071572574e-01
     vertex 3.761706720650e-01 1.300000000000e+01 -2.469729245851e-01
     vertex 4.935707703396e-01 1.310000000000e+01 -2.426682811296e-01
   endloop
 endfacet
 facet normal -5.096142702147e-01 7.064263769148e-01 4.911772282920e-01
   outer loop
     vertex 4.188960948204e-01 1.310000000000e+01 -3.564071572574e-01
     vertex 3.040316808361e-01 1.300000000000e+01 -3.317600594526e-01
     vertex 3.427331684894e-01 1.300000000000e+01 -2.916058559378e-01
   endloop
 endfacet
 facet normal -5.664557318487e-01 7.064263769148e-01 4.243697419171e-01
   outer loop
     vertex 4.188960948204e-01 1.310000000000e+01 -3.564071572574e-01
     vertex 3.427331684894e-01 1.300000000000e+01 -2.916058559378e-01
     vertex 3.761706720650e-01 1.300000000000e+01 -2.469729245851e-01
   endloop
 endfacet
 facet normal -5.933691592652e-01 7.043759982656e-01 3.895734768952e-01
   outer loop
     vertex 4.950590211514e-01 1.320000000000e+01 -4.212084585769e-01
     vertex 4.188960948204e-01 1.310000000000e+01 -3.564071572574e-01
     vertex 4.935707703396e-01 1.310000000000e+01 -2.426682811296e-01
   endloop
 endfacet
 facet normal -5.664557318493e-01 7.064263769141e-01 4.243697419176e-01
   outer loop
     vertex 4.950590211514e-01 1.320000000000e+01 -4.212084585769e-01
     vertex 6.269511201083e-01 1.330000000000e+01 -4.116215409753e-01
     vertex 5.712219474823e-01 1.330000000000e+01 -4.860097598963e-01
   endloop
 endfacet
 facet normal -5.096142702151e-01 7.064263769141e-01 4.911772282926e-01
   outer loop
     vertex 4.950590211514e-01 1.320000000000e+01 -4.212084585769e-01
     vertex 5.712219474823e-01 1.330000000000e+01 -4.860097598963e-01
     vertex 5.067194680600e-01 1.330000000000e+01 -5.529334324211e-01
   endloop
 endfacet
 facet normal -5.765308954448e-01 7.241104519091e-01 3.785184011823e-01
   outer loop
     vertex 4.950590211514e-01 1.320000000000e+01 -4.212084585769e-01
     vertex 5.833109104014e-01 1.320000000000e+01 -2.867897867895e-01
     vertex 6.269511201083e-01 1.330000000000e+01 -4.116215409753e-01
   endloop
 endfacet
 facet normal -5.933691592652e-01 7.043759982656e-01 3.895734768952e-01
   outer loop
     vertex 4.950590211514e-01 1.320000000000e+01 -4.212084585769e-01
     vertex 4.935707703396e-01 1.310000000000e+01 -2.426682811296e-01
     vertex 5.833109104014e-01 1.320000000000e+01 -2.867897867895e-01
   endloop
 endfacet
 facet normal -4.879329210921e-01 6.916906983491e-01 5.324335097754e-01
   outer loop
     vertex 3.185852011000e-01 1.310000000000e+01 -4.483341049263e-01
     vertex 3.040316808361e-01 1.300000000000e+01 -3.317600594526e-01
     vertex 4.188960948204e-01 1.310000000000e+01 -3.564071572574e-01
   endloop
 endfacet
 facet normal -3.734433279129e-01 7.064263769148e-01 6.012502431071e-01
   outer loop
     vertex 3.185852011000e-01 1.310000000000e+01 -4.483341049263e-01
     vertex 2.132861124479e-01 1.300000000000e+01 -3.962436551377e-01
     vertex 2.606606190819e-01 1.300000000000e+01 -3.668188131215e-01
   endloop
 endfacet
 facet normal -4.449457242747e-01 7.064263769148e-01 5.504408019476e-01
   outer loop
     vertex 3.185852011000e-01 1.310000000000e+01 -4.483341049263e-01
     vertex 2.606606190819e-01 1.300000000000e+01 -3.668188131215e-01
     vertex 3.040316808361e-01 1.300000000000e+01 -3.317600594526e-01
   endloop
 endfacet
 facet normal -4.795775860391e-01 7.043759982656e-01 5.233161492217e-01
   outer loop
     vertex 3.185852011000e-01 1.310000000000e+01 -4.483341049263e-01
     vertex 4.188960948204e-01 1.310000000000e+01 -3.564071572574e-01
     vertex 4.950590211514e-01 1.320000000000e+01 -4.212084585769e-01
   endloop
 endfacet
 facet normal -4.659684292604e-01 7.241104519091e-01 5.084658064891e-01
   outer loop
     vertex 3.765097831182e-01 1.320000000000e+01 -5.298493967311e-01
     vertex 4.950590211514e-01 1.320000000000e+01 -4.212084585769e-01
     vertex 5.067194680600e-01 1.330000000000e+01 -5.529334324211e-01
   endloop
 endfacet
 facet normal -4.795775860391e-01 7.043759982656e-01 5.233161492217e-01
   outer loop
     vertex 3.765097831182e-01 1.320000000000e+01 -5.298493967311e-01
     vertex 3.185852011000e-01 1.310000000000e+01 -4.483341049263e-01
     vertex 4.950590211514e-01 1.320000000000e+01 -4.212084585769e-01
   endloop
 endfacet
 facet normal -4.449457242751e-01 7.064263769141e-01 5.504408019482e-01
   outer loop
     vertex 3.765097831182e-01 1.320000000000e+01 -5.298493967311e-01
     vertex 5.067194680600e-01 1.330000000000e+01 -5.529334324211e-01
     vertex 4.344343651364e-01 1.330000000000e+01 -6.113646885359e-01
   endloop
 endfacet
 facet normal -3.734433279132e-01 7.064263769141e-01 6.012502431078e-01
   outer loop
     vertex 3.765097831182e-01 1.320000000000e+01 -5.298493967311e-01
     vertex 4.344343651364e-01 1.330000000000e+01 -6.113646885359e-01
     vertex 3.554768540797e-01 1.330000000000e+01 -6.604060918962e-01
   endloop
 endfacet
 facet normal -2.144178525693e-01 7.064263769148e-01 6.745270628363e-01
   outer loop
     vertex 1.987770625210e-01 1.310000000000e+01 -5.128232438332e-01
     vertex 1.094875474202e-01 1.300000000000e+01 -4.364773498819e-01
     vertex 1.626357784264e-01 1.300000000000e+01 -4.195826540452e-01
   endloop
 endfacet
 facet normal -2.962052750322e-01 7.064263769148e-01 6.428251776667e-01
   outer loop
     vertex 1.987770625210e-01 1.310000000000e+01 -5.128232438332e-01
     vertex 1.626357784264e-01 1.300000000000e+01 -4.195826540452e-01
     vertex 2.132861124479e-01 1.300000000000e+01 -3.962436551377e-01
   endloop
 endfacet
 facet normal -3.422976039500e-01 6.916906983491e-01 6.359216367977e-01
   outer loop
     vertex 1.987770625210e-01 1.310000000000e+01 -5.128232438332e-01
     vertex 2.132861124479e-01 1.300000000000e+01 -3.962436551377e-01
     vertex 3.185852011000e-01 1.310000000000e+01 -4.483341049263e-01
   endloop
 endfacet
 facet normal -3.268889430440e-01 7.241104519091e-01 6.072953748808e-01
   outer loop
     vertex 2.349183466158e-01 1.320000000000e+01 -6.060638336210e-01
     vertex 3.765097831182e-01 1.320000000000e+01 -5.298493967311e-01
     vertex 3.554768540797e-01 1.330000000000e+01 -6.604060918962e-01
   endloop
 endfacet
 facet normal -3.364361196245e-01 7.043759982656e-01 6.250321515565e-01
   outer loop
     vertex 2.349183466158e-01 1.320000000000e+01 -6.060638336210e-01
     vertex 3.185852011000e-01 1.310000000000e+01 -4.483341049263e-01
     vertex 3.765097831182e-01 1.320000000000e+01 -5.298493967311e-01
   endloop
 endfacet
 facet normal -3.364361196245e-01 7.043759982656e-01 6.250321515565e-01
   outer loop
     vertex 2.349183466158e-01 1.320000000000e+01 -6.060638336210e-01
     vertex 1.987770625210e-01 1.310000000000e+01 -5.128232438332e-01
     vertex 3.185852011000e-01 1.310000000000e+01 -4.483341049263e-01
   endloop
 endfacet
 facet normal -2.962052750324e-01 7.064263769141e-01 6.428251776674e-01
   outer loop
     vertex 2.349183466158e-01 1.320000000000e+01 -6.060638336210e-01
     vertex 3.554768540797e-01 1.330000000000e+01 -6.604060918962e-01
     vertex 2.710596307105e-01 1.330000000000e+01 -6.993044234088e-01
   endloop
 endfacet
 facet normal -2.144178525694e-01 7.064263769141e-01 6.745270628371e-01
   outer loop
     vertex 2.349183466158e-01 1.320000000000e+01 -6.060638336210e-01
     vertex 2.710596307105e-01 1.330000000000e+01 -6.993044234088e-01
     vertex 1.824792457002e-01 1.330000000000e+01 -7.274622498032e-01
   endloop
 endfacet
 facet normal -4.227011869280e-02 7.064263769148e-01 7.065231850865e-01
   outer loop
     vertex 6.680387344101e-02 1.310000000000e+01 -5.459278729771e-01
     vertex -1.011597275492e-03 1.300000000000e+01 -4.499988629663e-01
     vertex 5.465771463364e-02 1.300000000000e+01 -4.466682597085e-01
   endloop
 endfacet
 facet normal -1.293372205030e-01 7.064263769148e-01 6.958689944175e-01
   outer loop
     vertex 6.680387344101e-02 1.310000000000e+01 -5.459278729771e-01
     vertex 5.465771463364e-02 1.300000000000e+01 -4.466682597085e-01
     vertex 1.094875474202e-01 1.300000000000e+01 -4.364773498819e-01
   endloop
 endfacet
 facet normal -1.757138555068e-01 6.916906983491e-01 7.004916978810e-01
   outer loop
     vertex 6.680387344101e-02 1.310000000000e+01 -5.459278729771e-01
     vertex 1.094875474202e-01 1.300000000000e+01 -4.364773498819e-01
     vertex 1.987770625210e-01 1.310000000000e+01 -5.128232438332e-01
   endloop
 endfacet
 facet normal -1.727049416321e-01 7.043759982656e-01 6.884965186572e-01
   outer loop
     vertex 7.895003224846e-02 1.320000000000e+01 -6.451874862457e-01
     vertex 1.987770625210e-01 1.310000000000e+01 -5.128232438332e-01
     vertex 2.349183466158e-01 1.320000000000e+01 -6.060638336210e-01
   endloop
 endfacet
 facet normal -1.293372205029e-01 7.064263769141e-01 6.958689944182e-01
   outer loop
     vertex 7.895003224846e-02 1.320000000000e+01 -6.451874862457e-01
     vertex 1.824792457002e-01 1.330000000000e+01 -7.274622498032e-01
     vertex 9.109619105592e-02 1.330000000000e+01 -7.444470995142e-01
   endloop
 endfacet
 facet normal -4.227011869271e-02 7.064263769141e-01 7.065231850872e-01
   outer loop
     vertex 7.895003224846e-02 1.320000000000e+01 -6.451874862457e-01
     vertex 9.109619105592e-02 1.330000000000e+01 -7.444470995142e-01
     vertex -1.685995459307e-03 1.330000000000e+01 -7.499981049438e-01
   endloop
 endfacet
 facet normal -1.678040273785e-01 7.241104519091e-01 6.689587893373e-01
   outer loop
     vertex 7.895003224846e-02 1.320000000000e+01 -6.451874862457e-01
     vertex 2.349183466158e-01 1.320000000000e+01 -6.060638336210e-01
     vertex 1.824792457002e-01 1.330000000000e+01 -7.274622498032e-01
   endloop
 endfacet
 facet normal -1.727049416321e-01 7.043759982656e-01 6.884965186572e-01
   outer loop
     vertex 7.895003224846e-02 1.320000000000e+01 -6.451874862457e-01
     vertex 6.680387344101e-02 1.310000000000e+01 -5.459278729771e-01
     vertex 1.987770625210e-01 1.310000000000e+01 -5.128232438332e-01
   endloop
 endfacet
 facet normal 1.324645239651e-01 7.064263769148e-01 6.952804641939e-01
   outer loop
     vertex -6.925767716205e-02 1.310000000000e+01 -5.456220066623e-01
     vertex -1.114488327560e-01 1.300000000000e+01 -4.359806849820e-01
     vertex -5.666537222339e-02 1.300000000000e+01 -4.464180054509e-01
   endloop
 endfacet
 facet normal 4.544620312935e-02 7.064263769148e-01 7.063259988279e-01
   outer loop
     vertex -6.925767716205e-02 1.310000000000e+01 -5.456220066623e-01
     vertex -5.666537222339e-02 1.300000000000e+01 -4.464180054509e-01
     vertex -1.011597275492e-03 1.300000000000e+01 -4.499988629663e-01
   endloop
 endfacet
 facet normal 1.623487434893e-03 6.916906983491e-01 7.221920396306e-01
   outer loop
     vertex -6.925767716205e-02 1.310000000000e+01 -5.456220066623e-01
     vertex -1.011597275492e-03 1.300000000000e+01 -4.499988629663e-01
     vertex 6.680387344101e-02 1.310000000000e+01 -5.459278729771e-01
   endloop
 endfacet
 facet normal 1.595686930179e-03 7.043759982656e-01 7.098252650128e-01
   outer loop
     vertex -8.184998210061e-02 1.320000000000e+01 -6.448260078736e-01
     vertex -6.925767716205e-02 1.310000000000e+01 -5.456220066623e-01
     vertex 6.680387344101e-02 1.310000000000e+01 -5.459278729771e-01
   endloop
 endfacet
 facet normal 1.595686930180e-03 7.043759982656e-01 7.098252650128e-01
   outer loop
     vertex -8.184998210061e-02 1.320000000000e+01 -6.448260078736e-01
     vertex 6.680387344101e-02 1.310000000000e+01 -5.459278729771e-01
     vertex 7.895003224846e-02 1.320000000000e+01 -6.451874862457e-01
   endloop
 endfacet
 facet normal 1.550405511209e-03 7.241104519091e-01 6.896822816912e-01
   outer loop
     vertex -8.184998210061e-02 1.320000000000e+01 -6.448260078736e-01
     vertex 7.895003224846e-02 1.320000000000e+01 -6.451874862457e-01
     vertex -1.685995459307e-03 1.330000000000e+01 -7.499981049438e-01
   endloop
 endfacet
 facet normal 4.544620312954e-02 7.064263769141e-01 7.063259988286e-01
   outer loop
     vertex -8.184998210061e-02 1.320000000000e+01 -6.448260078736e-01
     vertex -1.685995459307e-03 1.330000000000e+01 -7.499981049438e-01
     vertex -9.444228703915e-02 1.330000000000e+01 -7.440300090849e-01
   endloop
 endfacet
 facet normal 1.324645239654e-01 7.064263769141e-01 6.952804641946e-01
   outer loop
     vertex -8.184998210061e-02 1.320000000000e+01 -6.448260078736e-01
     vertex -9.444228703915e-02 1.330000000000e+01 -7.440300090849e-01
     vertex -1.857480545934e-01 1.330000000000e+01 -7.266344749699e-01
   endloop
 endfacet
 facet normal 2.990924082114e-01 7.064263769148e-01 6.414869486975e-01
   outer loop
     vertex -2.010806947595e-01 1.310000000000e+01 -5.119243637444e-01
     vertex -2.150654589490e-01 1.300000000000e+01 -3.952807209655e-01
     vertex -1.645205684395e-01 1.300000000000e+01 -4.188472067000e-01
   endloop
 endfacet
 facet normal 2.174483433020e-01 7.064263769148e-01 6.735562277897e-01
   outer loop
     vertex -2.010806947595e-01 1.310000000000e+01 -5.119243637444e-01
     vertex -1.645205684395e-01 1.300000000000e+01 -4.188472067000e-01
     vertex -1.114488327560e-01 1.300000000000e+01 -4.359806849820e-01
   endloop
 endfacet
 facet normal 1.788614738091e-01 6.916906983491e-01 6.996946126734e-01
   outer loop
     vertex -2.010806947595e-01 1.310000000000e+01 -5.119243637444e-01
     vertex -1.114488327560e-01 1.300000000000e+01 -4.359806849820e-01
     vertex -6.925767716205e-02 1.310000000000e+01 -5.456220066623e-01
   endloop
 endfacet
 facet normal 1.757986603010e-01 7.043759982656e-01 6.877130826905e-01
   outer loop
     vertex -2.376408210794e-01 1.320000000000e+01 -6.050015207888e-01
     vertex -2.010806947595e-01 1.310000000000e+01 -5.119243637444e-01
     vertex -6.925767716205e-02 1.310000000000e+01 -5.456220066623e-01
   endloop
 endfacet
 facet normal 2.174483433024e-01 7.064263769141e-01 6.735562277903e-01
   outer loop
     vertex -2.376408210794e-01 1.320000000000e+01 -6.050015207888e-01
     vertex -1.857480545934e-01 1.330000000000e+01 -7.266344749699e-01
     vertex -2.742009473993e-01 1.330000000000e+01 -6.980786778332e-01
   endloop
 endfacet
 facet normal 2.990924082119e-01 7.064263769141e-01 6.414869486982e-01
   outer loop
     vertex -2.376408210794e-01 1.320000000000e+01 -6.050015207888e-01
     vertex -2.742009473993e-01 1.330000000000e+01 -6.980786778332e-01
     vertex -3.584424315819e-01 1.330000000000e+01 -6.588012016091e-01
   endloop
 endfacet
 facet normal 1.757986603010e-01 7.043759982656e-01 6.877130826905e-01
   outer loop
     vertex -2.376408210794e-01 1.320000000000e+01 -6.050015207888e-01
     vertex -6.925767716205e-02 1.310000000000e+01 -5.456220066623e-01
     vertex -8.184998210061e-02 1.320000000000e+01 -6.448260078736e-01
   endloop
 endfacet
 facet normal 1.708099544082e-01 7.241104519091e-01 6.681975852329e-01
   outer loop
     vertex -2.376408210794e-01 1.320000000000e+01 -6.050015207888e-01
     vertex -8.184998210061e-02 1.320000000000e+01 -6.448260078736e-01
     vertex -1.857480545934e-01 1.330000000000e+01 -7.266344749699e-01
   endloop
 endfacet
 facet normal 4.474159961561e-01 7.064263769148e-01 5.484347731341e-01
   outer loop
     vertex -3.205976807881e-01 1.310000000000e+01 -4.468972220470e-01
     vertex -3.055201934432e-01 1.300000000000e+01 -3.303897870674e-01
     vertex -2.623071933720e-01 1.300000000000e+01 -3.656431816748e-01
   endloop
 endfacet
 facet normal 3.761427605207e-01 7.064263769148e-01 5.995651738610e-01
   outer loop
     vertex -3.205976807881e-01 1.310000000000e+01 -4.468972220470e-01
     vertex -2.623071933720e-01 1.300000000000e+01 -3.656431816748e-01
     vertex -2.150654589490e-01 1.300000000000e+01 -3.952807209655e-01
   endloop
 endfacet
 facet normal 3.451532331188e-01 6.916906983491e-01 6.343762475731e-01
   outer loop
     vertex -3.205976807881e-01 1.310000000000e+01 -4.468972220470e-01
     vertex -2.150654589490e-01 1.300000000000e+01 -3.952807209655e-01
     vertex -2.010806947595e-01 1.310000000000e+01 -5.119243637444e-01
   endloop
 endfacet
 facet normal 3.296160249456e-01 7.241104519091e-01 6.058195519584e-01
   outer loop
     vertex -3.788881682042e-01 1.320000000000e+01 -5.281512624192e-01
     vertex -2.376408210794e-01 1.320000000000e+01 -6.050015207888e-01
     vertex -3.584424315819e-01 1.330000000000e+01 -6.588012016091e-01
   endloop
 endfacet
 facet normal 3.761427605212e-01 7.064263769141e-01 5.995651738615e-01
   outer loop
     vertex -3.788881682042e-01 1.320000000000e+01 -5.281512624192e-01
     vertex -3.584424315819e-01 1.330000000000e+01 -6.588012016091e-01
     vertex -4.371786556202e-01 1.330000000000e+01 -6.094053027913e-01
   endloop
 endfacet
 facet normal 4.474159961567e-01 7.064263769141e-01 5.484347731346e-01
   outer loop
     vertex -3.788881682042e-01 1.320000000000e+01 -5.281512624192e-01
     vertex -4.371786556202e-01 1.330000000000e+01 -6.094053027913e-01
     vertex -5.092003224054e-01 1.330000000000e+01 -5.506496451122e-01
   endloop
 endfacet
 facet normal 3.392428491650e-01 7.043759982656e-01 6.235132254874e-01
   outer loop
     vertex -3.788881682042e-01 1.320000000000e+01 -5.281512624192e-01
     vertex -3.205976807881e-01 1.310000000000e+01 -4.468972220470e-01
     vertex -2.010806947595e-01 1.310000000000e+01 -5.119243637444e-01
   endloop
 endfacet
 facet normal 3.392428491650e-01 7.043759982656e-01 6.235132254874e-01
   outer loop
     vertex -3.788881682042e-01 1.320000000000e+01 -5.281512624192e-01
     vertex -2.010806947595e-01 1.310000000000e+01 -5.119243637444e-01
     vertex -2.376408210794e-01 1.320000000000e+01 -6.050015207888e-01
   endloop
 endfacet
 facet normal 5.683579631070e-01 7.064263769148e-01 4.218186811556e-01
   outer loop
     vertex -4.204942592716e-01 1.310000000000e+01 -3.545202080554e-01
     vertex -3.772772545982e-01 1.300000000000e+01 -2.452791739281e-01
     vertex -3.440407575858e-01 1.300000000000e+01 -2.900619884090e-01
   endloop
 endfacet
 facet normal 5.118174408579e-01 7.064263769147e-01 4.888810501879e-01
   outer loop
     vertex -4.204942592716e-01 1.310000000000e+01 -3.545202080554e-01
     vertex -3.440407575858e-01 1.300000000000e+01 -2.900619884090e-01
     vertex -3.055201934432e-01 1.300000000000e+01 -3.303897870674e-01
   endloop
 endfacet
 facet normal 4.903217981412e-01 6.916906983491e-01 5.302343935326e-01
   outer loop
     vertex -4.204942592716e-01 1.310000000000e+01 -3.545202080554e-01
     vertex -3.055201934432e-01 1.300000000000e+01 -3.303897870674e-01
     vertex -3.205976807881e-01 1.310000000000e+01 -4.468972220470e-01
   endloop
 endfacet
 facet normal 4.819255560961e-01 7.043759982656e-01 5.211546905179e-01
   outer loop
     vertex -4.204942592716e-01 1.310000000000e+01 -3.545202080554e-01
     vertex -3.205976807881e-01 1.310000000000e+01 -4.468972220470e-01
     vertex -3.788881682042e-01 1.320000000000e+01 -5.281512624192e-01
   endloop
 endfacet
 facet normal 4.682497700721e-01 7.241104519091e-01 5.063656843265e-01
   outer loop
     vertex -4.969477609574e-01 1.320000000000e+01 -4.189784277018e-01
     vertex -3.788881682042e-01 1.320000000000e+01 -5.281512624192e-01
     vertex -5.092003224054e-01 1.330000000000e+01 -5.506496451122e-01
   endloop
 endfacet
 facet normal 5.118174408585e-01 7.064263769141e-01 4.888810501882e-01
   outer loop
     vertex -4.969477609574e-01 1.320000000000e+01 -4.189784277018e-01
     vertex -5.092003224054e-01 1.330000000000e+01 -5.506496451122e-01
     vertex -5.734012626431e-01 1.330000000000e+01 -4.834366473482e-01
   endloop
 endfacet
 facet normal 5.683579631077e-01 7.064263769141e-01 4.218186811559e-01
   outer loop
     vertex -4.969477609574e-01 1.320000000000e+01 -4.189784277018e-01
     vertex -5.734012626431e-01 1.330000000000e+01 -4.834366473482e-01
     vertex -6.287954243305e-01 1.330000000000e+01 -4.087986232132e-01
   endloop
 endfacet
 facet normal 4.819255560961e-01 7.043759982656e-01 5.211546905179e-01
   outer loop
     vertex -4.969477609574e-01 1.320000000000e+01 -4.189784277018e-01
     vertex -4.204942592716e-01 1.310000000000e+01 -3.545202080554e-01
     vertex -3.788881682042e-01 1.320000000000e+01 -5.281512624192e-01
   endloop
 endfacet
 facet normal 6.545167250132e-01 7.064263769148e-01 2.693875102468e-01
   outer loop
     vertex -4.946568127396e-01 1.310000000000e+01 -2.404467458926e-01
     vertex -4.259451484376e-01 1.300000000000e+01 -1.451576058030e-01
     vertex -4.047192104232e-01 1.300000000000e+01 -1.967291557304e-01
   endloop
 endfacet
 facet normal 6.161691660393e-01 7.064263769147e-01 3.482776662687e-01
   outer loop
     vertex -4.946568127396e-01 1.310000000000e+01 -2.404467458926e-01
     vertex -4.047192104232e-01 1.300000000000e+01 -1.967291557304e-01
     vertex -3.772772545982e-01 1.300000000000e+01 -2.452791739281e-01
   endloop
 endfacet
 facet normal 6.054829299091e-01 6.916906983491e-01 3.936424766282e-01
   outer loop
     vertex -4.946568127396e-01 1.310000000000e+01 -2.404467458926e-01
     vertex -3.772772545982e-01 1.300000000000e+01 -2.452791739281e-01
     vertex -4.204942592716e-01 1.310000000000e+01 -3.545202080554e-01
   endloop
 endfacet
 facet normal 5.951146753200e-01 7.043759982656e-01 3.869017656797e-01
   outer loop
     vertex -5.845944150559e-01 1.320000000000e+01 -2.841643360548e-01
     vertex -4.946568127396e-01 1.310000000000e+01 -2.404467458926e-01
     vertex -4.204942592716e-01 1.310000000000e+01 -3.545202080554e-01
   endloop
 endfacet
 facet normal 5.951146753200e-01 7.043759982656e-01 3.869017656797e-01
   outer loop
     vertex -5.845944150559e-01 1.320000000000e+01 -2.841643360548e-01
     vertex -4.204942592716e-01 1.310000000000e+01 -3.545202080554e-01
     vertex -4.969477609574e-01 1.320000000000e+01 -4.189784277018e-01
   endloop
 endfacet
 facet normal 6.161691660400e-01 7.064263769141e-01 3.482776662688e-01
   outer loop
     vertex -5.845944150559e-01 1.320000000000e+01 -2.841643360548e-01
     vertex -6.287954243305e-01 1.330000000000e+01 -4.087986232132e-01
     vertex -6.745320173722e-01 1.330000000000e+01 -3.278819262171e-01
   endloop
 endfacet
 facet normal 6.545167250140e-01 7.064263769141e-01 2.693875102468e-01
   outer loop
     vertex -5.845944150559e-01 1.320000000000e+01 -2.841643360548e-01
     vertex -6.745320173722e-01 1.330000000000e+01 -3.278819262171e-01
     vertex -7.099085807294e-01 1.330000000000e+01 -2.419293430049e-01
   endloop
 endfacet
 facet normal 5.782268783222e-01 7.241104519091e-01 3.759225061389e-01
   outer loop
     vertex -5.845944150559e-01 1.320000000000e+01 -2.841643360548e-01
     vertex -4.969477609574e-01 1.320000000000e+01 -4.189784277018e-01
     vertex -6.287954243305e-01 1.330000000000e+01 -4.087986232132e-01
   endloop
 endfacet
 facet normal 7.006194114721e-01 7.064263769148e-01 1.004699669923e-01
   outer loop
     vertex -5.385466323654e-01 1.310000000000e+01 -1.116580707696e-01
     vertex -4.485454257437e-01 1.300000000000e+01 -3.615246940913e-02
     vertex -4.406290628443e-01 1.300000000000e+01 -9.135660335706e-02
   endloop
 endfacet
 facet normal 6.828116659863e-01 7.064263769147e-01 1.863598744153e-01
   outer loop
     vertex -5.385466323654e-01 1.310000000000e+01 -1.116580707696e-01
     vertex -4.406290628443e-01 1.300000000000e+01 -9.135660335706e-02
     vertex -4.259451484376e-01 1.300000000000e+01 -1.451576058030e-01
   endloop
 endfacet
 facet normal 6.835888284100e-01 6.916906983491e-01 2.329598495242e-01
   outer loop
     vertex -5.385466323654e-01 1.310000000000e+01 -1.116580707696e-01
     vertex -4.259451484376e-01 1.300000000000e+01 -1.451576058030e-01
     vertex -4.946568127396e-01 1.310000000000e+01 -2.404467458926e-01
   endloop
 endfacet
 facet normal 6.718830929431e-01 7.043759982656e-01 2.289706585667e-01
   outer loop
     vertex -6.364642018863e-01 1.320000000000e+01 -1.319595381822e-01
     vertex -5.385466323654e-01 1.310000000000e+01 -1.116580707696e-01
     vertex -4.946568127396e-01 1.310000000000e+01 -2.404467458926e-01
   endloop
 endfacet
 facet normal 6.828116659870e-01 7.064263769141e-01 1.863598744153e-01
   outer loop
     vertex -6.364642018863e-01 1.320000000000e+01 -1.319595381822e-01
     vertex -7.099085807294e-01 1.330000000000e+01 -2.419293430049e-01
     vertex -7.343817714072e-01 1.330000000000e+01 -1.522610055949e-01
   endloop
 endfacet
 facet normal 7.006194114729e-01 7.064263769141e-01 1.004699669921e-01
   outer loop
     vertex -6.364642018863e-01 1.320000000000e+01 -1.319595381822e-01
     vertex -7.343817714072e-01 1.330000000000e+01 -1.522610055949e-01
     vertex -7.475757095729e-01 1.330000000000e+01 -6.025411568162e-02
   endloop
 endfacet
 facet normal 6.528168091655e-01 7.241104519091e-01 2.224730705208e-01
   outer loop
     vertex -6.364642018863e-01 1.320000000000e+01 -1.319595381822e-01
     vertex -5.845944150559e-01 1.320000000000e+01 -2.841643360548e-01
     vertex -7.099085807294e-01 1.330000000000e+01 -2.419293430049e-01
   endloop
 endfacet
 facet normal 6.718830929431e-01 7.043759982656e-01 2.289706585667e-01
   outer loop
     vertex -6.364642018863e-01 1.320000000000e+01 -1.319595381822e-01
     vertex -4.946568127396e-01 1.310000000000e+01 -2.404467458926e-01
     vertex -5.845944150559e-01 1.320000000000e+01 -2.841643360548e-01
   endloop
 endfacet
 facet normal 7.198594541985e-01 6.916906983491e-01 5.802020353572e-02
   outer loop
     vertex -5.494776845318e-01 1.310000000000e+01 2.396401889597e-02
     vertex -4.485454257437e-01 1.300000000000e+01 -3.615246940913e-02
     vertex -5.385466323654e-01 1.310000000000e+01 -1.116580707696e-01
   endloop
 endfacet
 facet normal 7.038445625935e-01 7.064263769148e-01 -7.459628480432e-02
   outer loop
     vertex -5.494776845318e-01 1.310000000000e+01 2.396401889597e-02
     vertex -4.436949615661e-01 1.300000000000e+01 7.506517888391e-02
     vertex -4.495726509805e-01 1.300000000000e+01 1.960692455108e-02
   endloop
 endfacet
 facet normal 7.076664551480e-01 7.064263769147e-01 1.303695736856e-02
   outer loop
     vertex -5.494776845318e-01 1.310000000000e+01 2.396401889597e-02
     vertex -4.495726509805e-01 1.300000000000e+01 1.960692455108e-02
     vertex -4.485454257437e-01 1.300000000000e+01 -3.615246940913e-02
   endloop
 endfacet
 facet normal 7.075326226384e-01 7.043759982656e-01 5.702666893408e-02
   outer loop
     vertex -5.494776845318e-01 1.310000000000e+01 2.396401889597e-02
     vertex -5.385466323654e-01 1.310000000000e+01 -1.116580707696e-01
     vertex -6.364642018863e-01 1.320000000000e+01 -1.319595381822e-01
   endloop
 endfacet
 facet normal 7.075326226384e-01 7.043759982656e-01 5.702666893407e-02
   outer loop
     vertex -6.493827180830e-01 1.320000000000e+01 2.832111324069e-02
     vertex -5.494776845318e-01 1.310000000000e+01 2.396401889597e-02
     vertex -6.364642018863e-01 1.320000000000e+01 -1.319595381822e-01
   endloop
 endfacet
 facet normal 6.874546985072e-01 7.241104519091e-01 5.540840131549e-02
   outer loop
     vertex -6.493827180830e-01 1.320000000000e+01 2.832111324069e-02
     vertex -6.364642018863e-01 1.320000000000e+01 -1.319595381822e-01
     vertex -7.475757095729e-01 1.330000000000e+01 -6.025411568162e-02
   endloop
 endfacet
 facet normal 7.076664551486e-01 7.064263769141e-01 1.303695736832e-02
   outer loop
     vertex -6.493827180830e-01 1.320000000000e+01 2.832111324069e-02
     vertex -7.475757095729e-01 1.330000000000e+01 -6.025411568162e-02
     vertex -7.492877516342e-01 1.330000000000e+01 3.267820758540e-02
   endloop
 endfacet
 facet normal 7.038445625942e-01 7.064263769141e-01 -7.459628480465e-02
   outer loop
     vertex -6.493827180830e-01 1.320000000000e+01 2.832111324069e-02
     vertex -7.492877516342e-01 1.330000000000e+01 3.267820758540e-02
     vertex -7.394916026101e-01 1.330000000000e+01 1.251086314734e-01
   endloop
 endfacet
 facet normal 6.639948008440e-01 7.064263769148e-01 -2.450972836471e-01
   outer loop
     vertex -5.267809946603e-01 1.310000000000e+01 1.581195233510e-01
     vertex -4.116906017325e-01 1.300000000000e+01 1.816888781548e-01
     vertex -4.310026319948e-01 1.300000000000e+01 1.293705191052e-01
   endloop
 endfacet
 facet normal 6.892124336472e-01 7.064263769147e-01 -1.610838145351e-01
   outer loop
     vertex -5.267809946603e-01 1.310000000000e+01 1.581195233510e-01
     vertex -4.310026319948e-01 1.300000000000e+01 1.293705191052e-01
     vertex -4.436949615661e-01 1.300000000000e+01 7.506517888391e-02
   endloop
 endfacet
 facet normal 7.120750642679e-01 6.916906983491e-01 -1.204702480495e-01
   outer loop
     vertex -5.267809946603e-01 1.310000000000e+01 1.581195233510e-01
     vertex -4.436949615661e-01 1.300000000000e+01 7.506517888391e-02
     vertex -5.494776845318e-01 1.310000000000e+01 2.396401889597e-02
   endloop
 endfacet
 facet normal 6.998815321497e-01 7.043759982656e-01 -1.184073225061e-01
   outer loop
     vertex -6.225593573258e-01 1.320000000000e+01 1.868685275967e-01
     vertex -5.267809946603e-01 1.310000000000e+01 1.581195233510e-01
     vertex -5.494776845318e-01 1.310000000000e+01 2.396401889597e-02
   endloop
 endfacet
 facet normal 6.998815321497e-01 7.043759982656e-01 -1.184073225061e-01
   outer loop
     vertex -6.225593573258e-01 1.320000000000e+01 1.868685275967e-01
     vertex -5.494776845318e-01 1.310000000000e+01 2.396401889597e-02
     vertex -6.493827180830e-01 1.320000000000e+01 2.832111324069e-02
   endloop
 endfacet
 facet normal 6.800207259428e-01 7.241104519091e-01 -1.150472325798e-01
   outer loop
     vertex -6.225593573258e-01 1.320000000000e+01 1.868685275967e-01
     vertex -6.493827180830e-01 1.320000000000e+01 2.832111324069e-02
     vertex -7.394916026101e-01 1.330000000000e+01 1.251086314734e-01
   endloop
 endfacet
 facet normal 6.892124336478e-01 7.064263769141e-01 -1.610838145355e-01
   outer loop
     vertex -6.225593573258e-01 1.320000000000e+01 1.868685275967e-01
     vertex -7.394916026101e-01 1.330000000000e+01 1.251086314734e-01
     vertex -7.183377199913e-01 1.330000000000e+01 2.156175318423e-01
   endloop
 endfacet
 facet normal 6.639948008446e-01 7.064263769141e-01 -2.450972836476e-01
   outer loop
     vertex -6.225593573258e-01 1.320000000000e+01 1.868685275967e-01
     vertex -7.183377199913e-01 1.330000000000e+01 2.156175318423e-01
     vertex -6.861510028873e-01 1.330000000000e+01 3.028147969249e-01
   endloop
 endfacet
 facet normal 5.522429223707e-01 6.745606020019e-01 -4.898936097952e-01
   outer loop
     vertex -4.718455880992e-01 1.310000000000e+01 2.825981970774e-01
     vertex -3.174819402364e-01 1.300000000000e+01 3.189125548230e-01
     vertex -3.544909960423e-01 1.300000000000e+01 2.771933147191e-01
   endloop
 endfacet
 facet normal 5.835089104475e-01 7.064263769148e-01 -4.005984590926e-01
   outer loop
     vertex -4.718455880992e-01 1.310000000000e+01 2.825981970774e-01
     vertex -3.544909960423e-01 1.300000000000e+01 2.771933147191e-01
     vertex -3.860554811721e-01 1.300000000000e+01 2.312167066995e-01
   endloop
 endfacet
 facet normal 6.285789777847e-01 7.064263769147e-01 -3.253463426662e-01
   outer loop
     vertex -4.718455880992e-01 1.310000000000e+01 2.825981970774e-01
     vertex -3.860554811721e-01 1.300000000000e+01 2.312167066995e-01
     vertex -4.116906017325e-01 1.300000000000e+01 1.816888781548e-01
   endloop
 endfacet
 facet normal 6.607120591417e-01 6.916906983491e-01 -2.915879845296e-01
   outer loop
     vertex -4.718455880992e-01 1.310000000000e+01 2.825981970774e-01
     vertex -4.116906017325e-01 1.300000000000e+01 1.816888781548e-01
     vertex -5.267809946603e-01 1.310000000000e+01 1.581195233510e-01
   endloop
 endfacet
 facet normal 5.591717800163e-01 7.043759982656e-01 -4.372429227565e-01
   outer loop
     vertex -4.718455880992e-01 1.310000000000e+01 2.825981970774e-01
     vertex -5.291365670604e-01 1.330000000000e+01 5.315209247053e-01
     vertex -3.174819402364e-01 1.300000000000e+01 3.189125548230e-01
   endloop
 endfacet
 facet normal 5.591717800164e-01 7.043759982656e-01 -4.372429227565e-01
   outer loop
     vertex -5.576356950263e-01 1.320000000000e+01 3.339796874551e-01
     vertex -5.291365670604e-01 1.330000000000e+01 5.315209247053e-01
     vertex -4.718455880992e-01 1.310000000000e+01 2.825981970774e-01
   endloop
 endfacet
 facet normal 6.493980641455e-01 7.043759982656e-01 -2.865948487872e-01
   outer loop
     vertex -5.576356950263e-01 1.320000000000e+01 3.339796874551e-01
     vertex -4.718455880992e-01 1.310000000000e+01 2.825981970774e-01
     vertex -5.267809946603e-01 1.310000000000e+01 1.581195233510e-01
   endloop
 endfacet
 facet normal 6.493980641455e-01 7.043759982656e-01 -2.865948487872e-01
   outer loop
     vertex -5.576356950263e-01 1.320000000000e+01 3.339796874551e-01
     vertex -5.267809946603e-01 1.310000000000e+01 1.581195233510e-01
     vertex -6.225593573258e-01 1.320000000000e+01 1.868685275967e-01
   endloop
 endfacet
 facet normal 6.309698466391e-01 7.241104519091e-01 -2.784620370323e-01
   outer loop
     vertex -5.576356950263e-01 1.320000000000e+01 3.339796874551e-01
     vertex -6.225593573258e-01 1.320000000000e+01 1.868685275967e-01
     vertex -6.861510028873e-01 1.330000000000e+01 3.028147969249e-01
   endloop
 endfacet
 facet normal 6.285789777851e-01 7.064263769141e-01 -3.253463426668e-01
   outer loop
     vertex -5.576356950263e-01 1.320000000000e+01 3.339796874551e-01
     vertex -6.861510028873e-01 1.330000000000e+01 3.028147969249e-01
     vertex -6.434258019534e-01 1.330000000000e+01 3.853611778328e-01
   endloop
 endfacet
 facet normal 5.835089104480e-01 7.064263769141e-01 -4.005984590933e-01
   outer loop
     vertex -5.576356950263e-01 1.320000000000e+01 3.339796874551e-01
     vertex -6.434258019534e-01 1.330000000000e+01 3.853611778328e-01
     vertex -5.908183267370e-01 1.330000000000e+01 4.619888578654e-01
   endloop
 endfacet
 facet normal 5.037808580454e-01 7.392445796929e-01 -4.469030078906e-01
   outer loop
     vertex -5.576356950263e-01 1.320000000000e+01 3.339796874551e-01
     vertex -5.908183267370e-01 1.330000000000e+01 4.619888578654e-01
     vertex -5.291365670604e-01 1.330000000000e+01 5.315209247053e-01
   endloop
 endfacet
 facet normal -5.011227336023e-01 7.071067811865e-01 -4.988747396561e-01
   outer loop
     vertex 1.430614587231e-03 1.300000000000e+01 6.363944950593e-01
     vertex 5.315209247050e-01 1.330000000000e+01 5.291365670606e-01
     vertex 3.189125548230e-01 1.300000000000e+01 3.174819402364e-01
   endloop
 endfacet
 facet normal -5.011227336023e-01 7.071067811866e-01 -4.988747396561e-01
   outer loop
     vertex 2.384357645381e-03 1.330000000000e+01 1.060657491765e+00
     vertex 5.315209247050e-01 1.330000000000e+01 5.291365670606e-01
     vertex 1.430614587231e-03 1.300000000000e+01 6.363944950593e-01
   endloop
 endfacet
 facet normal -7.510502084253e-01 4.959750537043e-17 -6.602450942069e-01
   outer loop
     vertex 3.557336678557e-01 1.300000000000e+01 2.755967299405e-01
     vertex 3.189125548230e-01 3.000000000000e-01 3.174819402364e-01
     vertex 3.189125548230e-01 1.300000000000e+01 3.174819402364e-01
   endloop
 endfacet
 facet normal -7.510502084253e-01 1.030578422134e-16 -6.602450942069e-01
   outer loop
     vertex 3.557336678557e-01 1.300000000000e+01 2.755967299405e-01
     vertex 3.557336678557e-01 3.000000000000e-01 2.755967299405e-01
     vertex 3.189125548230e-01 3.000000000000e-01 3.174819402364e-01
   endloop
 endfacet
 facet normal -8.269500312213e-01 9.735520022489e-17 -5.622754181565e-01
   outer loop
     vertex 3.870911242142e-01 1.300000000000e+01 2.294786734200e-01
     vertex 3.870911242142e-01 3.000000000000e-01 2.294786734200e-01
     vertex 3.557336678557e-01 3.000000000000e-01 2.755967299405e-01
   endloop
 endfacet
 facet normal -8.269500312213e-01 4.408667144038e-17 -5.622754181565e-01
   outer loop
     vertex 3.870911242142e-01 1.300000000000e+01 2.294786734200e-01
     vertex 3.557336678557e-01 3.000000000000e-01 2.755967299405e-01
     vertex 3.557336678557e-01 1.300000000000e+01 2.755967299405e-01
   endloop
 endfacet
 facet normal -8.901488603650e-01 8.805189637376e-17 -4.556698436269e-01
   outer loop
     vertex 4.125033097268e-01 1.300000000000e+01 1.798360905504e-01
     vertex 4.125033097268e-01 3.000000000000e-01 1.798360905504e-01
     vertex 3.870911242142e-01 3.000000000000e-01 2.294786734200e-01
   endloop
 endfacet
 facet normal -8.901488603650e-01 4.255588423759e-17 -4.556698436269e-01
   outer loop
     vertex 4.125033097268e-01 1.300000000000e+01 1.798360905504e-01
     vertex 3.870911242142e-01 3.000000000000e-01 2.294786734200e-01
     vertex 3.870911242142e-01 1.300000000000e+01 2.294786734200e-01
   endloop
 endfacet
 facet normal -9.396760351179e-01 8.005224087689e-17 -3.420657086366e-01
   outer loop
     vertex 4.315799226889e-01 1.300000000000e+01 1.274314338452e-01
     vertex 4.315799226889e-01 3.000000000000e-01 1.274314338452e-01
     vertex 4.125033097268e-01 3.000000000000e-01 1.798360905504e-01
   endloop
 endfacet
 facet normal -9.396760351179e-01 3.520810566419e-17 -3.420657086366e-01
   outer loop
     vertex 4.315799226889e-01 1.300000000000e+01 1.274314338452e-01
     vertex 4.125033097268e-01 3.000000000000e-01 1.798360905504e-01
     vertex 4.125033097268e-01 1.300000000000e+01 1.798360905504e-01
   endloop
 endfacet
 facet normal -9.747708755015e-01 7.587079037465e-17 -2.232078409779e-01
   outer loop
     vertex 4.440279684443e-01 1.300000000000e+01 7.306957806956e-02
     vertex 4.440279684443e-01 3.000000000000e-01 7.306957806956e-02
     vertex 4.315799226889e-01 3.000000000000e-01 1.274314338452e-01
   endloop
 endfacet
 facet normal -9.747708755015e-01 3.000342917470e-17 -2.232078409779e-01
   outer loop
     vertex 4.440279684443e-01 1.300000000000e+01 7.306957806956e-02
     vertex 4.315799226889e-01 3.000000000000e-01 1.274314338452e-01
     vertex 4.315799226889e-01 1.300000000000e+01 1.274314338452e-01
   endloop
 endfacet
 facet normal -9.948943654590e-01 2.946765365373e-17 -1.009217596856e-01
   outer loop
     vertex 4.496562594432e-01 1.300000000000e+01 1.758545829708e-02
     vertex 4.440279684443e-01 3.000000000000e-01 7.306957806956e-02
     vertex 4.440279684443e-01 1.300000000000e+01 7.306957806956e-02
   endloop
 endfacet
 facet normal -9.948943654590e-01 7.921749952913e-17 -1.009217596856e-01
   outer loop
     vertex 4.496562594432e-01 1.300000000000e+01 1.758545829708e-02
     vertex 4.496562594432e-01 3.000000000000e-01 1.758545829707e-02
     vertex 4.440279684443e-01 3.000000000000e-01 7.306957806956e-02
   endloop
 endfacet
 facet normal -9.997374315172e-01 3.559080246489e-17 2.291436281940e-02
   outer loop
     vertex 4.483783516619e-01 1.300000000000e+01 -3.816875372497e-02
     vertex 4.496562594432e-01 3.000000000000e-01 1.758545829707e-02
     vertex 4.496562594432e-01 1.300000000000e+01 1.758545829708e-02
   endloop
 endfacet
 facet normal -9.997374315172e-01 6.260543447811e-17 2.291436281940e-02
   outer loop
     vertex 4.483783516619e-01 1.300000000000e+01 -3.816875372497e-02
     vertex 4.483783516619e-01 3.000000000000e-01 -3.816875372497e-02
     vertex 4.496562594432e-01 3.000000000000e-01 1.758545829707e-02
   endloop
 endfacet
 facet normal -9.892256897970e-01 2.250257188103e-17 1.463985472801e-01
   outer loop
     vertex 4.402138722822e-01 1.300000000000e+01 -9.333673794548e-02
     vertex 4.483783516619e-01 3.000000000000e-01 -3.816875372497e-02
     vertex 4.483783516619e-01 1.300000000000e+01 -3.816875372497e-02
   endloop
 endfacet
 facet normal -9.892256897970e-01 5.417127004891e-17 1.463985472801e-01
   outer loop
     vertex 4.402138722822e-01 1.300000000000e+01 -9.333673794548e-02
     vertex 4.402138722822e-01 3.000000000000e-01 -9.333673794548e-02
     vertex 4.483783516619e-01 3.000000000000e-01 -3.816875372497e-02
   endloop
 endfacet
 facet normal -9.635205884630e-01 1.775713155237e-17 2.676342197998e-01
   outer loop
     vertex 4.252882182408e-01 1.300000000000e+01 -1.470711780927e-01
     vertex 4.402138722822e-01 3.000000000000e-01 -9.333673794548e-02
     vertex 4.402138722822e-01 1.300000000000e+01 -9.333673794548e-02
   endloop
 endfacet
 facet normal -9.635205884630e-01 5.124258824950e-17 2.676342197998e-01
   outer loop
     vertex 4.252882182408e-01 1.300000000000e+01 -1.470711780927e-01
     vertex 4.252882182408e-01 3.000000000000e-01 -1.470711780927e-01
     vertex 4.402138722822e-01 3.000000000000e-01 -9.333673794548e-02
   endloop
 endfacet
 facet normal -9.230169280674e-01 1.714481667126e-17 3.847593410184e-01
   outer loop
     vertex 4.038306302779e-01 1.300000000000e+01 -1.985467754696e-01
     vertex 4.252882182408e-01 3.000000000000e-01 -1.470711780927e-01
     vertex 4.252882182408e-01 1.300000000000e+01 -1.470711780927e-01
   endloop
 endfacet
 facet normal -9.230169280674e-01 5.005992414251e-17 3.847593410184e-01
   outer loop
     vertex 4.038306302779e-01 1.300000000000e+01 -1.985467754696e-01
     vertex 4.038306302779e-01 3.000000000000e-01 -1.985467754696e-01
     vertex 4.252882182408e-01 3.000000000000e-01 -1.470711780927e-01
   endloop
 endfacet
 facet normal -8.683367978710e-01 1.959407619572e-17 4.959750048775e-01
   outer loop
     vertex 3.761706720650e-01 1.300000000000e+01 -2.469729245851e-01
     vertex 4.038306302779e-01 3.000000000000e-01 -1.985467754696e-01
     vertex 4.038306302779e-01 1.300000000000e+01 -1.985467754696e-01
   endloop
 endfacet
 facet normal -8.683367978710e-01 3.690727662965e-17 4.959750048775e-01
   outer loop
     vertex 3.761706720650e-01 1.300000000000e+01 -2.469729245851e-01
     vertex 3.761706720650e-01 3.000000000000e-01 -2.469729245851e-01
     vertex 4.038306302779e-01 3.000000000000e-01 -1.985467754696e-01
   endloop
 endfacet
 facet normal -8.003200212732e-01 9.797038097862e-18 5.995730677318e-01
   outer loop
     vertex 3.427331684894e-01 1.300000000000e+01 -2.916058559378e-01
     vertex 3.761706720650e-01 3.000000000000e-01 -2.469729245851e-01
     vertex 3.761706720650e-01 1.300000000000e+01 -2.469729245851e-01
   endloop
 endfacet
 facet normal -8.003200212732e-01 2.458043607699e-17 5.995730677318e-01
   outer loop
     vertex 3.427331684894e-01 1.300000000000e+01 -2.916058559378e-01
     vertex 3.427331684894e-01 3.000000000000e-01 -2.916058559378e-01
     vertex 3.761706720650e-01 3.000000000000e-01 -2.469729245851e-01
   endloop
 endfacet
 facet normal -7.200112570990e-01 6.123148811164e-19 6.939623834551e-01
   outer loop
     vertex 3.040316808361e-01 1.300000000000e+01 -3.317600594526e-01
     vertex 3.427331684894e-01 3.000000000000e-01 -2.916058559378e-01
     vertex 3.427331684894e-01 1.300000000000e+01 -2.916058559378e-01
   endloop
 endfacet
 facet normal -7.200112570990e-01 2.453485367565e-17 6.939623834551e-01
   outer loop
     vertex 3.040316808361e-01 1.300000000000e+01 -3.317600594526e-01
     vertex 3.040316808361e-01 3.000000000000e-01 -3.317600594526e-01
     vertex 3.427331684894e-01 3.000000000000e-01 -2.916058559378e-01
   endloop
 endfacet
 facet normal -6.286439548502e-01 4.898519048931e-18 7.776932416000e-01
   outer loop
     vertex 2.606606190819e-01 1.300000000000e+01 -3.668188131215e-01
     vertex 3.040316808361e-01 3.000000000000e-01 -3.317600594526e-01
     vertex 3.040316808361e-01 1.300000000000e+01 -3.317600594526e-01
   endloop
 endfacet
 facet normal -6.286439548502e-01 6.204669101142e-18 7.776932416000e-01
   outer loop
     vertex 2.606606190819e-01 1.300000000000e+01 -3.668188131215e-01
     vertex 2.606606190819e-01 3.000000000000e-01 -3.668188131215e-01
     vertex 3.040316808361e-01 3.000000000000e-01 -3.317600594526e-01
   endloop
 endfacet
 facet normal -5.276214103512e-01 -1.194014018177e-17 8.494796332691e-01
   outer loop
     vertex 2.132861124479e-01 1.300000000000e+01 -3.962436551377e-01
     vertex 2.606606190819e-01 3.000000000000e-01 -3.668188131215e-01
     vertex 2.606606190819e-01 1.300000000000e+01 -3.668188131215e-01
   endloop
 endfacet
 facet normal -5.276214103512e-01 -1.245914299291e-18 8.494796332691e-01
   outer loop
     vertex 2.132861124479e-01 1.300000000000e+01 -3.962436551377e-01
     vertex 2.132861124479e-01 3.000000000000e-01 -3.962436551377e-01
     vertex 2.606606190819e-01 3.000000000000e-01 -3.668188131215e-01
   endloop
 endfacet
 facet normal -4.184952127526e-01 -1.561402946847e-17 9.082190027208e-01
   outer loop
     vertex 1.626357784264e-01 1.300000000000e+01 -4.195826540452e-01
     vertex 2.132861124479e-01 3.000000000000e-01 -3.962436551377e-01
     vertex 2.132861124479e-01 1.300000000000e+01 -3.962436551377e-01
   endloop
 endfacet
 facet normal -4.184952127526e-01 -1.471139134879e-17 9.082190027208e-01
   outer loop
     vertex 1.626357784264e-01 1.300000000000e+01 -4.195826540452e-01
     vertex 1.626357784264e-01 3.000000000000e-01 -4.195826540452e-01
     vertex 2.132861124479e-01 3.000000000000e-01 -3.962436551377e-01
   endloop
 endfacet
 facet normal -3.029414139205e-01 -2.615215448221e-17 9.530091813471e-01
   outer loop
     vertex 1.626357784264e-01 1.300000000000e+01 -4.195826540452e-01
     vertex 1.094875474202e-01 3.000000000000e-01 -4.364773498819e-01
     vertex 1.626357784264e-01 3.000000000000e-01 -4.195826540452e-01
   endloop
 endfacet
 facet normal -3.029414139205e-01 -2.140720114513e-17 9.530091813471e-01
   outer loop
     vertex 1.094875474202e-01 1.300000000000e+01 -4.364773498819e-01
     vertex 1.094875474202e-01 3.000000000000e-01 -4.364773498819e-01
     vertex 1.626357784264e-01 1.300000000000e+01 -4.195826540452e-01
   endloop
 endfacet
 facet normal -1.827347862233e-01 -2.724801220968e-17 9.831622439374e-01
   outer loop
     vertex 5.465771463364e-02 1.300000000000e+01 -4.466682597085e-01
     vertex 1.094875474202e-01 3.000000000000e-01 -4.364773498819e-01
     vertex 1.094875474202e-01 1.300000000000e+01 -4.364773498819e-01
   endloop
 endfacet
 facet normal -1.827347862233e-01 -3.238206284893e-17 9.831622439374e-01
   outer loop
     vertex 5.465771463364e-02 1.300000000000e+01 -4.466682597085e-01
     vertex 5.465771463364e-02 3.000000000000e-01 -4.466682597085e-01
     vertex 1.094875474202e-01 3.000000000000e-01 -4.364773498819e-01
   endloop
 endfacet
 facet normal -5.972156408593e-02 -3.425263871785e-17 9.982150744119e-01
   outer loop
     vertex 5.465771463364e-02 1.300000000000e+01 -4.466682597085e-01
     vertex -1.011597275492e-03 3.000000000000e-01 -4.499988629663e-01
     vertex 5.465771463364e-02 3.000000000000e-01 -4.466682597085e-01
   endloop
 endfacet
 facet normal 6.420891203018e-02 -5.276422830163e-17 9.979364787480e-01
   outer loop
     vertex -1.011597275492e-03 1.300000000000e+01 -4.499988629663e-01
     vertex -5.666537222339e-02 3.000000000000e-01 -4.464180054509e-01
     vertex -1.011597275492e-03 3.000000000000e-01 -4.499988629663e-01
   endloop
 endfacet
 facet normal -5.972156408593e-02 -5.196629892286e-17 9.982150744119e-01
   outer loop
     vertex -1.011597275492e-03 1.300000000000e+01 -4.499988629663e-01
     vertex -1.011597275492e-03 3.000000000000e-01 -4.499988629663e-01
     vertex 5.465771463364e-02 1.300000000000e+01 -4.466682597085e-01
   endloop
 endfacet
 facet normal 1.871532137061e-01 -5.254725065990e-17 9.823307358520e-01
   outer loop
     vertex -5.666537222339e-02 1.300000000000e+01 -4.464180054509e-01
     vertex -1.114488327560e-01 3.000000000000e-01 -4.359806849820e-01
     vertex -5.666537222339e-02 3.000000000000e-01 -4.464180054509e-01
   endloop
 endfacet
 facet normal 6.420891203018e-02 -5.269406470663e-17 9.979364787480e-01
   outer loop
     vertex -5.666537222339e-02 1.300000000000e+01 -4.464180054509e-01
     vertex -5.666537222339e-02 3.000000000000e-01 -4.464180054509e-01
     vertex -1.011597275492e-03 1.300000000000e+01 -4.499988629663e-01
   endloop
 endfacet
 facet normal 1.871532137061e-01 -6.174823001707e-17 9.823307358520e-01
   outer loop
     vertex -1.114488327560e-01 1.300000000000e+01 -4.359806849820e-01
     vertex -1.114488327560e-01 3.000000000000e-01 -4.359806849820e-01
     vertex -5.666537222339e-02 1.300000000000e+01 -4.464180054509e-01
   endloop
 endfacet
 facet normal 3.072230590187e-01 -6.226250758546e-17 9.516375318403e-01
   outer loop
     vertex -1.645205684395e-01 1.300000000000e+01 -4.188472067000e-01
     vertex -1.645205684395e-01 3.000000000000e-01 -4.188472067000e-01
     vertex -1.114488327560e-01 3.000000000000e-01 -4.359806849820e-01
   endloop
 endfacet
 facet normal 4.225743143621e-01 -6.100246661891e-17 9.063282787387e-01
   outer loop
     vertex -1.645205684395e-01 1.300000000000e+01 -4.188472067000e-01
     vertex -2.150654589490e-01 3.000000000000e-01 -3.952807209655e-01
     vertex -1.645205684395e-01 3.000000000000e-01 -4.188472067000e-01
   endloop
 endfacet
 facet normal 3.072230590187e-01 -6.092533067108e-17 9.516375318403e-01
   outer loop
     vertex -1.645205684395e-01 1.300000000000e+01 -4.188472067000e-01
     vertex -1.114488327560e-01 3.000000000000e-01 -4.359806849820e-01
     vertex -1.114488327560e-01 1.300000000000e+01 -4.359806849820e-01
   endloop
 endfacet
 facet normal 4.225743143621e-01 -7.077256417509e-17 9.063282787387e-01
   outer loop
     vertex -2.150654589490e-01 1.300000000000e+01 -3.952807209655e-01
     vertex -2.150654589490e-01 3.000000000000e-01 -3.952807209655e-01
     vertex -1.645205684395e-01 1.300000000000e+01 -4.188472067000e-01
   endloop
 endfacet
 facet normal 5.314353182008e-01 -7.593890961076e-17 8.470988741398e-01
   outer loop
     vertex -2.623071933720e-01 1.300000000000e+01 -3.656431816748e-01
     vertex -2.623071933720e-01 3.000000000000e-01 -3.656431816748e-01
     vertex -2.150654589490e-01 3.000000000000e-01 -3.952807209655e-01
   endloop
 endfacet
 facet normal 6.321340917374e-01 -7.201587795642e-17 7.748590130233e-01
   outer loop
     vertex -2.623071933720e-01 1.300000000000e+01 -3.656431816748e-01
     vertex -3.055201934432e-01 3.000000000000e-01 -3.303897870674e-01
     vertex -2.623071933720e-01 3.000000000000e-01 -3.656431816748e-01
   endloop
 endfacet
 facet normal 5.314353182008e-01 -6.857926668503e-17 8.470988741398e-01
   outer loop
     vertex -2.623071933720e-01 1.300000000000e+01 -3.656431816748e-01
     vertex -2.150654589490e-01 3.000000000000e-01 -3.952807209655e-01
     vertex -2.150654589490e-01 1.300000000000e+01 -3.952807209655e-01
   endloop
 endfacet
 facet normal 7.231240185680e-01 -6.698676591721e-17 6.907182158957e-01
   outer loop
     vertex -3.055201934432e-01 1.300000000000e+01 -3.303897870674e-01
     vertex -3.440407575858e-01 3.000000000000e-01 -2.900619884090e-01
     vertex -3.055201934432e-01 3.000000000000e-01 -3.303897870674e-01
   endloop
 endfacet
 facet normal 6.321340917374e-01 -7.201587795642e-17 7.748590130233e-01
   outer loop
     vertex -3.055201934432e-01 1.300000000000e+01 -3.303897870674e-01
     vertex -3.055201934432e-01 3.000000000000e-01 -3.303897870674e-01
     vertex -2.623071933720e-01 1.300000000000e+01 -3.656431816748e-01
   endloop
 endfacet
 facet normal 7.231240185680e-01 -7.934645254626e-17 6.907182158957e-01
   outer loop
     vertex -3.440407575858e-01 1.300000000000e+01 -2.900619884090e-01
     vertex -3.440407575858e-01 3.000000000000e-01 -2.900619884090e-01
     vertex -3.055201934432e-01 1.300000000000e+01 -3.303897870674e-01
   endloop
 endfacet
 facet normal 8.030075989170e-01 -7.666845701285e-17 5.959687878418e-01
   outer loop
     vertex -3.772772545982e-01 1.300000000000e+01 -2.452791739281e-01
     vertex -3.772772545982e-01 3.000000000000e-01 -2.452791739281e-01
     vertex -3.440407575858e-01 3.000000000000e-01 -2.900619884090e-01
   endloop
 endfacet
 facet normal 8.705579136131e-01 -6.965217903594e-17 4.920659702170e-01
   outer loop
     vertex -3.772772545982e-01 1.300000000000e+01 -2.452791739281e-01
     vertex -4.047192104232e-01 3.000000000000e-01 -1.967291557304e-01
     vertex -3.772772545982e-01 3.000000000000e-01 -2.452791739281e-01
   endloop
 endfacet
 facet normal 8.030075989170e-01 -7.317162829341e-17 5.959687878418e-01
   outer loop
     vertex -3.772772545982e-01 1.300000000000e+01 -2.452791739281e-01
     vertex -3.440407575858e-01 3.000000000000e-01 -2.900619884090e-01
     vertex -3.440407575858e-01 1.300000000000e+01 -2.900619884090e-01
   endloop
 endfacet
 facet normal 8.705579136131e-01 -7.345735005942e-17 4.920659702170e-01
   outer loop
     vertex -4.047192104232e-01 1.300000000000e+01 -1.967291557304e-01
     vertex -4.047192104232e-01 3.000000000000e-01 -1.967291557304e-01
     vertex -3.772772545982e-01 1.300000000000e+01 -2.452791739281e-01
   endloop
 endfacet
 facet normal 9.247374681455e-01 -7.297732055363e-17 3.806055898275e-01
   outer loop
     vertex -4.259451484376e-01 1.300000000000e+01 -1.451576058030e-01
     vertex -4.259451484376e-01 3.000000000000e-01 -1.451576058030e-01
     vertex -4.047192104232e-01 3.000000000000e-01 -1.967291557304e-01
   endloop
 endfacet
 facet normal 9.247374681455e-01 -6.582384972001e-17 3.806055898275e-01
   outer loop
     vertex -4.259451484376e-01 1.300000000000e+01 -1.451576058030e-01
     vertex -4.047192104232e-01 3.000000000000e-01 -1.967291557304e-01
     vertex -4.047192104232e-01 1.300000000000e+01 -1.967291557304e-01
   endloop
 endfacet
 facet normal 9.647141273763e-01 -6.322151147527e-17 2.632995488805e-01
   outer loop
     vertex -4.406290628443e-01 1.300000000000e+01 -9.135660335706e-02
     vertex -4.259451484376e-01 3.000000000000e-01 -1.451576058030e-01
     vertex -4.259451484376e-01 1.300000000000e+01 -1.451576058030e-01
   endloop
 endfacet
 facet normal 9.647141273763e-01 -7.170312233948e-17 2.632995488805e-01
   outer loop
     vertex -4.406290628443e-01 1.300000000000e+01 -9.135660335706e-02
     vertex -4.406290628443e-01 3.000000000000e-01 -9.135660335706e-02
     vertex -4.259451484376e-01 3.000000000000e-01 -1.451576058030e-01
   endloop
 endfacet
 facet normal 9.898738961716e-01 -6.124367227365e-17 1.419495321517e-01
   outer loop
     vertex -4.406290628443e-01 1.300000000000e+01 -9.135660335706e-02
     vertex -4.485454257437e-01 3.000000000000e-01 -3.615246940913e-02
     vertex -4.406290628443e-01 3.000000000000e-01 -9.135660335706e-02
   endloop
 endfacet
 facet normal 9.898738961716e-01 -6.557036830123e-17 1.419495321517e-01
   outer loop
     vertex -4.485454257437e-01 1.300000000000e+01 -3.615246940913e-02
     vertex -4.485454257437e-01 3.000000000000e-01 -3.615246940913e-02
     vertex -4.406290628443e-01 1.300000000000e+01 -9.135660335706e-02
   endloop
 endfacet
 facet normal 9.998303496549e-01 -5.420900181883e-17 1.841933519587e-02
   outer loop
     vertex -4.495726509805e-01 1.300000000000e+01 1.960692455108e-02
     vertex -4.485454257437e-01 3.000000000000e-01 -3.615246940913e-02
     vertex -4.485454257437e-01 1.300000000000e+01 -3.615246940913e-02
   endloop
 endfacet
 facet normal 9.998303496549e-01 -6.283347100139e-17 1.841933519587e-02
   outer loop
     vertex -4.495726509805e-01 1.300000000000e+01 1.960692455108e-02
     vertex -4.495726509805e-01 3.000000000000e-01 1.960692455108e-02
     vertex -4.485454257437e-01 3.000000000000e-01 -3.615246940913e-02
   endloop
 endfacet
 facet normal 9.944305682448e-01 -5.143445001378e-17 -1.053937613918e-01
   outer loop
     vertex -4.436949615661e-01 1.300000000000e+01 7.506517888391e-02
     vertex -4.495726509805e-01 3.000000000000e-01 1.960692455108e-02
     vertex -4.495726509805e-01 1.300000000000e+01 1.960692455108e-02
   endloop
 endfacet
 facet normal 9.944305682448e-01 -5.575542833697e-17 -1.053937613918e-01
   outer loop
     vertex -4.436949615661e-01 1.300000000000e+01 7.506517888391e-02
     vertex -4.436949615661e-01 3.000000000000e-01 7.506517888390e-02
     vertex -4.495726509805e-01 3.000000000000e-01 1.960692455108e-02
   endloop
 endfacet
 facet normal 9.737574863230e-01 -4.347435655926e-17 -2.275881320059e-01
   outer loop
     vertex -4.310026319948e-01 1.300000000000e+01 1.293705191052e-01
     vertex -4.436949615661e-01 3.000000000000e-01 7.506517888390e-02
     vertex -4.436949615661e-01 1.300000000000e+01 7.506517888391e-02
   endloop
 endfacet
 facet normal 9.737574863230e-01 -5.246072442323e-17 -2.275881320059e-01
   outer loop
     vertex -4.310026319948e-01 1.300000000000e+01 1.293705191052e-01
     vertex -4.310026319948e-01 3.000000000000e-01 1.293705191052e-01
     vertex -4.436949615661e-01 3.000000000000e-01 7.506517888390e-02
   endloop
 endfacet
 facet normal 9.381286184578e-01 -3.943672273208e-17 -3.462870127949e-01
   outer loop
     vertex -4.310026319948e-01 1.300000000000e+01 1.293705191052e-01
     vertex -4.116906017325e-01 3.000000000000e-01 1.816888781548e-01
     vertex -4.310026319948e-01 3.000000000000e-01 1.293705191052e-01
   endloop
 endfacet
 facet normal 9.381286184578e-01 -4.095032830190e-17 -3.462870127949e-01
   outer loop
     vertex -4.116906017325e-01 1.300000000000e+01 1.816888781548e-01
     vertex -4.116906017325e-01 3.000000000000e-01 1.816888781548e-01
     vertex -4.310026319948e-01 1.300000000000e+01 1.293705191052e-01
   endloop
 endfacet
 facet normal 8.880911827490e-01 -2.755416965024e-17 -4.596673265781e-01
   outer loop
     vertex -3.860554811721e-01 1.300000000000e+01 2.312167066995e-01
     vertex -4.116906017325e-01 3.000000000000e-01 1.816888781548e-01
     vertex -4.116906017325e-01 1.300000000000e+01 1.816888781548e-01
   endloop
 endfacet
 facet normal 8.880911827490e-01 -3.457522808722e-17 -4.596673265781e-01
   outer loop
     vertex -3.860554811721e-01 1.300000000000e+01 2.312167066995e-01
     vertex -3.860554811721e-01 3.000000000000e-01 2.312167066995e-01
     vertex -4.116906017325e-01 3.000000000000e-01 1.816888781548e-01
   endloop
 endfacet
 facet normal 8.244136961918e-01 -2.020639107684e-17 -5.659876831975e-01
   outer loop
     vertex -3.544909960423e-01 1.300000000000e+01 2.771933147191e-01
     vertex -3.860554811721e-01 3.000000000000e-01 2.312167066995e-01
     vertex -3.860554811721e-01 1.300000000000e+01 2.312167066995e-01
   endloop
 endfacet
 facet normal 8.244136961918e-01 -2.753919413720e-17 -5.659876831975e-01
   outer loop
     vertex -3.544909960423e-01 1.300000000000e+01 2.771933147191e-01
     vertex -3.544909960423e-01 3.000000000000e-01 2.771933147191e-01
     vertex -3.860554811721e-01 3.000000000000e-01 2.312167066995e-01
   endloop
 endfacet
 facet normal 7.480741711475e-01 -1.318460287768e-17 -6.636151252510e-01
   outer loop
     vertex -3.544909960423e-01 1.300000000000e+01 2.771933147191e-01
     vertex -3.174819402364e-01 3.000000000000e-01 3.189125548230e-01
     vertex -3.544909960423e-01 3.000000000000e-01 2.771933147191e-01
   endloop
 endfacet
 facet normal 7.480741711475e-01 -5.231679804317e-17 -6.636151252510e-01
   outer loop
     vertex -3.174819402364e-01 1.300000000000e+01 3.189125548230e-01
     vertex -3.174819402364e-01 3.000000000000e-01 3.189125548230e-01
     vertex -3.544909960423e-01 1.300000000000e+01 2.771933147191e-01
   endloop
 endfacet
 facet normal 0.000000000000e+00 6.678033230828e-17 -1.000000000000e+00
   outer loop
     vertex -5.645324062679e+00 1.330000000000e+01 -5.000000000000e-01
     vertex -3.761862622423e+00 4.302114220422e-16 -5.000000000000e-01
     vertex -5.645324062679e+00 4.302114220422e-16 -5.000000000000e-01
   endloop
 endfacet
 facet normal 0.000000000000e+00 6.678033230828e-17 -1.000000000000e+00
   outer loop
     vertex -5.645324062679e+00 1.330000000000e+01 -5.000000000000e-01
     vertex -3.761862622423e+00 1.330000000000e+01 -5.000000000000e-01
     vertex -3.761862622423e+00 4.302114220422e-16 -5.000000000000e-01
   endloop
 endfacet
 facet normal -1.000000000000e+00 6.678033230828e-17 0.000000000000e+00
   outer loop
     vertex -3.761862622423e+00 1.330000000000e+01 -5.000000000000e-01
     vertex -3.761862622423e+00 8.881784197001e-16 -2.690000000000e+00
     vertex -3.761862622423e+00 4.302114220422e-16 -5.000000000000e-01
   endloop
 endfacet
 facet normal -1.000000000000e+00 6.678033230828e-17 0.000000000000e+00
   outer loop
     vertex -3.761862622423e+00 1.330000000000e+01 -5.000000000000e-01
     vertex -3.761862622423e+00 1.330000000000e+01 -2.690000000000e+00
     vertex -3.761862622423e+00 8.881784197001e-16 -2.690000000000e+00
   endloop
 endfacet
 facet normal -7.199121062283e-17 3.339016615414e-17 -1.000000000000e+00
   outer loop
     vertex -3.761862622423e+00 1.330000000000e+01 -2.690000000000e+00
     vertex 2.406796106998e+00 4.440892098501e-16 -2.690000000000e+00
     vertex -3.761862622423e+00 8.881784197001e-16 -2.690000000000e+00
   endloop
 endfacet
 facet normal 0.000000000000e+00 6.678033230828e-17 -1.000000000000e+00
   outer loop
     vertex -3.761862622423e+00 1.330000000000e+01 -2.690000000000e+00
     vertex 2.406796106998e+00 1.330000000000e+01 -2.690000000000e+00
     vertex 2.406796106998e+00 4.440892098501e-16 -2.690000000000e+00
   endloop
 endfacet
 facet normal 7.071067811865e-01 -4.722082582508e-17 -7.071067811865e-01
   outer loop
     vertex 2.406796106998e+00 1.330000000000e+01 -2.690000000000e+00
     vertex 3.646796106998e+00 4.302114220422e-16 -1.450000000000e+00
     vertex 2.406796106998e+00 4.440892098501e-16 -2.690000000000e+00
   endloop
 endfacet
 facet normal 7.071067811865e-01 -9.520327787314e-17 -7.071067811865e-01
   outer loop
     vertex 2.406796106998e+00 1.330000000000e+01 -2.690000000000e+00
     vertex 3.646796106998e+00 1.330000000000e+01 -1.450000000000e+00
     vertex 3.646796106998e+00 4.302114220422e-16 -1.450000000000e+00
   endloop
 endfacet
 facet normal -1.000000000000e+00 0.000000000000e+00 0.000000000000e+00
   outer loop
     vertex -5.645324062679e+00 1.330000000000e+01 1.299999825656e+00
     vertex -5.645324062679e+00 4.302114220422e-16 -5.000000000000e-01
     vertex -5.645324062679e+00 4.302114220422e-16 1.299999825656e+00
   endloop
 endfacet
 facet normal -1.000000000000e+00 0.000000000000e+00 -0.000000000000e+00
   outer loop
     vertex -5.645324062679e+00 1.330000000000e+01 1.299999825656e+00
     vertex -5.645324062679e+00 1.330000000000e+01 -5.000000000000e-01
     vertex -5.645324062679e+00 4.302114220422e-16 -5.000000000000e-01
   endloop
 endfacet
 facet normal -7.728868099770e-01 5.411811705287e-01 -3.313139291197e-01
   outer loop
     vertex 4.565311274126e+00 -2.636779683485e-16 -7.699233136691e-01
     vertex 4.856840222663e+00 -1.387778780781e-17 -1.450000000000e+00
     vertex 3.349504566486e+00 -2.152698412860e+00 -1.450000000000e+00
   endloop
 endfacet
 facet normal -7.819544889962e-01 5.399998110500e-01 -3.113637442039e-01
   outer loop
     vertex 4.292451893784e+00 -2.775557561563e-16 -8.466813770495e-02
     vertex 4.565311274126e+00 -2.636779683485e-16 -7.699233136691e-01
     vertex 3.349504566486e+00 -2.152698412860e+00 -1.450000000000e+00
   endloop
 endfacet
 facet normal -7.835882144484e-01 5.390965575779e-01 -3.088112883060e-01
   outer loop
     vertex 2.780753924984e+00 -1.754454926318e+00 6.883868314413e-01
     vertex 4.292451893784e+00 -2.775557561563e-16 -8.466813770495e-02
     vertex 3.349504566486e+00 -2.152698412860e+00 -1.450000000000e+00
   endloop
 endfacet
 facet normal -7.845322152329e-01 5.487179819868e-01 -2.888213626206e-01
   outer loop
     vertex 4.038399001208e+00 -2.914335439641e-16 6.054216700247e-01
     vertex 4.292451893784e+00 -2.775557561563e-16 -8.466813770495e-02
     vertex 2.780753924984e+00 -1.754454926318e+00 6.883868314413e-01
   endloop
 endfacet
 facet normal -7.891556171066e-01 5.530577326166e-01 -2.671339671066e-01
   outer loop
     vertex 3.803280078960e+00 -1.387778780781e-17 1.299999825656e+00
     vertex 4.038399001208e+00 -2.914335439641e-16 6.054216700247e-01
     vertex 2.780753924984e+00 -1.754454926318e+00 6.883868314413e-01
   endloop
 endfacet
 facet normal -7.728868101672e-01 5.411811706619e-01 -3.313139284585e-01
   outer loop
     vertex 9.200000000000e+00 6.619021490942e+00 -7.699232709580e-01
     vertex 9.916954762706e+00 7.226592494249e+00 -1.450000000000e+00
     vertex 9.200000000000e+00 6.202674978966e+00 -1.450000000000e+00
   endloop
 endfacet
 facet normal -7.993608599699e-01 5.501191101949e-01 -2.416426703763e-01
   outer loop
     vertex 2.335710469410e+00 -1.442832143895e+00 2.870037805312e+00
     vertex 3.803280078960e+00 -1.387778780781e-17 1.299999825656e+00
     vertex 2.780753924984e+00 -1.754454926318e+00 6.883868314413e-01
   endloop
 endfacet
 facet normal -7.696726875632e-01 5.549784614185e-01 -3.155992100446e-01
   outer loop
     vertex 9.200000000000e+00 7.008705092965e+00 -8.466805165631e-02
     vertex 9.916954762706e+00 7.226592494249e+00 -1.450000000000e+00
     vertex 9.200000000000e+00 6.619021490942e+00 -7.699232709580e-01
   endloop
 endfacet
 facet normal -7.814297379877e-01 5.523082959343e-01 -2.903844190564e-01
   outer loop
     vertex 9.348204121203e+00 7.624835980790e+00 6.883868314413e-01
     vertex 9.200000000000e+00 7.008705092965e+00 -8.466805165631e-02
     vertex 9.200000000000e+00 7.371530243587e+00 6.054217999726e-01
   endloop
 endfacet
 facet normal -7.611702243458e-01 5.703850964574e-01 -3.086757705242e-01
   outer loop
     vertex 9.348204121203e+00 7.624835980790e+00 6.883868314413e-01
     vertex 9.916954762706e+00 7.226592494249e+00 -1.450000000000e+00
     vertex 9.200000000000e+00 7.008705092965e+00 -8.466805165631e-02
   endloop
 endfacet
 facet normal -7.915172809751e-01 5.502230699295e-01 -2.659980587055e-01
   outer loop
     vertex 9.200000000000e+00 7.707314878807e+00 1.300000000000e+00
     vertex 9.348204121203e+00 7.624835980790e+00 6.883868314413e-01
     vertex 9.200000000000e+00 7.371530243587e+00 6.054217999726e-01
   endloop
 endfacet
 facet normal -7.967881154045e-01 5.579170441751e-01 -2.320716935972e-01
   outer loop
     vertex 8.903160665629e+00 7.936458763214e+00 2.870037805312e+00
     vertex 9.200000000000e+00 7.707314878807e+00 1.300000000000e+00
     vertex 3.803280078960e+00 -1.387778780781e-17 1.299999825656e+00
   endloop
 endfacet
 facet normal -7.967881145949e-01 5.579170441952e-01 -2.320716963286e-01
   outer loop
     vertex 8.903160665629e+00 7.936458763214e+00 2.870037805312e+00
     vertex 3.803280078960e+00 -1.387778780781e-17 1.299999825656e+00
     vertex 2.335710469410e+00 -1.442832143895e+00 2.870037805312e+00
   endloop
 endfacet
 facet normal -8.067575648018e-01 5.648977283819e-01 -1.732997060123e-01
   outer loop
     vertex 8.583997185868e+00 8.159939437664e+00 5.084301671475e+00
     vertex 2.335710469410e+00 -1.442832143895e+00 2.870037805312e+00
     vertex 2.016546989648e+00 -1.219351469445e+00 5.084301671475e+00
   endloop
 endfacet
 facet normal -8.067575648018e-01 5.648977283819e-01 -1.732997060123e-01
   outer loop
     vertex 8.583997185868e+00 8.159939437664e+00 5.084301671475e+00
     vertex 8.903160665629e+00 7.936458763214e+00 2.870037805312e+00
     vertex 2.335710469410e+00 -1.442832143895e+00 2.870037805312e+00
   endloop
 endfacet
 facet normal -8.186672695882e-01 5.732369934512e-01 -3.439841629962e-02
   outer loop
     vertex 8.392271900946e+00 8.294186927432e+00 7.320367957228e+00
     vertex 1.824821704727e+00 -1.085103979677e+00 7.320367957228e+00
     vertex 1.761470655281e+00 -1.040745097302e+00 9.567319746152e+00
   endloop
 endfacet
 facet normal -8.147011830863e-01 5.704599097854e-01 -1.041031872974e-01
   outer loop
     vertex 8.392271900946e+00 8.294186927432e+00 7.320367957228e+00
     vertex 2.016546989648e+00 -1.219351469445e+00 5.084301671475e+00
     vertex 1.824821704727e+00 -1.085103979677e+00 7.320367957228e+00
   endloop
 endfacet
 facet normal -8.147011830863e-01 5.704599097854e-01 -1.041031872974e-01
   outer loop
     vertex 8.392271900946e+00 8.294186927432e+00 7.320367957228e+00
     vertex 8.583997185868e+00 8.159939437664e+00 5.084301671475e+00
     vertex 2.016546989648e+00 -1.219351469445e+00 5.084301671475e+00
   endloop
 endfacet
 facet normal -8.186672695882e-01 5.732369934512e-01 -3.439841629962e-02
   outer loop
     vertex 8.328920851501e+00 8.338545809807e+00 9.567319746152e+00
     vertex 8.392271900946e+00 8.294186927432e+00 7.320367957228e+00
     vertex 1.761470655281e+00 -1.040745097302e+00 9.567319746152e+00
   endloop
 endfacet
 facet normal -8.186364610915e-01 5.732154211096e-01 3.547429454769e-02
   outer loop
     vertex 8.394253329844e+00 8.292799515981e+00 1.181418697666e+01
     vertex 8.328920851501e+00 8.338545809807e+00 9.567319746152e+00
     vertex 1.761470655281e+00 -1.040745097302e+00 9.567319746152e+00
   endloop
 endfacet
 facet normal -8.146089080093e-01 5.703952980809e-01 1.051738128958e-01
   outer loop
     vertex 8.394253329844e+00 8.292799515981e+00 1.181418697666e+01
     vertex 1.826803133624e+00 -1.086491391128e+00 1.181418697666e+01
     vertex 2.020500173717e+00 -1.222119518730e+00 1.405000000000e+01
   endloop
 endfacet
 facet normal -8.186364610915e-01 5.732154211096e-01 3.547429454769e-02
   outer loop
     vertex 8.394253329844e+00 8.292799515981e+00 1.181418697666e+01
     vertex 1.761470655281e+00 -1.040745097302e+00 9.567319746152e+00
     vertex 1.826803133624e+00 -1.086491391128e+00 1.181418697666e+01
   endloop
 endfacet
 facet normal -8.049347659363e-01 5.637716213048e-01 1.850448097043e-01
   outer loop
     vertex 3.095745017682e+00 -1.191239178261e-01 1.555000000000e+01
     vertex 2.884836304644e+00 -4.065402106144e-01 1.550822305851e+01
     vertex 2.991057147344e+00 -2.651451976801e-01 1.553949307078e+01
   endloop
 endfacet
 facet normal -8.051059140276e-01 5.641943517398e-01 1.830005482580e-01
   outer loop
     vertex 3.095745017682e+00 -1.191239178261e-01 1.555000000000e+01
     vertex 2.778266072236e+00 -5.418607384091e-01 1.545656612630e+01
     vertex 2.884836304644e+00 -4.065402106144e-01 1.550822305851e+01
   endloop
 endfacet
 facet normal -8.052120215644e-01 5.647788965286e-01 1.807163478055e-01
   outer loop
     vertex 3.095745017682e+00 -1.191239178261e-01 1.555000000000e+01
     vertex 2.672862991134e+00 -6.692828296091e-01 1.538514746325e+01
     vertex 2.778266072236e+00 -5.418607384091e-01 1.545656612630e+01
   endloop
 endfacet
 facet normal -8.052389476601e-01 5.658435510726e-01 1.772323697317e-01
   outer loop
     vertex 3.095745017682e+00 -1.191239178261e-01 1.555000000000e+01
     vertex 2.570665177793e+00 -7.865756472088e-01 1.529529776330e+01
     vertex 2.672862991134e+00 -6.692828296091e-01 1.538514746325e+01
   endloop
 endfacet
 facet normal -8.051018821657e-01 5.673289349015e-01 1.730573285266e-01
   outer loop
     vertex 3.095745017682e+00 -1.191239178261e-01 1.555000000000e+01
     vertex 2.472908300329e+00 -8.925892099129e-01 1.518805188944e+01
     vertex 2.570665177793e+00 -7.865756472088e-01 1.529529776330e+01
   endloop
 endfacet
 facet normal -8.047640790623e-01 5.691555436774e-01 1.685726672752e-01
   outer loop
     vertex 3.095745017682e+00 -1.191239178261e-01 1.555000000000e+01
     vertex 2.380893294228e+00 -9.861235876796e-01 1.506457539499e+01
     vertex 2.472908300329e+00 -8.925892099129e-01 1.518805188944e+01
   endloop
 endfacet
 facet normal -8.041899852291e-01 5.713583403773e-01 1.637929013679e-01
   outer loop
     vertex 3.095745017682e+00 -1.191239178261e-01 1.555000000000e+01
     vertex 2.296500281315e+00 -1.065514940056e+00 1.492716342972e+01
     vertex 2.380893294228e+00 -9.861235876796e-01 1.506457539499e+01
   endloop
 endfacet
 facet normal -8.033886989488e-01 5.738328040378e-01 1.590047527951e-01
   outer loop
     vertex 3.095745017682e+00 -1.191239178261e-01 1.555000000000e+01
     vertex 2.220858766010e+00 -1.129951709975e+00 1.477752258073e+01
     vertex 2.296500281315e+00 -1.065514940056e+00 1.492716342972e+01
   endloop
 endfacet
 facet normal -8.023567019274e-01 5.765652061269e-01 1.542604484500e-01
   outer loop
     vertex 3.095745017682e+00 -1.191239178261e-01 1.555000000000e+01
     vertex 2.154944421618e+00 -1.178781523438e+00 1.461718825810e+01
     vertex 2.220858766010e+00 -1.129951709975e+00 1.477752258073e+01
   endloop
 endfacet
 facet normal -8.146089080093e-01 5.703952980809e-01 1.051738128958e-01
   outer loop
     vertex 8.587950369937e+00 8.157171388379e+00 1.405000000000e+01
     vertex 8.394253329844e+00 8.292799515981e+00 1.181418697666e+01
     vertex 2.020500173717e+00 -1.222119518730e+00 1.405000000000e+01
   endloop
 endfacet
 facet normal -8.108972903360e-01 5.677963954071e-01 1.416080431626e-01
   outer loop
     vertex 8.587950369937e+00 8.157171388379e+00 1.405000000000e+01
     vertex 2.020500173717e+00 -1.222119518730e+00 1.405000000000e+01
     vertex 2.036134387381e+00 -1.227854897084e+00 1.416252375428e+01
   endloop
 endfacet
 facet normal -8.107670884492e-01 5.677181523491e-01 1.426633371994e-01
   outer loop
     vertex 8.602815492426e+00 8.133720275993e+00 1.422780163266e+01
     vertex 8.587950369937e+00 8.157171388379e+00 1.405000000000e+01
     vertex 2.036134387381e+00 -1.227854897084e+00 1.416252375428e+01
   endloop
 endfacet
 facet normal -8.104868248498e-01 5.675046778054e-01 1.450846215622e-01
   outer loop
     vertex 8.602815492426e+00 8.133720275993e+00 1.422780163266e+01
     vertex 2.036134387381e+00 -1.227854897084e+00 1.416252375428e+01
     vertex 2.056885899756e+00 -1.226794741753e+00 1.427430117142e+01
   endloop
 endfacet
 facet normal -8.101125846342e-01 5.672579857500e-01 1.481079937752e-01
   outer loop
     vertex 8.606021411770e+00 8.092666394637e+00 1.440257476266e+01
     vertex 8.602815492426e+00 8.133720275993e+00 1.422780163266e+01
     vertex 2.056885899756e+00 -1.226794741753e+00 1.427430117142e+01
   endloop
 endfacet
 facet normal -8.099461071939e-01 5.671213565105e-01 1.495348468788e-01
   outer loop
     vertex 8.606021411770e+00 8.092666394637e+00 1.440257476266e+01
     vertex 2.056885899756e+00 -1.226794741753e+00 1.427430117142e+01
     vertex 2.099989404019e+00 -1.211210172883e+00 1.444866302881e+01
   endloop
 endfacet
 facet normal -8.092744626850e-01 5.666506231434e-01 1.548609548500e-01
   outer loop
     vertex 8.597511160930e+00 8.034527011398e+00 1.457248824824e+01
     vertex 2.099989404019e+00 -1.211210172883e+00 1.444866302881e+01
     vertex 2.154944421618e+00 -1.178781523438e+00 1.461718825810e+01
   endloop
 endfacet
 facet normal -8.069226697405e-01 5.650887712195e-01 1.719025471027e-01
   outer loop
     vertex 8.597511160930e+00 8.034527011398e+00 1.457248824824e+01
     vertex 2.154944421618e+00 -1.178781523438e+00 1.461718825810e+01
     vertex 3.095745017682e+00 -1.191239178261e-01 1.555000000000e+01
   endloop
 endfacet
 facet normal -8.094519276560e-01 5.667949248060e-01 1.533984681411e-01
   outer loop
     vertex 8.597511160930e+00 8.034527011398e+00 1.457248824824e+01
     vertex 8.606021411770e+00 8.092666394637e+00 1.440257476266e+01
     vertex 2.099989404019e+00 -1.211210172883e+00 1.444866302881e+01
   endloop
 endfacet
 facet normal -8.070442129277e-01 5.650984415591e-01 1.712991235453e-01
   outer loop
     vertex 7.919228938645e+00 6.769525029468e+00 1.555000000000e+01
     vertex 8.597511160930e+00 8.034527011398e+00 1.457248824824e+01
     vertex 3.095745017682e+00 -1.191239178261e-01 1.555000000000e+01
   endloop
 endfacet
 facet normal -8.168340385029e-01 5.562116641371e-01 1.530056803548e-01
   outer loop
     vertex 7.919228938645e+00 6.769525029468e+00 1.555000000000e+01
     vertex 8.577295739092e+00 7.960067585388e+00 1.473524401348e+01
     vertex 8.597511160930e+00 8.034527011398e+00 1.457248824824e+01
   endloop
 endfacet
 facet normal -8.145850829072e-01 5.581910776570e-01 1.577145000603e-01
   outer loop
     vertex 7.919228938645e+00 6.769525029468e+00 1.555000000000e+01
     vertex 8.545661819475e+00 7.870779923958e+00 1.488786826116e+01
     vertex 8.577295739092e+00 7.960067585388e+00 1.473524401348e+01
   endloop
 endfacet
 facet normal -8.124927527185e-01 5.598695662983e-01 1.624856778698e-01
   outer loop
     vertex 7.919228938645e+00 6.769525029468e+00 1.555000000000e+01
     vertex 8.502877527856e+00 7.767803841571e+00 1.502874989464e+01
     vertex 8.545661819475e+00 7.870779923958e+00 1.488786826116e+01
   endloop
 endfacet
 facet normal -8.105582389381e-01 5.612533945772e-01 1.673020273790e-01
   outer loop
     vertex 7.919228938645e+00 6.769525029468e+00 1.555000000000e+01
     vertex 8.449260206737e+00 7.652367242841e+00 1.515623921349e+01
     vertex 8.502877527856e+00 7.767803841571e+00 1.502874989464e+01
   endloop
 endfacet
 facet normal -8.088830503848e-01 5.622873895123e-01 1.718752524234e-01
   outer loop
     vertex 7.919228938645e+00 6.769525029468e+00 1.555000000000e+01
     vertex 8.385669304078e+00 7.526739366233e+00 1.526795609651e+01
     vertex 8.449260206737e+00 7.652367242841e+00 1.515623921349e+01
   endloop
 endfacet
 facet normal -8.074592956031e-01 5.630068176959e-01 1.761613157651e-01
   outer loop
     vertex 8.312805872525e+00 7.392624180911e+00 1.536260518846e+01
     vertex 8.385669304078e+00 7.526739366233e+00 1.526795609651e+01
     vertex 7.919228938645e+00 6.769525029468e+00 1.555000000000e+01
   endloop
 endfacet
 facet normal -8.048894767815e-01 5.635573820290e-01 1.858924617275e-01
   outer loop
     vertex 8.046782022071e+00 6.957241375517e+00 1.553320105111e+01
     vertex 7.919228938645e+00 6.769525029468e+00 1.555000000000e+01
     vertex 7.983854548574e+00 6.863213520029e+00 1.554579129192e+01
   endloop
 endfacet
 facet normal -8.063491293933e-01 5.634229779351e-01 1.798767062777e-01
   outer loop
     vertex 8.231284055871e+00 7.251515768381e+00 1.543915026425e+01
     vertex 8.312805872525e+00 7.392624180911e+00 1.536260518846e+01
     vertex 7.919228938645e+00 6.769525029468e+00 1.555000000000e+01
   endloop
 endfacet
 facet normal -8.050854754383e-01 5.636022100792e-01 1.849051811933e-01
   outer loop
     vertex 8.142213011759e+00 7.105665269495e+00 1.549630683903e+01
     vertex 7.919228938645e+00 6.769525029468e+00 1.555000000000e+01
     vertex 8.046782022071e+00 6.957241375517e+00 1.553320105111e+01
   endloop
 endfacet
 facet normal -8.055851400421e-01 5.635899973351e-01 1.827536512555e-01
   outer loop
     vertex 8.142213011759e+00 7.105665269495e+00 1.549630683903e+01
     vertex 8.231284055871e+00 7.251515768381e+00 1.543915026425e+01
     vertex 7.919228938645e+00 6.769525029468e+00 1.555000000000e+01
   endloop
 endfacet
 facet normal -2.006644255109e-01 9.632564416967e-01 -1.785239924049e-01
   outer loop
     vertex 8.903160665629e+00 7.936458763214e+00 2.870037805312e+00
     vertex 9.348204121203e+00 7.624835980790e+00 6.883868314413e-01
     vertex 9.200000000000e+00 7.707314878807e+00 1.300000000000e+00
   endloop
 endfacet
 facet normal 6.792792131432e-01 -6.416545312771e-01 3.561730100430e-01
   outer loop
     vertex 7.398151499898e+00 -1.718640165847e+00 -1.129579200018e+00
     vertex 7.363841843292e+00 -1.932822518894e+00 -1.450000000000e+00
     vertex 7.546351796181e+00 -1.739610734132e+00 -1.450000000000e+00
   endloop
 endfacet
 facet normal 7.302185391701e-01 -5.710276657709e-01 3.751110368631e-01
   outer loop
     vertex 7.398151499898e+00 -1.718640165847e+00 -1.129579200018e+00
     vertex 7.546351796181e+00 -1.739610734132e+00 -1.450000000000e+00
     vertex 7.703286630217e+00 -1.538925667323e+00 -1.450000000000e+00
   endloop
 endfacet
 facet normal 6.578200203451e-01 -6.568136016052e-01 3.686037351677e-01
   outer loop
     vertex 7.175931171166e+00 -1.951848399208e+00 -1.148551765522e+00
     vertex 7.363841843292e+00 -1.932822518894e+00 -1.450000000000e+00
     vertex 7.398151499898e+00 -1.718640165847e+00 -1.129579200018e+00
   endloop
 endfacet
 facet normal 6.194350061614e-01 -7.068710060484e-01 3.415166964438e-01
   outer loop
     vertex 7.175931171166e+00 -1.951848399208e+00 -1.148551765522e+00
     vertex 7.121478340427e+00 -2.145207008576e+00 -1.450000000000e+00
     vertex 7.363841843292e+00 -1.932822518894e+00 -1.450000000000e+00
   endloop
 endfacet
 facet normal 7.239203821841e-01 -5.891463046090e-01 3.589511276259e-01
   outer loop
     vertex 7.286561028049e+00 -1.640503676266e+00 -7.762819643767e-01
     vertex 7.398151499898e+00 -1.718640165847e+00 -1.129579200018e+00
     vertex 7.703286630217e+00 -1.538925667323e+00 -1.450000000000e+00
   endloop
 endfacet
 facet normal 5.760864152399e-01 -7.313453775718e-01 3.650457243694e-01
   outer loop
     vertex 6.918030267131e+00 -2.171705575549e+00 -1.182022428332e+00
     vertex 7.121478340427e+00 -2.145207008576e+00 -1.450000000000e+00
     vertex 7.175931171166e+00 -1.951848399208e+00 -1.148551765522e+00
   endloop
 endfacet
 facet normal 5.409707785090e-01 -7.717063058660e-01 3.343949674952e-01
   outer loop
     vertex 6.918030267131e+00 -2.171705575549e+00 -1.182022428332e+00
     vertex 6.868594757057e+00 -2.322479926949e+00 -1.450000000000e+00
     vertex 7.121478340427e+00 -2.145207008576e+00 -1.450000000000e+00
   endloop
 endfacet
 facet normal 6.621802696886e-01 -6.598691344252e-01 3.550915598378e-01
   outer loop
     vertex 7.064142455782e+00 -1.873573098009e+00 -7.946268876467e-01
     vertex 7.175931171166e+00 -1.951848399208e+00 -1.148551765522e+00
     vertex 7.398151499898e+00 -1.718640165847e+00 -1.129579200018e+00
   endloop
 endfacet
 facet normal 6.621802696886e-01 -6.598691344252e-01 3.550915598378e-01
   outer loop
     vertex 7.064142455782e+00 -1.873573098009e+00 -7.946268876467e-01
     vertex 7.398151499898e+00 -1.718640165847e+00 -1.129579200018e+00
     vertex 7.286561028049e+00 -1.640503676266e+00 -7.762819643767e-01
   endloop
 endfacet
 facet normal 6.963257684184e-01 -6.326138964243e-01 3.390133954393e-01
   outer loop
     vertex 7.181444601996e+00 -1.566900362354e+00 -4.303504076248e-01
     vertex 7.703286630217e+00 -1.538925667323e+00 -1.450000000000e+00
     vertex 7.081168022374e+00 -1.103313528450e+00 6.406888037205e-01
   endloop
 endfacet
 facet normal 7.093366213416e-01 -6.140024766962e-01 3.461827786510e-01
   outer loop
     vertex 7.181444601996e+00 -1.566900362354e+00 -4.303504076248e-01
     vertex 7.286561028049e+00 -1.640503676266e+00 -7.762819643767e-01
     vertex 7.703286630217e+00 -1.538925667323e+00 -1.450000000000e+00
   endloop
 endfacet
 facet normal 4.467549482536e-01 -8.377124892689e-01 3.140824756873e-01
   outer loop
     vertex 6.639638331925e+00 -2.361660905210e+00 -1.228831910695e+00
     vertex 6.596150004368e+00 -2.467775649466e+00 -1.450000000000e+00
     vertex 6.868594757057e+00 -2.322479926949e+00 -1.450000000000e+00
   endloop
 endfacet
 facet normal 4.839086485395e-01 -7.978166718206e-01 3.596122606833e-01
   outer loop
     vertex 6.639638331925e+00 -2.361660905210e+00 -1.228831910695e+00
     vertex 6.868594757057e+00 -2.322479926949e+00 -1.450000000000e+00
     vertex 6.918030267131e+00 -2.171705575549e+00 -1.182022428332e+00
   endloop
 endfacet
 facet normal 5.820958231217e-01 -7.355774351256e-01 3.465404588766e-01
   outer loop
     vertex 6.805891818206e+00 -2.093185388288e+00 -8.269902884174e-01
     vertex 7.175931171166e+00 -1.951848399208e+00 -1.148551765522e+00
     vertex 7.064142455782e+00 -1.873573098009e+00 -7.946268876467e-01
   endloop
 endfacet
 facet normal 5.820958231217e-01 -7.355774351256e-01 3.465404588766e-01
   outer loop
     vertex 6.805891818206e+00 -2.093185388288e+00 -8.269902884174e-01
     vertex 6.918030267131e+00 -2.171705575549e+00 -1.182022428332e+00
     vertex 7.175931171166e+00 -1.951848399208e+00 -1.148551765522e+00
   endloop
 endfacet
 facet normal 6.658426493710e-01 -6.624337632823e-01 3.432711399786e-01
   outer loop
     vertex 6.958839287514e+00 -1.799839025790e+00 -4.480807739917e-01
     vertex 7.286561028049e+00 -1.640503676266e+00 -7.762819643767e-01
     vertex 7.181444601996e+00 -1.566900362354e+00 -4.303504076248e-01
   endloop
 endfacet
 facet normal 6.658426493710e-01 -6.624337632823e-01 3.432711399786e-01
   outer loop
     vertex 6.958839287514e+00 -1.799839025790e+00 -4.480807739917e-01
     vertex 7.064142455782e+00 -1.873573098009e+00 -7.946268876467e-01
     vertex 7.286561028049e+00 -1.640503676266e+00 -7.762819643767e-01
   endloop
 endfacet
 facet normal 3.610805014603e-01 -8.900011712445e-01 2.784219579137e-01
   outer loop
     vertex 6.344336457015e+00 -2.519370648124e+00 -1.288355591442e+00
     vertex 6.297633716269e+00 -2.588886064242e+00 -1.450000000000e+00
     vertex 6.596150004368e+00 -2.467775649466e+00 -1.450000000000e+00
   endloop
 endfacet
 facet normal 3.905488609635e-01 -8.575929736656e-01 3.346727935155e-01
   outer loop
     vertex 6.344336457015e+00 -2.519370648124e+00 -1.288355591442e+00
     vertex 6.596150004368e+00 -2.467775649466e+00 -1.450000000000e+00
     vertex 6.639638331925e+00 -2.361660905210e+00 -1.228831910695e+00
   endloop
 endfacet
 facet normal 4.924993056509e-01 -8.039376117025e-01 3.333597912519e-01
   outer loop
     vertex 6.527010772696e+00 -2.282798239227e+00 -8.722512396625e-01
     vertex 6.918030267131e+00 -2.171705575549e+00 -1.182022428332e+00
     vertex 6.805891818206e+00 -2.093185388288e+00 -8.269902884174e-01
   endloop
 endfacet
 facet normal 4.924993056509e-01 -8.039376117025e-01 3.333597912519e-01
   outer loop
     vertex 6.527010772696e+00 -2.282798239227e+00 -8.722512396625e-01
     vertex 6.639638331925e+00 -2.361660905210e+00 -1.228831910695e+00
     vertex 6.918030267131e+00 -2.171705575549e+00 -1.182022428332e+00
   endloop
 endfacet
 facet normal 5.856699123933e-01 -7.380803625695e-01 3.350046747531e-01
   outer loop
     vertex 6.700259206577e+00 -2.019220637345e+00 -4.793599973548e-01
     vertex 6.805891818206e+00 -2.093185388288e+00 -8.269902884174e-01
     vertex 7.064142455782e+00 -1.873573098009e+00 -7.946268876467e-01
   endloop
 endfacet
 facet normal 4.959373514865e-01 -8.063453759287e-01 3.222627470231e-01
   outer loop
     vertex 6.700259206577e+00 -2.019220637345e+00 -4.793599973548e-01
     vertex 6.527010772696e+00 -2.282798239227e+00 -8.722512396625e-01
     vertex 6.805891818206e+00 -2.093185388288e+00 -8.269902884174e-01
   endloop
 endfacet
 facet normal 5.856699123933e-01 -7.380803625695e-01 3.350046747531e-01
   outer loop
     vertex 6.700259206577e+00 -2.019220637345e+00 -4.793599973548e-01
     vertex 7.064142455782e+00 -1.873573098009e+00 -7.946268876467e-01
     vertex 6.958839287514e+00 -1.799839025790e+00 -4.480807739917e-01
   endloop
 endfacet
 facet normal 2.762613407100e-01 -9.292842704295e-01 2.451742571342e-01
   outer loop
     vertex 6.036259836135e+00 -2.642771549851e+00 -1.359727209411e+00
     vertex 5.990320129300e+00 -2.680245475195e+00 -1.450000000000e+00
     vertex 6.297633716269e+00 -2.588886064242e+00 -1.450000000000e+00
   endloop
 endfacet
 facet normal 2.922873310173e-01 -9.062884049683e-01 3.053022160855e-01
   outer loop
     vertex 6.036259836135e+00 -2.642771549851e+00 -1.359727209411e+00
     vertex 6.297633716269e+00 -2.588886064242e+00 -1.450000000000e+00
     vertex 6.344336457015e+00 -2.519370648124e+00 -1.288355591442e+00
   endloop
 endfacet
 facet normal 3.966368405017e-01 -8.619078098046e-01 3.159021116655e-01
   outer loop
     vertex 6.231086937361e+00 -2.440072480763e+00 -9.298057836605e-01
     vertex 6.344336457015e+00 -2.519370648124e+00 -1.288355591442e+00
     vertex 6.639638331925e+00 -2.361660905210e+00 -1.228831910695e+00
   endloop
 endfacet
 facet normal 3.966368405017e-01 -8.619078098046e-01 3.159021116655e-01
   outer loop
     vertex 6.231086937361e+00 -2.440072480763e+00 -9.298057836605e-01
     vertex 6.639638331925e+00 -2.361660905210e+00 -1.228831910695e+00
     vertex 6.527010772696e+00 -2.282798239227e+00 -8.722512396625e-01
   endloop
 endfacet
 facet normal 4.959373514865e-01 -8.063453759287e-01 3.222627470231e-01
   outer loop
     vertex 6.420917427044e+00 -2.208510878848e+00 -5.231047018638e-01
     vertex 6.527010772696e+00 -2.282798239227e+00 -8.722512396625e-01
     vertex 6.700259206577e+00 -2.019220637345e+00 -4.793599973548e-01
   endloop
 endfacet
 facet normal 7.430931217944e-01 -5.859643217350e-01 3.232002877405e-01
   outer loop
     vertex 6.882805464070e+00 -1.357790986774e+00 6.353891222773e-01
     vertex 7.181444601996e+00 -1.566900362354e+00 -4.303504076248e-01
     vertex 7.081168022374e+00 -1.103313528450e+00 6.406888037205e-01
   endloop
 endfacet
 facet normal 1.838050166889e-01 -9.804610222588e-01 7.008494611050e-02
   outer loop
     vertex 5.719325858790e+00 -2.730476237469e+00 -1.441998254734e+00
     vertex 5.690285522894e+00 -2.736492347418e+00 -1.450000000000e+00
     vertex 5.990320129300e+00 -2.680245475195e+00 -1.450000000000e+00
   endloop
 endfacet
 facet normal 1.825204128329e-01 -9.374965307184e-01 2.962879575518e-01
   outer loop
     vertex 5.719325858790e+00 -2.730476237469e+00 -1.441998254734e+00
     vertex 5.990320129300e+00 -2.680245475195e+00 -1.450000000000e+00
     vertex 6.036259836135e+00 -2.642771549851e+00 -1.359727209411e+00
   endloop
 endfacet
 facet normal 2.957964775105e-01 -9.087500134534e-01 2.944110339998e-01
   outer loop
     vertex 5.922264557460e+00 -2.562951196402e+00 -9.988163165285e-01
     vertex 6.036259836135e+00 -2.642771549851e+00 -1.359727209411e+00
     vertex 6.344336457015e+00 -2.519370648124e+00 -1.288355591442e+00
   endloop
 endfacet
 facet normal 2.957964775105e-01 -9.087500134534e-01 2.944110339998e-01
   outer loop
     vertex 5.922264557460e+00 -2.562951196402e+00 -9.988163165285e-01
     vertex 6.344336457015e+00 -2.519370648124e+00 -1.288355591442e+00
     vertex 6.231086937361e+00 -2.440072480763e+00 -9.298057836605e-01
   endloop
 endfacet
 facet normal 3.998947386348e-01 -8.641894929868e-01 3.053861788349e-01
   outer loop
     vertex 6.124407715012e+00 -2.365374885105e+00 -5.787311624459e-01
     vertex 6.527010772696e+00 -2.282798239227e+00 -8.722512396625e-01
     vertex 6.420917427044e+00 -2.208510878848e+00 -5.231047018638e-01
   endloop
 endfacet
 facet normal 3.998947386348e-01 -8.641894929868e-01 3.053861788349e-01
   outer loop
     vertex 6.124407715012e+00 -2.365374885105e+00 -5.787311624459e-01
     vertex 6.231086937361e+00 -2.440072480763e+00 -9.298057836605e-01
     vertex 6.527010772696e+00 -2.282798239227e+00 -8.722512396625e-01
   endloop
 endfacet
 facet normal 6.728131743085e-01 -6.672828242144e-01 3.194621495348e-01
   outer loop
     vertex 6.659669608965e+00 -1.590358161666e+00 6.195520714299e-01
     vertex 6.958839287514e+00 -1.799839025790e+00 -4.480807739917e-01
     vertex 7.181444601996e+00 -1.566900362354e+00 -4.303504076248e-01
   endloop
 endfacet
 facet normal 6.728131743085e-01 -6.672828242144e-01 3.194621495348e-01
   outer loop
     vertex 6.659669608965e+00 -1.590358161666e+00 6.195520714299e-01
     vertex 7.181444601996e+00 -1.566900362354e+00 -4.303504076248e-01
     vertex 6.882805464070e+00 -1.357790986774e+00 6.353891222773e-01
   endloop
 endfacet
 facet normal 1.289861792505e-01 -9.588793656851e-01 2.528100623504e-01
   outer loop
     vertex 5.604470933439e+00 -2.650053952938e+00 -1.078365706594e+00
     vertex 5.690285522894e+00 -2.736492347418e+00 -1.450000000000e+00
     vertex 5.719325858790e+00 -2.730476237469e+00 -1.441998254734e+00
   endloop
 endfacet
 facet normal 7.245886516414e-02 -9.676193776711e-01 2.417901007371e-01
   outer loop
     vertex 5.604470933439e+00 -2.650053952938e+00 -1.078365706594e+00
     vertex 5.378804167296e+00 -2.759817206414e+00 -1.450000000000e+00
     vertex 5.690285522894e+00 -2.736492347418e+00 -1.450000000000e+00
   endloop
 endfacet
 facet normal 1.913257203092e-01 -9.438927294853e-01 2.691857796633e-01
   outer loop
     vertex 5.604470933439e+00 -2.650053952938e+00 -1.078365706594e+00
     vertex 6.036259836135e+00 -2.642771549851e+00 -1.359727209411e+00
     vertex 5.922264557460e+00 -2.562951196402e+00 -9.988163165285e-01
   endloop
 endfacet
 facet normal 1.913257203092e-01 -9.438927294853e-01 2.691857796633e-01
   outer loop
     vertex 5.604470933439e+00 -2.650053952938e+00 -1.078365706594e+00
     vertex 5.719325858790e+00 -2.730476237469e+00 -1.441998254734e+00
     vertex 6.036259836135e+00 -2.642771549851e+00 -1.359727209411e+00
   endloop
 endfacet
 facet normal 2.988326455448e-01 -9.108764602112e-01 2.846104780045e-01
   outer loop
     vertex 5.814882842132e+00 -2.487761709864e+00 -6.454298350384e-01
     vertex 5.922264557460e+00 -2.562951196402e+00 -9.988163165285e-01
     vertex 6.231086937361e+00 -2.440072480763e+00 -9.298057836605e-01
   endloop
 endfacet
 facet normal 2.988326455448e-01 -9.108764602112e-01 2.846104780044e-01
   outer loop
     vertex 5.814882842132e+00 -2.487761709864e+00 -6.454298350384e-01
     vertex 6.231086937361e+00 -2.440072480763e+00 -9.298057836605e-01
     vertex 6.124407715012e+00 -2.365374885105e+00 -5.787311624459e-01
   endloop
 endfacet
 facet normal 5.924875190906e-01 -7.428035467091e-01 3.117714398695e-01
   outer loop
     vertex 6.400153568877e+00 -1.809084407568e+00 5.916129617343e-01
     vertex 6.700259206577e+00 -2.019220637345e+00 -4.793599973548e-01
     vertex 6.958839287514e+00 -1.799839025790e+00 -4.480807739917e-01
   endloop
 endfacet
 facet normal 5.924875190906e-01 -7.428035467091e-01 3.117714398695e-01
   outer loop
     vertex 6.400153568877e+00 -1.809084407568e+00 5.916129617343e-01
     vertex 6.958839287514e+00 -1.799839025790e+00 -4.480807739917e-01
     vertex 6.659669608965e+00 -1.590358161666e+00 6.195520714299e-01
   endloop
 endfacet
 facet normal -1.897363090135e-02 -9.794221888725e-01 2.009282888861e-01
   outer loop
     vertex 5.289482707455e+00 -2.699656078032e+00 -1.165180017947e+00
     vertex 5.055767724400e+00 -2.753559257284e+00 -1.450000000000e+00
     vertex 5.378804167296e+00 -2.759817206414e+00 -1.450000000000e+00
   endloop
 endfacet
 facet normal 8.849159161736e-02 -9.685997332652e-01 2.323441304005e-01
   outer loop
     vertex 5.289482707455e+00 -2.699656078032e+00 -1.165180017947e+00
     vertex 5.378804167296e+00 -2.759817206414e+00 -1.450000000000e+00
     vertex 5.604470933439e+00 -2.650053952938e+00 -1.078365706594e+00
   endloop
 endfacet
 facet normal 1.941016693411e-01 -9.458369514758e-01 2.602249088423e-01
   outer loop
     vertex 5.496279444796e+00 -2.574297457020e+00 -7.223143119781e-01
     vertex 5.922264557460e+00 -2.562951196402e+00 -9.988163165285e-01
     vertex 5.814882842132e+00 -2.487761709864e+00 -6.454298350384e-01
   endloop
 endfacet
 facet normal 1.941016693411e-01 -9.458369514758e-01 2.602249088423e-01
   outer loop
     vertex 5.496279444796e+00 -2.574297457020e+00 -7.223143119781e-01
     vertex 5.604470933439e+00 -2.650053952938e+00 -1.078365706594e+00
     vertex 5.922264557460e+00 -2.562951196402e+00 -9.988163165285e-01
   endloop
 endfacet
 facet normal 7.166326396810e-01 -6.443214455286e-01 2.669972557459e-01
   outer loop
     vertex 6.665414538654e+00 -1.205572222059e+00 1.509817763724e+00
     vertex 7.081168022374e+00 -1.103313528450e+00 6.406888037205e-01
     vertex 6.591325576042e+00 -7.603221549932e-01 2.783159449323e+00
   endloop
 endfacet
 facet normal 7.518679709415e-01 -5.921127016885e-01 2.899950047353e-01
   outer loop
     vertex 6.665414538654e+00 -1.205572222059e+00 1.509817763724e+00
     vertex 6.882805464070e+00 -1.357790986774e+00 6.353891222773e-01
     vertex 7.081168022374e+00 -1.103313528450e+00 6.406888037205e-01
   endloop
 endfacet
 facet normal 5.025118271850e-01 -8.108833904651e-01 2.999166394299e-01
   outer loop
     vertex 6.119502829206e+00 -1.997458105315e+00 5.525394820736e-01
     vertex 6.420917427044e+00 -2.208510878848e+00 -5.231047018638e-01
     vertex 6.700259206577e+00 -2.019220637345e+00 -4.793599973548e-01
   endloop
 endfacet
 facet normal 5.025118271850e-01 -8.108833904651e-01 2.999166394299e-01
   outer loop
     vertex 6.119502829206e+00 -1.997458105315e+00 5.525394820736e-01
     vertex 6.700259206577e+00 -2.019220637345e+00 -4.793599973548e-01
     vertex 6.400153568877e+00 -1.809084407568e+00 5.916129617343e-01
   endloop
 endfacet
 facet normal -1.068318765541e-01 -9.806169136236e-01 1.642480406802e-01
   outer loop
     vertex 4.994277388409e+00 -2.713951658275e+00 -1.253524271105e+00
     vertex 4.737710649757e+00 -2.718908994104e+00 -1.450000000000e+00
     vertex 5.055767724400e+00 -2.753559257284e+00 -1.450000000000e+00
   endloop
 endfacet
 facet normal -1.067519403626e-02 -9.808658278780e-01 1.943920469911e-01
   outer loop
     vertex 4.994277388409e+00 -2.713951658275e+00 -1.253524271105e+00
     vertex 5.055767724400e+00 -2.753559257284e+00 -1.450000000000e+00
     vertex 5.289482707455e+00 -2.699656078032e+00 -1.165180017947e+00
   endloop
 endfacet
 facet normal 8.831992430796e-02 -9.684819663302e-01 2.328997034420e-01
   outer loop
     vertex 5.180407492204e+00 -2.623280790081e+00 -8.062203345608e-01
     vertex 5.289482707455e+00 -2.699656078032e+00 -1.165180017947e+00
     vertex 5.604470933439e+00 -2.650053952938e+00 -1.078365706594e+00
   endloop
 endfacet
 facet normal 8.831992430796e-02 -9.684819663302e-01 2.328997034420e-01
   outer loop
     vertex 5.180407492204e+00 -2.623280790081e+00 -8.062203345608e-01
     vertex 5.604470933439e+00 -2.650053952938e+00 -1.078365706594e+00
     vertex 5.496279444796e+00 -2.574297457020e+00 -7.223143119781e-01
   endloop
 endfacet
 facet normal 6.814816259086e-01 -6.733646981678e-01 2.866405009947e-01
   outer loop
     vertex 6.441892482604e+00 -1.437868976139e+00 1.495534159353e+00
     vertex 6.659669608965e+00 -1.590358161666e+00 6.195520714299e-01
     vertex 6.882805464070e+00 -1.357790986774e+00 6.353891222773e-01
   endloop
 endfacet
 facet normal 6.814816259085e-01 -6.733646981678e-01 2.866405009947e-01
   outer loop
     vertex 6.441892482604e+00 -1.437868976139e+00 1.495534159353e+00
     vertex 6.882805464070e+00 -1.357790986774e+00 6.353891222773e-01
     vertex 6.665414538654e+00 -1.205572222059e+00 1.509817763724e+00
   endloop
 endfacet
 facet normal 4.061408188535e-01 -8.684882166953e-01 2.842144484759e-01
   outer loop
     vertex 5.821328622687e+00 -2.153156619985e+00 5.028530251516e-01
     vertex 6.124407715012e+00 -2.365374885105e+00 -5.787311624459e-01
     vertex 6.420917427044e+00 -2.208510878848e+00 -5.231047018638e-01
   endloop
 endfacet
 facet normal 4.061408188535e-01 -8.684882166953e-01 2.842144484759e-01
   outer loop
     vertex 5.821328622687e+00 -2.153156619985e+00 5.028530251516e-01
     vertex 6.420917427044e+00 -2.208510878848e+00 -5.231047018638e-01
     vertex 6.119502829206e+00 -1.997458105315e+00 5.525394820736e-01
   endloop
 endfacet
 facet normal -2.082049952315e-01 -9.688681465326e-01 1.339596752578e-01
   outer loop
     vertex 4.705410806250e+00 -2.697662943472e+00 -1.346538768801e+00
     vertex 4.406846992209e+00 -2.647808022843e+00 -1.450000000000e+00
     vertex 4.737710649757e+00 -2.718908994104e+00 -1.450000000000e+00
   endloop
 endfacet
 facet normal -1.090807530846e-01 -9.798759657285e-01 1.671660285291e-01
   outer loop
     vertex 4.705410806250e+00 -2.697662943472e+00 -1.346538768801e+00
     vertex 4.737710649757e+00 -2.718908994104e+00 -1.450000000000e+00
     vertex 4.994277388409e+00 -2.713951658275e+00 -1.253524271105e+00
   endloop
 endfacet
 facet normal -1.368139811463e-02 -9.788520362742e-01 2.041115146861e-01
   outer loop
     vertex 4.884302872501e+00 -2.636946673225e+00 -8.916050457338e-01
     vertex 4.994277388409e+00 -2.713951658275e+00 -1.253524271105e+00
     vertex 5.289482707455e+00 -2.699656078032e+00 -1.165180017947e+00
   endloop
 endfacet
 facet normal -1.368139811462e-02 -9.788520362742e-01 2.041115146861e-01
   outer loop
     vertex 4.884302872501e+00 -2.636946673225e+00 -8.916050457338e-01
     vertex 5.289482707455e+00 -2.699656078032e+00 -1.165180017947e+00
     vertex 5.180407492204e+00 -2.623280790081e+00 -8.062203345608e-01
   endloop
 endfacet
 facet normal 6.009415405409e-01 -7.487424748900e-01 2.797391126531e-01
   outer loop
     vertex 6.181695121818e+00 -1.656118156152e+00 1.470335579566e+00
     vertex 6.659669608965e+00 -1.590358161666e+00 6.195520714299e-01
     vertex 6.441892482604e+00 -1.437868976139e+00 1.495534159353e+00
   endloop
 endfacet
 facet normal 6.009415405409e-01 -7.487424748900e-01 2.797391126531e-01
   outer loop
     vertex 6.181695121818e+00 -1.656118156152e+00 1.470335579566e+00
     vertex 6.400153568877e+00 -1.809084407568e+00 5.916129617343e-01
     vertex 6.659669608965e+00 -1.590358161666e+00 6.195520714299e-01
   endloop
 endfacet
 facet normal 3.046683886708e-01 -9.148846286257e-01 2.648835390304e-01
   outer loop
     vertex 5.509807944723e+00 -2.274145966980e+00 4.432766888570e-01
     vertex 5.814882842132e+00 -2.487761709864e+00 -6.454298350384e-01
     vertex 6.124407715012e+00 -2.365374885105e+00 -5.787311624459e-01
   endloop
 endfacet
 facet normal 3.046683886708e-01 -9.148846286257e-01 2.648835390304e-01
   outer loop
     vertex 5.509807944723e+00 -2.274145966980e+00 4.432766888570e-01
     vertex 6.124407715012e+00 -2.365374885105e+00 -5.787311624459e-01
     vertex 5.821328622687e+00 -2.153156619985e+00 5.028530251516e-01
   endloop
 endfacet
 facet normal -2.106434621024e-01 -9.672256760389e-01 1.417879525370e-01
   outer loop
     vertex 4.594489448914e+00 -2.619994972917e+00 -9.815035477500e-01
     vertex 4.406846992209e+00 -2.647808022843e+00 -1.450000000000e+00
     vertex 4.705410806250e+00 -2.697662943472e+00 -1.346538768801e+00
   endloop
 endfacet
 facet normal -1.113074997864e-01 -9.783734552740e-01 1.743445511238e-01
   outer loop
     vertex 4.594489448914e+00 -2.619994972917e+00 -9.815035477500e-01
     vertex 4.705410806250e+00 -2.697662943472e+00 -1.346538768801e+00
     vertex 4.994277388409e+00 -2.713951658275e+00 -1.253524271105e+00
   endloop
 endfacet
 facet normal -1.113074997864e-01 -9.783734552740e-01 1.743445511238e-01
   outer loop
     vertex 4.594489448914e+00 -2.619994972917e+00 -9.815035477500e-01
     vertex 4.994277388409e+00 -2.713951658275e+00 -1.253524271105e+00
     vertex 4.884302872501e+00 -2.636946673225e+00 -8.916050457338e-01
   endloop
 endfacet
 facet normal 5.106381625298e-01 -8.165985866300e-01 2.691011246393e-01
   outer loop
     vertex 5.900091539670e+00 -1.843824666414e+00 1.435094793245e+00
     vertex 6.119502829206e+00 -1.997458105315e+00 5.525394820736e-01
     vertex 6.400153568877e+00 -1.809084407568e+00 5.916129617343e-01
   endloop
 endfacet
 facet normal 5.106381625298e-01 -8.165985866300e-01 2.691011246393e-01
   outer loop
     vertex 5.900091539670e+00 -1.843824666414e+00 1.435094793245e+00
     vertex 6.400153568877e+00 -1.809084407568e+00 5.916129617343e-01
     vertex 6.181695121818e+00 -1.656118156152e+00 1.470335579566e+00
   endloop
 endfacet
 facet normal 1.994498461709e-01 -9.495064516388e-01 2.421926034353e-01
   outer loop
     vertex 5.188903955426e+00 -2.359070822302e+00 3.746022268932e-01
     vertex 5.496279444796e+00 -2.574297457020e+00 -7.223143119781e-01
     vertex 5.814882842132e+00 -2.487761709864e+00 -6.454298350384e-01
   endloop
 endfacet
 facet normal 1.994498461709e-01 -9.495064516388e-01 2.421926034353e-01
   outer loop
     vertex 5.188903955426e+00 -2.359070822302e+00 3.746022268932e-01
     vertex 5.814882842132e+00 -2.487761709864e+00 -6.454298350384e-01
     vertex 5.509807944723e+00 -2.274145966980e+00 4.432766888570e-01
   endloop
 endfacet
 facet normal -3.226614548141e-01 -9.410989993536e-01 1.011051877645e-01
   outer loop
     vertex 4.294336546566e+00 -2.569638998307e+00 -1.081453068606e+00
     vertex 4.037769189373e+00 -2.521267477285e+00 -1.450000000000e+00
     vertex 4.406846992209e+00 -2.647808022843e+00 -1.450000000000e+00
   endloop
 endfacet
 facet normal -2.093802700425e-01 -9.675709286014e-01 1.413025146355e-01
   outer loop
     vertex 4.294336546566e+00 -2.569638998307e+00 -1.081453068606e+00
     vertex 4.406846992209e+00 -2.647808022843e+00 -1.450000000000e+00
     vertex 4.594489448914e+00 -2.619994972917e+00 -9.815035477500e-01
   endloop
 endfacet
 facet normal 4.138355659136e-01 -8.739047906099e-01 2.550108651295e-01
   outer loop
     vertex 5.600705683535e+00 -1.998674774889e+00 1.390282050007e+00
     vertex 6.119502829206e+00 -1.997458105315e+00 5.525394820736e-01
     vertex 5.900091539670e+00 -1.843824666414e+00 1.435094793245e+00
   endloop
 endfacet
 facet normal 4.138355659136e-01 -8.739047906099e-01 2.550108651295e-01
   outer loop
     vertex 5.600705683535e+00 -1.998674774889e+00 1.390282050007e+00
     vertex 5.821328622687e+00 -2.153156619985e+00 5.028530251516e-01
     vertex 6.119502829206e+00 -1.997458105315e+00 5.525394820736e-01
   endloop
 endfacet
 facet normal 7.603584810830e-01 -5.980493029990e-01 2.533614245058e-01
   outer loop
     vertex 6.392671636187e+00 -1.014595585759e+00 2.779134211175e+00
     vertex 6.665414538654e+00 -1.205572222059e+00 1.509817763724e+00
     vertex 6.591325576042e+00 -7.603221549932e-01 2.783159449323e+00
   endloop
 endfacet
 facet normal 9.311617654463e-02 -9.717727875173e-01 2.167649120742e-01
   outer loop
     vertex 4.870521307194e+00 -2.406296147351e+00 2.996560064628e-01
     vertex 5.496279444796e+00 -2.574297457020e+00 -7.223143119781e-01
     vertex 5.188903955426e+00 -2.359070822302e+00 3.746022268932e-01
   endloop
 endfacet
 facet normal 9.311617654463e-02 -9.717727875173e-01 2.167649120742e-01
   outer loop
     vertex 4.870521307194e+00 -2.406296147351e+00 2.996560064628e-01
     vertex 5.180407492204e+00 -2.623280790081e+00 -8.062203345608e-01
     vertex 5.496279444796e+00 -2.574297457020e+00 -7.223143119781e-01
   endloop
 endfacet
 facet normal -4.233124298724e-01 -9.045812226756e-01 5.039244286894e-02
   outer loop
     vertex 3.961448718007e+00 -2.471685798982e+00 -1.201088649709e+00
     vertex 3.676381970419e+00 -2.352150876204e+00 -1.450000000000e+00
     vertex 4.037769189373e+00 -2.521267477285e+00 -1.450000000000e+00
   endloop
 endfacet
 facet normal -3.116224345391e-01 -9.456614811159e-01 9.282144916746e-02
   outer loop
     vertex 3.961448718007e+00 -2.471685798982e+00 -1.201088649709e+00
     vertex 4.037769189373e+00 -2.521267477285e+00 -1.450000000000e+00
     vertex 4.294336546566e+00 -2.569638998307e+00 -1.081453068606e+00
   endloop
 endfacet
 facet normal 3.118341428552e-01 -9.199320366604e-01 2.376647118856e-01
   outer loop
     vertex 5.287732182217e+00 -2.118646844019e+00 1.336549519519e+00
     vertex 5.821328622687e+00 -2.153156619985e+00 5.028530251516e-01
     vertex 5.600705683535e+00 -1.998674774889e+00 1.390282050007e+00
   endloop
 endfacet
 facet normal 3.118341428552e-01 -9.199320366604e-01 2.376647118856e-01
   outer loop
     vertex 5.287732182217e+00 -2.118646844019e+00 1.336549519519e+00
     vertex 5.509807944723e+00 -2.274145966980e+00 4.432766888570e-01
     vertex 5.821328622687e+00 -2.153156619985e+00 5.028530251516e-01
   endloop
 endfacet
 facet normal 6.898839853020e-01 -6.792232240060e-01 2.504314253339e-01
   outer loop
     vertex 6.168665044886e+00 -1.246553064603e+00 2.767105582304e+00
     vertex 6.665414538654e+00 -1.205572222059e+00 1.509817763724e+00
     vertex 6.392671636187e+00 -1.014595585759e+00 2.779134211175e+00
   endloop
 endfacet
 facet normal 6.898839853020e-01 -6.792232240060e-01 2.504314253339e-01
   outer loop
     vertex 6.168665044886e+00 -1.246553064603e+00 2.767105582304e+00
     vertex 6.441892482604e+00 -1.437868976139e+00 1.495534159353e+00
     vertex 6.665414538654e+00 -1.205572222059e+00 1.509817763724e+00
   endloop
 endfacet
 facet normal -9.471376694986e-03 -9.817433596166e-01 1.899743900429e-01
   outer loop
     vertex 4.571861745481e+00 -2.418173040839e+00 2.233889973974e-01
     vertex 4.884302872501e+00 -2.636946673225e+00 -8.916050457338e-01
     vertex 5.180407492204e+00 -2.623280790081e+00 -8.062203345608e-01
   endloop
 endfacet
 facet normal -9.471376694988e-03 -9.817433596166e-01 1.899743900429e-01
   outer loop
     vertex 4.571861745481e+00 -2.418173040839e+00 2.233889973974e-01
     vertex 5.180407492204e+00 -2.623280790081e+00 -8.062203345608e-01
     vertex 4.870521307194e+00 -2.406296147351e+00 2.996560064628e-01
   endloop
 endfacet
 facet normal -4.188510792951e-01 -9.069819752803e-01 4.413014717888e-02
   outer loop
     vertex 3.638373039577e+00 -2.328623713490e+00 -1.327212491884e+00
     vertex 3.676381970419e+00 -2.352150876204e+00 -1.450000000000e+00
     vertex 3.961448718007e+00 -2.471685798982e+00 -1.201088649709e+00
   endloop
 endfacet
 facet normal -5.208667416279e-01 -8.536348232737e-01 2.329369080820e-03
   outer loop
     vertex 3.638373039577e+00 -2.328623713490e+00 -1.327212491884e+00
     vertex 3.349504566486e+00 -2.152698412860e+00 -1.450000000000e+00
     vertex 3.676381970419e+00 -2.352150876204e+00 -1.450000000000e+00
   endloop
 endfacet
 facet normal -1.077074199041e-01 -9.808501533254e-01 1.622716500782e-01
   outer loop
     vertex 4.279358315026e+00 -2.399337777444e+00 1.430901971316e-01
     vertex 4.884302872501e+00 -2.636946673225e+00 -8.916050457338e-01
     vertex 4.571861745481e+00 -2.418173040839e+00 2.233889973974e-01
   endloop
 endfacet
 facet normal -1.077074199041e-01 -9.808501533254e-01 1.622716500782e-01
   outer loop
     vertex 4.279358315026e+00 -2.399337777444e+00 1.430901971316e-01
     vertex 4.594489448914e+00 -2.619994972917e+00 -9.815035477500e-01
     vertex 4.884302872501e+00 -2.636946673225e+00 -8.916050457338e-01
   endloop
 endfacet
 facet normal 2.059969437978e-01 -9.541196270169e-01 2.173039265338e-01
   outer loop
     vertex 4.965153503464e+00 -2.202399069161e+00 1.274611292855e+00
     vertex 5.509807944723e+00 -2.274145966980e+00 4.432766888570e-01
     vertex 5.287732182217e+00 -2.118646844019e+00 1.336549519519e+00
   endloop
 endfacet
 facet normal 2.059969437978e-01 -9.541196270169e-01 2.173039265338e-01
   outer loop
     vertex 4.965153503464e+00 -2.202399069161e+00 1.274611292855e+00
     vertex 5.188903955426e+00 -2.359070822302e+00 3.746022268932e-01
     vertex 5.509807944723e+00 -2.274145966980e+00 4.432766888570e-01
   endloop
 endfacet
 facet normal 6.091534010668e-01 -7.544528852947e-01 2.444033097961e-01
   outer loop
     vertex 5.907612885839e+00 -1.464203708431e+00 2.745885142668e+00
     vertex 6.441892482604e+00 -1.437868976139e+00 1.495534159353e+00
     vertex 6.168665044886e+00 -1.246553064603e+00 2.767105582304e+00
   endloop
 endfacet
 facet normal 6.091534010668e-01 -7.544528852947e-01 2.444033097961e-01
   outer loop
     vertex 5.907612885839e+00 -1.464203708431e+00 2.745885142668e+00
     vertex 6.181695121818e+00 -1.656118156152e+00 1.470335579566e+00
     vertex 6.441892482604e+00 -1.437868976139e+00 1.495534159353e+00
   endloop
 endfacet
 facet normal 7.671204476448e-01 -6.027955316525e-01 2.194624474140e-01
   outer loop
     vertex 6.261624571995e+00 -9.228354435512e-01 3.489239689757e+00
     vertex 6.392671636187e+00 -1.014595585759e+00 2.779134211175e+00
     vertex 6.591325576042e+00 -7.603221549932e-01 2.783159449323e+00
   endloop
 endfacet
 facet normal 7.347874591365e-01 -6.501198464804e-01 1.934724143334e-01
   outer loop
     vertex 6.261624571995e+00 -9.228354435512e-01 3.489239689757e+00
     vertex 6.591325576042e+00 -7.603221549932e-01 2.783159449323e+00
     vertex 6.236606306389e+00 -5.119450484342e-01 4.964959674924e+00
   endloop
 endfacet
 facet normal 6.965542010107e-01 -6.839271858289e-01 2.169236030000e-01
   outer loop
     vertex 6.261624571995e+00 -9.228354435512e-01 3.489239689757e+00
     vertex 6.168665044886e+00 -1.246553064603e+00 2.767105582304e+00
     vertex 6.392671636187e+00 -1.014595585759e+00 2.779134211175e+00
   endloop
 endfacet
 facet normal -2.066903938129e-01 -9.694213727062e-01 1.322924156782e-01
   outer loop
     vertex 3.976214652080e+00 -2.346887649719e+00 5.381366379790e-02
     vertex 4.594489448914e+00 -2.619994972917e+00 -9.815035477500e-01
     vertex 4.279358315026e+00 -2.399337777444e+00 1.430901971316e-01
   endloop
 endfacet
 facet normal -2.066903938129e-01 -9.694213727062e-01 1.322924156782e-01
   outer loop
     vertex 3.976214652080e+00 -2.346887649719e+00 5.381366379790e-02
     vertex 4.294336546566e+00 -2.569638998307e+00 -1.081453068606e+00
     vertex 4.594489448914e+00 -2.619994972917e+00 -9.815035477500e-01
   endloop
 endfacet
 facet normal 9.897215405972e-02 -9.758990554839e-01 1.944879076610e-01
   outer loop
     vertex 4.644943223220e+00 -2.248344672497e+00 1.207016500615e+00
     vertex 5.188903955426e+00 -2.359070822302e+00 3.746022268932e-01
     vertex 4.965153503464e+00 -2.202399069161e+00 1.274611292855e+00
   endloop
 endfacet
 facet normal -4.341724349642e-03 -9.853568427481e-01 1.704495288326e-01
   outer loop
     vertex 4.644943223220e+00 -2.248344672497e+00 1.207016500615e+00
     vertex 4.571861745481e+00 -2.418173040839e+00 2.233889973974e-01
     vertex 4.870521307194e+00 -2.406296147351e+00 2.996560064628e-01
   endloop
 endfacet
 facet normal 9.897215405973e-02 -9.758990554839e-01 1.944879076610e-01
   outer loop
     vertex 4.644943223220e+00 -2.248344672497e+00 1.207016500615e+00
     vertex 4.870521307194e+00 -2.406296147351e+00 2.996560064628e-01
     vertex 5.188903955426e+00 -2.359070822302e+00 3.746022268932e-01
   endloop
 endfacet
 facet normal 5.185505549798e-01 -8.220876148010e-01 2.351111982041e-01
   outer loop
     vertex 5.624813848905e+00 -1.651073152239e+00 2.716207875728e+00
     vertex 6.181695121818e+00 -1.656118156152e+00 1.470335579566e+00
     vertex 5.907612885839e+00 -1.464203708431e+00 2.745885142668e+00
   endloop
 endfacet
 facet normal 5.185505549798e-01 -8.220876148010e-01 2.351111982041e-01
   outer loop
     vertex 5.624813848905e+00 -1.651073152239e+00 2.716207875728e+00
     vertex 5.900091539670e+00 -1.843824666414e+00 1.435094793245e+00
     vertex 6.181695121818e+00 -1.656118156152e+00 1.470335579566e+00
   endloop
 endfacet
 facet normal 6.965542010107e-01 -6.839271858289e-01 2.169236030000e-01
   outer loop
     vertex 6.037385171989e+00 -1.154629907985e+00 3.478472582754e+00
     vertex 6.168665044886e+00 -1.246553064603e+00 2.767105582304e+00
     vertex 6.261624571995e+00 -9.228354435512e-01 3.489239689757e+00
   endloop
 endfacet
 facet normal -4.341724349638e-03 -9.853568427481e-01 1.704495288326e-01
   outer loop
     vertex 4.344423820858e+00 -2.258919291543e+00 1.138230475076e+00
     vertex 4.571861745481e+00 -2.418173040839e+00 2.233889973974e-01
     vertex 4.644943223220e+00 -2.248344672497e+00 1.207016500615e+00
   endloop
 endfacet
 facet normal -3.130682883271e-01 -9.446989543204e-01 9.763264080159e-02
   outer loop
     vertex 3.639747002639e+00 -2.246427832826e+00 -5.304677788027e-02
     vertex 4.294336546566e+00 -2.569638998307e+00 -1.081453068606e+00
     vertex 3.976214652080e+00 -2.346887649719e+00 5.381366379790e-02
   endloop
 endfacet
 facet normal -3.130682883271e-01 -9.446989543204e-01 9.763264080159e-02
   outer loop
     vertex 3.639747002639e+00 -2.246427832826e+00 -5.304677788027e-02
     vertex 3.961448718007e+00 -2.471685798982e+00 -1.201088649709e+00
     vertex 4.294336546566e+00 -2.569638998307e+00 -1.081453068606e+00
   endloop
 endfacet
 facet normal 4.213462907424e-01 -8.791052467733e-01 2.228032054826e-01
   outer loop
     vertex 5.323907833487e+00 -1.804858833725e+00 2.678469792041e+00
     vertex 5.900091539670e+00 -1.843824666414e+00 1.435094793245e+00
     vertex 5.624813848905e+00 -1.651073152239e+00 2.716207875728e+00
   endloop
 endfacet
 facet normal 4.213462907424e-01 -8.791052467733e-01 2.228032054826e-01
   outer loop
     vertex 5.323907833487e+00 -1.804858833725e+00 2.678469792041e+00
     vertex 5.600705683535e+00 -1.998674774889e+00 1.390282050007e+00
     vertex 5.900091539670e+00 -1.843824666414e+00 1.435094793245e+00
   endloop
 endfacet
 facet normal 6.156471414228e-01 -7.590530713352e-01 2.117003357450e-01
   outer loop
     vertex 5.775922300870e+00 -1.371992968124e+00 3.459477670977e+00
     vertex 5.907612885839e+00 -1.464203708431e+00 2.745885142668e+00
     vertex 6.168665044886e+00 -1.246553064603e+00 2.767105582304e+00
   endloop
 endfacet
 facet normal 6.156471414228e-01 -7.590530713352e-01 2.117003357450e-01
   outer loop
     vertex 5.775922300870e+00 -1.371992968124e+00 3.459477670977e+00
     vertex 6.168665044886e+00 -1.246553064603e+00 2.767105582304e+00
     vertex 6.037385171989e+00 -1.154629907985e+00 3.478472582754e+00
   endloop
 endfacet
 facet normal -1.033273626398e-01 -9.839339928349e-01 1.455931106679e-01
   outer loop
     vertex 4.049962230844e+00 -2.238712910064e+00 1.065808134231e+00
     vertex 4.279358315026e+00 -2.399337777444e+00 1.430901971316e-01
     vertex 4.571861745481e+00 -2.418173040839e+00 2.233889973974e-01
   endloop
 endfacet
 facet normal -1.033273626398e-01 -9.839339928349e-01 1.455931106679e-01
   outer loop
     vertex 4.049962230844e+00 -2.238712910064e+00 1.065808134231e+00
     vertex 4.571861745481e+00 -2.418173040839e+00 2.233889973974e-01
     vertex 4.344423820858e+00 -2.258919291543e+00 1.138230475076e+00
   endloop
 endfacet
 facet normal 3.188455930079e-01 -9.247803621829e-01 2.076505948472e-01
   outer loop
     vertex 5.009111591602e+00 -1.923554606170e+00 2.633220102203e+00
     vertex 5.600705683535e+00 -1.998674774889e+00 1.390282050007e+00
     vertex 5.323907833487e+00 -1.804858833725e+00 2.678469792041e+00
   endloop
 endfacet
 facet normal 3.188455930079e-01 -9.247803621829e-01 2.076505948472e-01
   outer loop
     vertex 5.009111591602e+00 -1.923554606170e+00 2.633220102203e+00
     vertex 5.287732182217e+00 -2.118646844019e+00 1.336549519519e+00
     vertex 5.600705683535e+00 -1.998674774889e+00 1.390282050007e+00
   endloop
 endfacet
 facet normal -4.232875655606e-01 -9.040866680692e-01 5.877868203136e-02
   outer loop
     vertex 3.312897356967e+00 -2.100723187023e+00 -1.657026395960e-01
     vertex 3.638373039577e+00 -2.328623713490e+00 -1.327212491884e+00
     vertex 3.961448718007e+00 -2.471685798982e+00 -1.201088649709e+00
   endloop
 endfacet
 facet normal -5.230375110287e-01 -8.520848397872e-01 1.957518484645e-02
   outer loop
     vertex 3.312897356967e+00 -2.100723187023e+00 -1.657026395960e-01
     vertex 2.780753924984e+00 -1.754454926318e+00 6.883868314413e-01
     vertex 3.349504566486e+00 -2.152698412860e+00 -1.450000000000e+00
   endloop
 endfacet
 facet normal -5.260547034132e-01 -8.502291117130e-01 1.941408284165e-02
   outer loop
     vertex 3.312897356967e+00 -2.100723187023e+00 -1.657026395960e-01
     vertex 3.349504566486e+00 -2.152698412860e+00 -1.450000000000e+00
     vertex 3.638373039577e+00 -2.328623713490e+00 -1.327212491884e+00
   endloop
 endfacet
 facet normal -4.232875655606e-01 -9.040866680692e-01 5.877868203136e-02
   outer loop
     vertex 3.312897356967e+00 -2.100723187023e+00 -1.657026395960e-01
     vertex 3.961448718007e+00 -2.471685798982e+00 -1.201088649709e+00
     vertex 3.639747002639e+00 -2.246427832826e+00 -5.304677788027e-02
   endloop
 endfacet
 facet normal 5.247801066573e-01 -8.265185290535e-01 2.036491119254e-01
   outer loop
     vertex 5.492548873773e+00 -1.558460219611e+00 3.432912855310e+00
     vertex 5.907612885839e+00 -1.464203708431e+00 2.745885142668e+00
     vertex 5.775922300870e+00 -1.371992968124e+00 3.459477670977e+00
   endloop
 endfacet
 facet normal 5.247801066573e-01 -8.265185290535e-01 2.036491119254e-01
   outer loop
     vertex 5.492548873773e+00 -1.558460219611e+00 3.432912855310e+00
     vertex 5.624813848905e+00 -1.651073152239e+00 2.716207875728e+00
     vertex 5.907612885839e+00 -1.464203708431e+00 2.745885142668e+00
   endloop
 endfacet
 facet normal -2.031203516225e-01 -9.719329841932e-01 1.186945533461e-01
   outer loop
     vertex 3.744641478122e+00 -2.184738367666e+00 9.852886805750e-01
     vertex 3.976214652080e+00 -2.346887649719e+00 5.381366379790e-02
     vertex 4.279358315026e+00 -2.399337777444e+00 1.430901971316e-01
   endloop
 endfacet
 facet normal -2.031203516225e-01 -9.719329841932e-01 1.186945533461e-01
   outer loop
     vertex 3.744641478122e+00 -2.184738367666e+00 9.852886805750e-01
     vertex 4.279358315026e+00 -2.399337777444e+00 1.430901971316e-01
     vertex 4.049962230844e+00 -2.238712910064e+00 1.065808134231e+00
   endloop
 endfacet
 facet normal -3.104337783554e-01 -9.465503953325e-01 8.759690834698e-02
   outer loop
     vertex 3.744641478122e+00 -2.184738367666e+00 9.852886805750e-01
     vertex 3.639747002639e+00 -2.246427832826e+00 -5.304677788027e-02
     vertex 3.976214652080e+00 -2.346887649719e+00 5.381366379790e-02
   endloop
 endfacet
 facet normal 2.124176532553e-01 -9.585564476356e-01 1.898638387944e-01
   outer loop
     vertex 4.684431814738e+00 -2.005835626576e+00 2.581060162588e+00
     vertex 5.287732182217e+00 -2.118646844019e+00 1.336549519519e+00
     vertex 5.009111591602e+00 -1.923554606170e+00 2.633220102203e+00
   endloop
 endfacet
 facet normal 2.124176532553e-01 -9.585564476356e-01 1.898638387944e-01
   outer loop
     vertex 4.684431814738e+00 -2.005835626576e+00 2.581060162588e+00
     vertex 4.965153503464e+00 -2.202399069161e+00 1.274611292855e+00
     vertex 5.287732182217e+00 -2.118646844019e+00 1.336549519519e+00
   endloop
 endfacet
 facet normal 4.272326629662e-01 -8.833057040270e-01 1.929851935466e-01
   outer loop
     vertex 5.190912454707e+00 -1.711734466955e+00 3.399132614064e+00
     vertex 5.323907833487e+00 -1.804858833725e+00 2.678469792041e+00
     vertex 5.624813848905e+00 -1.651073152239e+00 2.716207875728e+00
   endloop
 endfacet
 facet normal 4.272326629662e-01 -8.833057040270e-01 1.929851935466e-01
   outer loop
     vertex 5.190912454707e+00 -1.711734466955e+00 3.399132614064e+00
     vertex 5.624813848905e+00 -1.651073152239e+00 2.716207875728e+00
     vertex 5.492548873773e+00 -1.558460219611e+00 3.432912855310e+00
   endloop
 endfacet
 facet normal -3.104337783554e-01 -9.465503953325e-01 8.759690834698e-02
   outer loop
     vertex 3.405567939246e+00 -2.082453887347e+00 8.889101132179e-01
     vertex 3.639747002639e+00 -2.246427832826e+00 -5.304677788027e-02
     vertex 3.744641478122e+00 -2.184738367666e+00 9.852886805750e-01
   endloop
 endfacet
 facet normal 7.734015204054e-01 -6.071771203176e-01 1.821703400597e-01
   outer loop
     vertex 6.037741362665e+00 -7.660707326999e-01 4.962232275174e+00
     vertex 6.261624571995e+00 -9.228354435512e-01 3.489239689757e+00
     vertex 6.236606306389e+00 -5.119450484342e-01 4.964959674924e+00
   endloop
 endfacet
 facet normal 7.027821380333e-01 -6.882399592278e-01 1.800639469288e-01
   outer loop
     vertex 6.037741362665e+00 -7.660707326999e-01 4.962232275174e+00
     vertex 6.037385171989e+00 -1.154629907985e+00 3.478472582754e+00
     vertex 6.261624571995e+00 -9.228354435512e-01 3.489239689757e+00
   endloop
 endfacet
 facet normal 1.047264556234e-01 -9.798753470077e-01 1.699313797363e-01
   outer loop
     vertex 4.361928551663e+00 -2.050175666048e+00 2.524136668464e+00
     vertex 4.644943223220e+00 -2.248344672497e+00 1.207016500615e+00
     vertex 4.965153503464e+00 -2.202399069161e+00 1.274611292855e+00
   endloop
 endfacet
 facet normal 1.047264556234e-01 -9.798753470077e-01 1.699313797363e-01
   outer loop
     vertex 4.361928551663e+00 -2.050175666048e+00 2.524136668464e+00
     vertex 4.965153503464e+00 -2.202399069161e+00 1.274611292855e+00
     vertex 4.684431814738e+00 -2.005835626576e+00 2.581060162588e+00
   endloop
 endfacet
 facet normal 3.243159320724e-01 -9.286929161658e-01 1.798572869457e-01
   outer loop
     vertex 4.875240425412e+00 -1.829817006455e+00 3.358628558486e+00
     vertex 5.323907833487e+00 -1.804858833725e+00 2.678469792041e+00
     vertex 5.190912454707e+00 -1.711734466955e+00 3.399132614064e+00
   endloop
 endfacet
 facet normal 3.243159320724e-01 -9.286929161658e-01 1.798572869457e-01
   outer loop
     vertex 4.875240425412e+00 -1.829817006455e+00 3.358628558486e+00
     vertex 5.009111591602e+00 -1.923554606170e+00 2.633220102203e+00
     vertex 5.323907833487e+00 -1.804858833725e+00 2.678469792041e+00
   endloop
 endfacet
 facet normal 7.027821380333e-01 -6.882399592277e-01 1.800639469288e-01
   outer loop
     vertex 5.813104227994e+00 -9.975867003235e-01 4.954081979920e+00
     vertex 6.037385171989e+00 -1.154629907985e+00 3.478472582754e+00
     vertex 6.037741362665e+00 -7.660707326999e-01 4.962232275174e+00
   endloop
 endfacet
 facet normal -4.217012900666e-01 -9.051999087588e-01 5.273658255087e-02
   outer loop
     vertex 3.075971077529e+00 -1.934825620161e+00 7.873045949733e-01
     vertex 3.312897356967e+00 -2.100723187023e+00 -1.657026395960e-01
     vertex 3.639747002639e+00 -2.246427832826e+00 -5.304677788027e-02
   endloop
 endfacet
 facet normal -5.255305985992e-01 -8.505963727599e-01 1.741839785030e-02
   outer loop
     vertex 3.075971077529e+00 -1.934825620161e+00 7.873045949733e-01
     vertex 2.780753924984e+00 -1.754454926318e+00 6.883868314413e-01
     vertex 3.312897356967e+00 -2.100723187023e+00 -1.657026395960e-01
   endloop
 endfacet
 facet normal -4.217012900666e-01 -9.051999087588e-01 5.273658255087e-02
   outer loop
     vertex 3.075971077529e+00 -1.934825620161e+00 7.873045949733e-01
     vertex 3.639747002639e+00 -2.246427832826e+00 -5.304677788027e-02
     vertex 3.405567939246e+00 -2.082453887347e+00 8.889101132179e-01
   endloop
 endfacet
 facet normal 7.066807373328e-04 -9.888474641351e-01 1.489301624115e-01
   outer loop
     vertex 4.059075756884e+00 -2.059116426135e+00 2.466210002951e+00
     vertex 4.344423820858e+00 -2.258919291543e+00 1.138230475076e+00
     vertex 4.644943223220e+00 -2.248344672497e+00 1.207016500615e+00
   endloop
 endfacet
 facet normal 7.066807373270e-04 -9.888474641351e-01 1.489301624115e-01
   outer loop
     vertex 4.059075756884e+00 -2.059116426135e+00 2.466210002951e+00
     vertex 4.644943223220e+00 -2.248344672497e+00 1.207016500615e+00
     vertex 4.361928551663e+00 -2.050175666048e+00 2.524136668464e+00
   endloop
 endfacet
 facet normal 2.174059739900e-01 -9.621286170357e-01 1.644480670439e-01
   outer loop
     vertex 4.549551116360e+00 -1.911391144812e+00 3.311938976730e+00
     vertex 5.009111591602e+00 -1.923554606170e+00 2.633220102203e+00
     vertex 4.875240425412e+00 -1.829817006455e+00 3.358628558486e+00
   endloop
 endfacet
 facet normal 2.174059739900e-01 -9.621286170357e-01 1.644480670439e-01
   outer loop
     vertex 4.549551116360e+00 -1.911391144812e+00 3.311938976730e+00
     vertex 4.684431814738e+00 -2.005835626576e+00 2.581060162588e+00
     vertex 5.009111591602e+00 -1.923554606170e+00 2.633220102203e+00
   endloop
 endfacet
 facet normal 7.506776427165e-01 -6.499057011831e-01 1.187672357819e-01
   outer loop
     vertex 5.972046084238e+00 -7.200704035200e-01 5.498251442416e+00
     vertex 6.236606306389e+00 -5.119450484342e-01 4.964959674924e+00
     vertex 6.019071878647e+00 -3.596258023092e-01 7.173408631040e+00
   endloop
 endfacet
 facet normal 7.781144777855e-01 -6.104959014429e-01 1.477586335275e-01
   outer loop
     vertex 5.972046084238e+00 -7.200704035200e-01 5.498251442416e+00
     vertex 6.037741362665e+00 -7.660707326999e-01 4.962232275174e+00
     vertex 6.236606306389e+00 -5.119450484342e-01 4.964959674924e+00
   endloop
 endfacet
 facet normal -9.901189370935e-02 -9.869211666864e-01 1.272134255906e-01
   outer loop
     vertex 3.762157421629e+00 -2.037189813119e+00 2.405221093052e+00
     vertex 4.049962230844e+00 -2.238712910064e+00 1.065808134231e+00
     vertex 4.344423820858e+00 -2.258919291543e+00 1.138230475076e+00
   endloop
 endfacet
 facet normal -9.901189370935e-02 -9.869211666864e-01 1.272134255906e-01
   outer loop
     vertex 3.762157421629e+00 -2.037189813119e+00 2.405221093052e+00
     vertex 4.344423820858e+00 -2.258919291543e+00 1.138230475076e+00
     vertex 4.059075756884e+00 -2.059116426135e+00 2.466210002951e+00
   endloop
 endfacet
 facet normal 6.217480801492e-01 -7.632484513953e-01 1.757302656726e-01
   outer loop
     vertex 5.550939688835e+00 -1.214458447211e+00 4.939703545742e+00
     vertex 5.775922300870e+00 -1.371992968124e+00 3.459477670977e+00
     vertex 6.037385171989e+00 -1.154629907985e+00 3.478472582754e+00
   endloop
 endfacet
 facet normal 6.217480801492e-01 -7.632484513953e-01 1.757302656726e-01
   outer loop
     vertex 5.550939688835e+00 -1.214458447211e+00 4.939703545742e+00
     vertex 6.037385171989e+00 -1.154629907985e+00 3.478472582754e+00
     vertex 5.813104227994e+00 -9.975867003235e-01 4.954081979920e+00
   endloop
 endfacet
 facet normal 1.091805978433e-01 -9.830652885073e-01 1.471809620386e-01
   outer loop
     vertex 4.225946124640e+00 -1.954959745583e+00 3.260985425934e+00
     vertex 4.684431814738e+00 -2.005835626576e+00 2.581060162588e+00
     vertex 4.549551116360e+00 -1.911391144812e+00 3.311938976730e+00
   endloop
 endfacet
 facet normal 1.091805978433e-01 -9.830652885073e-01 1.471809620386e-01
   outer loop
     vertex 4.225946124640e+00 -1.954959745583e+00 3.260985425934e+00
     vertex 4.361928551663e+00 -2.050175666048e+00 2.524136668464e+00
     vertex 4.684431814738e+00 -2.005835626576e+00 2.581060162588e+00
   endloop
 endfacet
 facet normal 7.074183548753e-01 -6.915409671550e-01 1.460491764162e-01
   outer loop
     vertex 5.747292240102e+00 -9.515046502965e-01 5.491053399921e+00
     vertex 6.037741362665e+00 -7.660707326999e-01 4.962232275174e+00
     vertex 5.972046084238e+00 -7.200704035200e-01 5.498251442416e+00
   endloop
 endfacet
 facet normal 6.262465302553e-01 -7.664853814317e-01 1.425322538747e-01
   outer loop
     vertex 5.747292240102e+00 -9.515046502965e-01 5.491053399921e+00
     vertex 5.550939688835e+00 -1.214458447211e+00 4.939703545742e+00
     vertex 5.813104227994e+00 -9.975867003235e-01 4.954081979920e+00
   endloop
 endfacet
 facet normal 7.074183548753e-01 -6.915409671550e-01 1.460491764162e-01
   outer loop
     vertex 5.747292240102e+00 -9.515046502965e-01 5.491053399921e+00
     vertex 5.813104227994e+00 -9.975867003235e-01 4.954081979920e+00
     vertex 6.037741362665e+00 -7.660707326999e-01 4.962232275174e+00
   endloop
 endfacet
 facet normal -1.996004733743e-01 -9.743734079326e-01 1.037116818034e-01
   outer loop
     vertex 3.454105249539e+00 -1.981302710289e+00 2.337413374511e+00
     vertex 3.744641478122e+00 -2.184738367666e+00 9.852886805750e-01
     vertex 4.049962230844e+00 -2.238712910064e+00 1.065808134231e+00
   endloop
 endfacet
 facet normal -1.996004733743e-01 -9.743734079326e-01 1.037116818034e-01
   outer loop
     vertex 3.454105249539e+00 -1.981302710289e+00 2.337413374511e+00
     vertex 4.049962230844e+00 -2.238712910064e+00 1.065808134231e+00
     vertex 3.762157421629e+00 -2.037189813119e+00 2.405221093052e+00
   endloop
 endfacet
 facet normal 5.306740018712e-01 -8.305463327992e-01 1.690499713453e-01
   outer loop
     vertex 5.266584963042e+00 -1.400238585954e+00 4.919594978880e+00
     vertex 5.492548873773e+00 -1.558460219611e+00 3.432912855310e+00
     vertex 5.775922300870e+00 -1.371992968124e+00 3.459477670977e+00
   endloop
 endfacet
 facet normal 4.328425951364e-01 -8.871205214091e-01 1.602013368559e-01
   outer loop
     vertex 5.266584963042e+00 -1.400238585954e+00 4.919594978880e+00
     vertex 5.190912454707e+00 -1.711734466955e+00 3.399132614064e+00
     vertex 5.492548873773e+00 -1.558460219611e+00 3.432912855310e+00
   endloop
 endfacet
 facet normal 5.306740018712e-01 -8.305463327992e-01 1.690499713453e-01
   outer loop
     vertex 5.266584963042e+00 -1.400238585954e+00 4.919594978880e+00
     vertex 5.775922300870e+00 -1.371992968124e+00 3.459477670977e+00
     vertex 5.550939688835e+00 -1.214458447211e+00 4.939703545742e+00
   endloop
 endfacet
 facet normal 4.603122654828e-03 -9.916353353999e-01 1.289890415816e-01
   outer loop
     vertex 3.921972185286e+00 -1.963115471786e+00 3.209133912966e+00
     vertex 4.361928551663e+00 -2.050175666048e+00 2.524136668464e+00
     vertex 4.225946124640e+00 -1.954959745583e+00 3.260985425934e+00
   endloop
 endfacet
 facet normal -9.568806758022e-02 -9.892949703186e-01 1.101782892636e-01
   outer loop
     vertex 3.921972185286e+00 -1.963115471786e+00 3.209133912966e+00
     vertex 3.762157421629e+00 -2.037189813119e+00 2.405221093052e+00
     vertex 4.059075756884e+00 -2.059116426135e+00 2.466210002951e+00
   endloop
 endfacet
 facet normal 4.603122654829e-03 -9.916353353999e-01 1.289890415816e-01
   outer loop
     vertex 3.921972185286e+00 -1.963115471786e+00 3.209133912966e+00
     vertex 4.059075756884e+00 -2.059116426135e+00 2.466210002951e+00
     vertex 4.361928551663e+00 -2.050175666048e+00 2.524136668464e+00
   endloop
 endfacet
 facet normal 6.262465302553e-01 -7.664853814317e-01 1.425322538747e-01
   outer loop
     vertex 5.484921806640e+00 -1.168232228441e+00 5.478354893058e+00
     vertex 5.550939688835e+00 -1.214458447211e+00 4.939703545742e+00
     vertex 5.747292240102e+00 -9.515046502965e-01 5.491053399921e+00
   endloop
 endfacet
 facet normal -3.078356559115e-01 -9.483558386581e-01 7.654026543339e-02
   outer loop
     vertex 3.111762310862e+00 -1.876728971584e+00 2.256250245951e+00
     vertex 3.405567939246e+00 -2.082453887347e+00 8.889101132179e-01
     vertex 3.744641478122e+00 -2.184738367666e+00 9.852886805750e-01
   endloop
 endfacet
 facet normal -3.078356559115e-01 -9.483558386581e-01 7.654026543339e-02
   outer loop
     vertex 3.111762310862e+00 -1.876728971584e+00 2.256250245951e+00
     vertex 3.744641478122e+00 -2.184738367666e+00 9.852886805750e-01
     vertex 3.454105249539e+00 -1.981302710289e+00 2.337413374511e+00
   endloop
 endfacet
 facet normal 4.328425951364e-01 -8.871205214091e-01 1.602013368559e-01
   outer loop
     vertex 4.963700708979e+00 -1.552639089827e+00 4.894024606090e+00
     vertex 5.190912454707e+00 -1.711734466955e+00 3.399132614064e+00
     vertex 5.266584963042e+00 -1.400238585954e+00 4.919594978880e+00
   endloop
 endfacet
 facet normal -9.568806758022e-02 -9.892949703186e-01 1.101782892636e-01
   outer loop
     vertex 3.623873437091e+00 -1.940362324732e+00 3.154541313437e+00
     vertex 3.762157421629e+00 -2.037189813119e+00 2.405221093052e+00
     vertex 3.921972185286e+00 -1.963115471786e+00 3.209133912966e+00
   endloop
 endfacet
 facet normal 5.349729377432e-01 -8.336692758116e-01 1.371112484448e-01
   outer loop
     vertex 5.200279132987e+00 -1.353810743922e+00 5.460595742712e+00
     vertex 5.550939688835e+00 -1.214458447211e+00 4.939703545742e+00
     vertex 5.484921806640e+00 -1.168232228441e+00 5.478354893058e+00
   endloop
 endfacet
 facet normal 5.349729377432e-01 -8.336692758116e-01 1.371112484448e-01
   outer loop
     vertex 5.200279132987e+00 -1.353810743922e+00 5.460595742712e+00
     vertex 5.266584963042e+00 -1.400238585954e+00 4.919594978880e+00
     vertex 5.550939688835e+00 -1.214458447211e+00 4.939703545742e+00
   endloop
 endfacet
 facet normal 3.295669703741e-01 -9.322515328398e-01 1.493073727458e-01
   outer loop
     vertex 4.646532468403e+00 -1.669673970909e+00 4.863364558605e+00
     vertex 5.190912454707e+00 -1.711734466955e+00 3.399132614064e+00
     vertex 4.963700708979e+00 -1.552639089827e+00 4.894024606090e+00
   endloop
 endfacet
 facet normal 2.222266011394e-01 -9.653899854712e-01 1.365192795832e-01
   outer loop
     vertex 4.646532468403e+00 -1.669673970909e+00 4.863364558605e+00
     vertex 4.549551116360e+00 -1.911391144812e+00 3.311938976730e+00
     vertex 4.875240425412e+00 -1.829817006455e+00 3.358628558486e+00
   endloop
 endfacet
 facet normal 3.295669703741e-01 -9.322515328398e-01 1.493073727458e-01
   outer loop
     vertex 4.646532468403e+00 -1.669673970909e+00 4.863364558605e+00
     vertex 4.875240425412e+00 -1.829817006455e+00 3.358628558486e+00
     vertex 5.190912454707e+00 -1.711734466955e+00 3.399132614064e+00
   endloop
 endfacet
 facet normal -5.222511054152e-01 -8.526552936488e-01 1.525559258678e-02
   outer loop
     vertex 2.778718738221e+00 -1.726687291426e+00 2.170685353611e+00
     vertex 2.335710469410e+00 -1.442832143895e+00 2.870037805312e+00
     vertex 2.780753924984e+00 -1.754454926318e+00 6.883868314413e-01
   endloop
 endfacet
 facet normal -4.201375154816e-01 -9.062897234316e-01 4.608042195035e-02
   outer loop
     vertex 2.778718738221e+00 -1.726687291426e+00 2.170685353611e+00
     vertex 3.405567939246e+00 -2.082453887347e+00 8.889101132179e-01
     vertex 3.111762310862e+00 -1.876728971584e+00 2.256250245951e+00
   endloop
 endfacet
 facet normal -5.250144482848e-01 -8.509572145740e-01 1.521998872034e-02
   outer loop
     vertex 2.778718738221e+00 -1.726687291426e+00 2.170685353611e+00
     vertex 2.780753924984e+00 -1.754454926318e+00 6.883868314413e-01
     vertex 3.075971077529e+00 -1.934825620161e+00 7.873045949733e-01
   endloop
 endfacet
 facet normal -4.201375154816e-01 -9.062897234316e-01 4.608042195035e-02
   outer loop
     vertex 2.778718738221e+00 -1.726687291426e+00 2.170685353611e+00
     vertex 3.075971077529e+00 -1.934825620161e+00 7.873045949733e-01
     vertex 3.405567939246e+00 -2.082453887347e+00 8.889101132179e-01
   endloop
 endfacet
 facet normal -3.058381517252e-01 -9.497730285257e-01 6.628890732511e-02
   outer loop
     vertex 3.314508877084e+00 -1.883556277989e+00 3.093845038828e+00
     vertex 3.111762310862e+00 -1.876728971584e+00 2.256250245951e+00
     vertex 3.454105249539e+00 -1.981302710289e+00 2.337413374511e+00
   endloop
 endfacet
 facet normal -1.968930230842e-01 -9.763017388072e-01 8.982233721469e-02
   outer loop
     vertex 3.314508877084e+00 -1.883556277989e+00 3.093845038828e+00
     vertex 3.454105249539e+00 -1.981302710289e+00 2.337413374511e+00
     vertex 3.762157421629e+00 -2.037189813119e+00 2.405221093052e+00
   endloop
 endfacet
 facet normal -1.968930230842e-01 -9.763017388072e-01 8.982233721469e-02
   outer loop
     vertex 3.314508877084e+00 -1.883556277989e+00 3.093845038828e+00
     vertex 3.762157421629e+00 -2.037189813119e+00 2.405221093052e+00
     vertex 3.623873437091e+00 -1.940362324732e+00 3.154541313437e+00
   endloop
 endfacet
 facet normal 4.368883466190e-01 -8.900822840233e-01 1.299311365928e-01
   outer loop
     vertex 4.897028719855e+00 -1.505954860455e+00 5.438012925254e+00
     vertex 4.963700708979e+00 -1.552639089827e+00 4.894024606090e+00
     vertex 5.266584963042e+00 -1.400238585954e+00 4.919594978880e+00
   endloop
 endfacet
 facet normal 3.333116417716e-01 -9.350080513532e-01 1.210920862989e-01
   outer loop
     vertex 4.897028719855e+00 -1.505954860455e+00 5.438012925254e+00
     vertex 4.646532468403e+00 -1.669673970909e+00 4.863364558605e+00
     vertex 4.963700708979e+00 -1.552639089827e+00 4.894024606090e+00
   endloop
 endfacet
 facet normal 4.368883466190e-01 -8.900822840233e-01 1.299311365928e-01
   outer loop
     vertex 4.897028719855e+00 -1.505954860455e+00 5.438012925254e+00
     vertex 5.266584963042e+00 -1.400238585954e+00 4.919594978880e+00
     vertex 5.200279132987e+00 -1.353810743922e+00 5.460595742712e+00
   endloop
 endfacet
 facet normal 2.222266011394e-01 -9.653899854712e-01 1.365192795833e-01
   outer loop
     vertex 4.319118456034e+00 -1.750040459003e+00 4.828022300324e+00
     vertex 4.549551116360e+00 -1.911391144812e+00 3.311938976730e+00
     vertex 4.646532468403e+00 -1.669673970909e+00 4.863364558605e+00
   endloop
 endfacet
 facet normal 1.135102662942e-01 -9.859946653171e-01 1.221881312241e-01
   outer loop
     vertex 4.319118456034e+00 -1.750040459003e+00 4.828022300324e+00
     vertex 4.225946124640e+00 -1.954959745583e+00 3.260985425934e+00
     vertex 4.549551116360e+00 -1.911391144812e+00 3.311938976730e+00
   endloop
 endfacet
 facet normal -3.058381517252e-01 -9.497730285257e-01 6.628890732511e-02
   outer loop
     vertex 2.970595062533e+00 -1.777882600156e+00 3.021194024382e+00
     vertex 3.111762310862e+00 -1.876728971584e+00 2.256250245951e+00
     vertex 3.314508877084e+00 -1.883556277989e+00 3.093845038828e+00
   endloop
 endfacet
 facet normal -4.189344211627e-01 -9.071390634794e-01 3.990827326248e-02
   outer loop
     vertex 2.970595062533e+00 -1.777882600156e+00 3.021194024382e+00
     vertex 2.778718738221e+00 -1.726687291426e+00 2.170685353611e+00
     vertex 3.111762310862e+00 -1.876728971584e+00 2.256250245951e+00
   endloop
 endfacet
 facet normal 3.333116417716e-01 -9.350080513532e-01 1.210920862989e-01
   outer loop
     vertex 4.579421437793e+00 -1.622682321379e+00 5.410935093371e+00
     vertex 4.646532468403e+00 -1.669673970909e+00 4.863364558605e+00
     vertex 4.897028719855e+00 -1.505954860455e+00 5.438012925254e+00
   endloop
 endfacet
 facet normal 7.821526403789e-01 -6.132990397282e-01 1.100069771277e-01
   outer loop
     vertex 5.820077535114e+00 -6.136608798531e-01 7.171994921618e+00
     vertex 5.972046084238e+00 -7.200704035200e-01 5.498251442416e+00
     vertex 6.019071878647e+00 -3.596258023092e-01 7.173408631040e+00
   endloop
 endfacet
 facet normal 1.135102662942e-01 -9.859946653171e-01 1.221881312241e-01
   outer loop
     vertex 3.993631250880e+00 -1.792291119738e+00 4.789452377766e+00
     vertex 4.225946124640e+00 -1.954959745583e+00 3.260985425934e+00
     vertex 4.319118456034e+00 -1.750040459003e+00 4.828022300324e+00
   endloop
 endfacet
 facet normal -5.246166080058e-01 -8.512365521165e-01 1.318131045486e-02
   outer loop
     vertex 2.635895419857e+00 -1.626681327276e+00 2.944602888238e+00
     vertex 2.335710469410e+00 -1.442832143895e+00 2.870037805312e+00
     vertex 2.778718738221e+00 -1.726687291426e+00 2.170685353611e+00
   endloop
 endfacet
 facet normal -4.189344211627e-01 -9.071390634794e-01 3.990827326248e-02
   outer loop
     vertex 2.635895419857e+00 -1.626681327276e+00 2.944602888238e+00
     vertex 2.778718738221e+00 -1.726687291426e+00 2.170685353611e+00
     vertex 2.970595062533e+00 -1.777882600156e+00 3.021194024382e+00
   endloop
 endfacet
 facet normal 2.256282856653e-01 -9.679016439711e-01 1.107171364595e-01
   outer loop
     vertex 4.251501336268e+00 -1.702694442030e+00 5.379722104265e+00
     vertex 4.319118456034e+00 -1.750040459003e+00 4.828022300324e+00
     vertex 4.646532468403e+00 -1.669673970909e+00 4.863364558605e+00
   endloop
 endfacet
 facet normal 2.256282856652e-01 -9.679016439711e-01 1.107171364595e-01
   outer loop
     vertex 4.251501336268e+00 -1.702694442030e+00 5.379722104265e+00
     vertex 4.646532468403e+00 -1.669673970909e+00 4.863364558605e+00
     vertex 4.579421437793e+00 -1.622682321379e+00 5.410935093371e+00
   endloop
 endfacet
 facet normal 7.114388246395e-01 -6.942848502093e-01 1.087352084903e-01
   outer loop
     vertex 5.595053714681e+00 -8.449060871908e-01 7.167770330343e+00
     vertex 5.972046084238e+00 -7.200704035200e-01 5.498251442416e+00
     vertex 5.820077535114e+00 -6.136608798531e-01 7.171994921618e+00
   endloop
 endfacet
 facet normal 7.114388246395e-01 -6.942848502093e-01 1.087352084903e-01
   outer loop
     vertex 5.595053714681e+00 -8.449060871908e-01 7.167770330343e+00
     vertex 5.747292240102e+00 -9.515046502965e-01 5.491053399921e+00
     vertex 5.972046084238e+00 -7.200704035200e-01 5.498251442416e+00
   endloop
 endfacet
 facet normal 8.408130146532e-03 -9.942139727433e-01 1.070881867870e-01
   outer loop
     vertex 3.687741927558e+00 -1.799105679648e+00 4.750202731600e+00
     vertex 3.921972185286e+00 -1.963115471786e+00 3.209133912966e+00
     vertex 4.225946124640e+00 -1.954959745583e+00 3.260985425934e+00
   endloop
 endfacet
 facet normal 8.408130146540e-03 -9.942139727433e-01 1.070881867870e-01
   outer loop
     vertex 3.687741927558e+00 -1.799105679648e+00 4.750202731600e+00
     vertex 4.225946124640e+00 -1.954959745583e+00 3.260985425934e+00
     vertex 3.993631250880e+00 -1.792291119738e+00 4.789452377766e+00
   endloop
 endfacet
 facet normal 7.847913819658e-01 -6.151727232808e-01 7.526624292065e-02
   outer loop
     vertex 5.798092854645e+00 -5.982670408632e-01 7.527044630278e+00
     vertex 5.820077535114e+00 -6.136608798531e-01 7.171994921618e+00
     vertex 6.019071878647e+00 -3.596258023092e-01 7.173408631040e+00
   endloop
 endfacet
 facet normal 7.641776514818e-01 -6.435553695641e-01 4.323197058895e-02
   outer loop
     vertex 5.798092854645e+00 -5.982670408632e-01 7.527044630278e+00
     vertex 6.019071878647e+00 -3.596258023092e-01 7.173408631040e+00
     vertex 5.939986625501e+00 -3.042497118949e-01 9.395670582995e+00
   endloop
 endfacet
 facet normal 7.140161046651e-01 -6.961654420749e-01 7.439542687268e-02
   outer loop
     vertex 5.798092854645e+00 -5.982670408632e-01 7.527044630278e+00
     vertex 5.595053714681e+00 -8.449060871908e-01 7.167770330343e+00
     vertex 5.820077535114e+00 -6.136608798531e-01 7.171994921618e+00
   endloop
 endfacet
 facet normal 1.165374586309e-01 -9.882306977847e-01 9.909141583338e-02
   outer loop
     vertex 3.925461822899e+00 -1.744558372390e+00 5.345658560193e+00
     vertex 3.993631250880e+00 -1.792291119738e+00 4.789452377766e+00
     vertex 4.319118456034e+00 -1.750040459003e+00 4.828022300324e+00
   endloop
 endfacet
 facet normal 1.165374586309e-01 -9.882306977847e-01 9.909141583339e-02
   outer loop
     vertex 3.925461822899e+00 -1.744558372390e+00 5.345658560193e+00
     vertex 4.319118456034e+00 -1.750040459003e+00 4.828022300324e+00
     vertex 4.251501336268e+00 -1.702694442030e+00 5.379722104265e+00
   endloop
 endfacet
 facet normal -9.243148525066e-02 -9.915084632297e-01 9.147342716976e-02
   outer loop
     vertex 3.387626540235e+00 -1.774940466674e+00 4.708878185946e+00
     vertex 3.623873437091e+00 -1.940362324732e+00 3.154541313437e+00
     vertex 3.921972185286e+00 -1.963115471786e+00 3.209133912966e+00
   endloop
 endfacet
 facet normal -1.942347112452e-01 -9.781162845864e-01 7.457486690889e-02
   outer loop
     vertex 3.387626540235e+00 -1.774940466674e+00 4.708878185946e+00
     vertex 3.314508877084e+00 -1.883556277989e+00 3.093845038828e+00
     vertex 3.623873437091e+00 -1.940362324732e+00 3.154541313437e+00
   endloop
 endfacet
 facet normal -9.243148525065e-02 -9.915084632297e-01 9.147342716976e-02
   outer loop
     vertex 3.387626540235e+00 -1.774940466674e+00 4.708878185946e+00
     vertex 3.921972185286e+00 -1.963115471786e+00 3.209133912966e+00
     vertex 3.687741927558e+00 -1.799105679648e+00 4.750202731600e+00
   endloop
 endfacet
 facet normal 6.302043784832e-01 -7.691432066538e-01 1.061186552826e-01
   outer loop
     vertex 5.332206999526e+00 -1.061300169304e+00 7.160317470576e+00
     vertex 5.747292240102e+00 -9.515046502965e-01 5.491053399921e+00
     vertex 5.595053714681e+00 -8.449060871908e-01 7.167770330343e+00
   endloop
 endfacet
 facet normal 6.302043784832e-01 -7.691432066538e-01 1.061186552826e-01
   outer loop
     vertex 5.332206999526e+00 -1.061300169304e+00 7.160317470576e+00
     vertex 5.484921806640e+00 -1.168232228441e+00 5.478354893058e+00
     vertex 5.747292240102e+00 -9.515046502965e-01 5.491053399921e+00
   endloop
 endfacet
 facet normal 7.140161046651e-01 -6.961654420749e-01 7.439542687268e-02
   outer loop
     vertex 5.573029977823e+00 -8.294849006236e-01 7.523450794553e+00
     vertex 5.595053714681e+00 -8.449060871908e-01 7.167770330343e+00
     vertex 5.798092854645e+00 -5.982670408632e-01 7.527044630278e+00
   endloop
 endfacet
 facet normal 6.326831552844e-01 -7.709998071774e-01 7.260387284245e-02
   outer loop
     vertex 5.573029977823e+00 -8.294849006236e-01 7.523450794553e+00
     vertex 5.332206999526e+00 -1.061300169304e+00 7.160317470576e+00
     vertex 5.595053714681e+00 -8.449060871908e-01 7.167770330343e+00
   endloop
 endfacet
 facet normal 1.104920345303e-02 -9.961607197743e-01 8.684316600562e-02
   outer loop
     vertex 3.619010457950e+00 -1.750979386517e+00 5.310994709105e+00
     vertex 3.993631250880e+00 -1.792291119738e+00 4.789452377766e+00
     vertex 3.925461822899e+00 -1.744558372390e+00 5.345658560193e+00
   endloop
 endfacet
 facet normal 1.104920345303e-02 -9.961607197743e-01 8.684316600562e-02
   outer loop
     vertex 3.619010457950e+00 -1.750979386517e+00 5.310994709105e+00
     vertex 3.687741927558e+00 -1.799105679648e+00 4.750202731600e+00
     vertex 3.993631250880e+00 -1.792291119738e+00 4.789452377766e+00
   endloop
 endfacet
 facet normal -1.942347112452e-01 -9.781162845864e-01 7.457486690889e-02
   outer loop
     vertex 3.076019872627e+00 -1.716564479289e+00 4.662933387701e+00
     vertex 3.314508877084e+00 -1.883556277989e+00 3.093845038828e+00
     vertex 3.387626540235e+00 -1.774940466674e+00 4.708878185946e+00
   endloop
 endfacet
 facet normal -3.038753855700e-01 -9.511207300072e-01 5.503732365600e-02
   outer loop
     vertex 3.076019872627e+00 -1.716564479289e+00 4.662933387701e+00
     vertex 2.970595062533e+00 -1.777882600156e+00 3.021194024382e+00
     vertex 3.314508877084e+00 -1.883556277989e+00 3.093845038828e+00
   endloop
 endfacet
 facet normal 5.388175064467e-01 -8.362142679679e-01 1.020852231886e-01
   outer loop
     vertex 5.046898235104e+00 -1.246412283006e+00 7.149894476871e+00
     vertex 5.200279132987e+00 -1.353810743922e+00 5.460595742712e+00
     vertex 5.484921806640e+00 -1.168232228441e+00 5.478354893058e+00
   endloop
 endfacet
 facet normal 5.388175064467e-01 -8.362142679679e-01 1.020852231886e-01
   outer loop
     vertex 5.046898235104e+00 -1.246412283006e+00 7.149894476871e+00
     vertex 5.484921806640e+00 -1.168232228441e+00 5.478354893058e+00
     vertex 5.332206999526e+00 -1.061300169304e+00 7.160317470576e+00
   endloop
 endfacet
 facet normal 6.326831552844e-01 -7.709998071774e-01 7.260387284245e-02
   outer loop
     vertex 5.310114360906e+00 -1.045830737203e+00 7.517110689218e+00
     vertex 5.332206999526e+00 -1.061300169304e+00 7.160317470576e+00
     vertex 5.573029977823e+00 -8.294849006236e-01 7.523450794553e+00
   endloop
 endfacet
 facet normal -9.018293017201e-02 -9.931589017953e-01 7.417839908238e-02
   outer loop
     vertex 3.318303317144e+00 -1.726399823293e+00 5.274498382724e+00
     vertex 3.387626540235e+00 -1.774940466674e+00 4.708878185946e+00
     vertex 3.687741927558e+00 -1.799105679648e+00 4.750202731600e+00
   endloop
 endfacet
 facet normal -9.018293017202e-02 -9.931589017953e-01 7.417839908238e-02
   outer loop
     vertex 3.318303317144e+00 -1.726399823293e+00 5.274498382724e+00
     vertex 3.687741927558e+00 -1.799105679648e+00 4.750202731600e+00
     vertex 3.619010457950e+00 -1.750979386517e+00 5.310994709105e+00
   endloop
 endfacet
 facet normal -1.924054584973e-01 -9.794504098058e-01 6.047341789338e-02
   outer loop
     vertex 3.318303317144e+00 -1.726399823293e+00 5.274498382724e+00
     vertex 3.076019872627e+00 -1.716564479289e+00 4.662933387701e+00
     vertex 3.387626540235e+00 -1.774940466674e+00 4.708878185946e+00
   endloop
 endfacet
 facet normal -3.038753855700e-01 -9.511207300072e-01 5.503732365600e-02
   outer loop
     vertex 2.729422344905e+00 -1.609011645262e+00 4.607939300789e+00
     vertex 2.970595062533e+00 -1.777882600156e+00 3.021194024382e+00
     vertex 3.076019872627e+00 -1.716564479289e+00 4.662933387701e+00
   endloop
 endfacet
 facet normal 4.405684106379e-01 -8.924911025268e-01 9.674248011304e-02
   outer loop
     vertex 4.742800810377e+00 -1.397963315637e+00 7.136640432639e+00
     vertex 4.897028719855e+00 -1.505954860455e+00 5.438012925254e+00
     vertex 5.200279132987e+00 -1.353810743922e+00 5.460595742712e+00
   endloop
 endfacet
 facet normal 4.405684106379e-01 -8.924911025268e-01 9.674248011304e-02
   outer loop
     vertex 4.742800810377e+00 -1.397963315637e+00 7.136640432639e+00
     vertex 5.200279132987e+00 -1.353810743922e+00 5.460595742712e+00
     vertex 5.046898235104e+00 -1.246412283006e+00 7.149894476871e+00
   endloop
 endfacet
 facet normal 5.411623049030e-01 -8.380127700431e-01 6.984237250200e-02
   outer loop
     vertex 5.024709235804e+00 -1.230875378431e+00 7.508243907866e+00
     vertex 5.046898235104e+00 -1.246412283006e+00 7.149894476871e+00
     vertex 5.332206999526e+00 -1.061300169304e+00 7.160317470576e+00
   endloop
 endfacet
 facet normal 5.411623049030e-01 -8.380127700431e-01 6.984237250199e-02
   outer loop
     vertex 5.024709235804e+00 -1.230875378431e+00 7.508243907866e+00
     vertex 5.332206999526e+00 -1.061300169304e+00 7.160317470576e+00
     vertex 5.310114360906e+00 -1.045830737203e+00 7.517110689218e+00
   endloop
 endfacet
 facet normal 4.427511720709e-01 -8.941985087292e-01 6.618479142695e-02
   outer loop
     vertex 5.024709235804e+00 -1.230875378431e+00 7.508243907866e+00
     vertex 4.742800810377e+00 -1.397963315637e+00 7.136640432639e+00
     vertex 5.046898235104e+00 -1.246412283006e+00 7.149894476871e+00
   endloop
 endfacet
 facet normal -1.924054584973e-01 -9.794504098058e-01 6.047341789337e-02
   outer loop
     vertex 3.006038735602e+00 -1.667563159611e+00 5.233921618340e+00
     vertex 3.076019872627e+00 -1.716564479289e+00 4.662933387701e+00
     vertex 3.318303317144e+00 -1.726399823293e+00 5.274498382724e+00
   endloop
 endfacet
 facet normal 3.367753213763e-01 -9.372580884298e-01 9.016461936259e-02
   outer loop
     vertex 4.424177922642e+00 -1.513979641812e+00 7.120748226888e+00
     vertex 4.579421437793e+00 -1.622682321379e+00 5.410935093371e+00
     vertex 4.897028719855e+00 -1.505954860455e+00 5.438012925254e+00
   endloop
 endfacet
 facet normal 3.367753213763e-01 -9.372580884298e-01 9.016461936259e-02
   outer loop
     vertex 4.424177922642e+00 -1.513979641812e+00 7.120748226888e+00
     vertex 4.897028719855e+00 -1.505954860455e+00 5.438012925254e+00
     vertex 4.742800810377e+00 -1.397963315637e+00 7.136640432639e+00
   endloop
 endfacet
 facet normal -5.219131350325e-01 -8.529295577884e-01 1.085582476875e-02
   outer loop
     vertex 2.391893441791e+00 -1.455829302896e+00 4.549962689866e+00
     vertex 2.016546989648e+00 -1.219351469445e+00 5.084301671475e+00
     vertex 2.335710469410e+00 -1.442832143895e+00 2.870037805312e+00
   endloop
 endfacet
 facet normal -5.242272276963e-01 -8.515080962140e-01 1.094421417692e-02
   outer loop
     vertex 2.391893441791e+00 -1.455829302896e+00 4.549962689866e+00
     vertex 2.335710469410e+00 -1.442832143895e+00 2.870037805312e+00
     vertex 2.635895419857e+00 -1.626681327276e+00 2.944602888238e+00
   endloop
 endfacet
 facet normal -4.177534880454e-01 -9.079560018728e-01 3.313490439135e-02
   outer loop
     vertex 2.391893441791e+00 -1.455829302896e+00 4.549962689866e+00
     vertex 2.635895419857e+00 -1.626681327276e+00 2.944602888238e+00
     vertex 2.970595062533e+00 -1.777882600156e+00 3.021194024382e+00
   endloop
 endfacet
 facet normal -4.177534880454e-01 -9.079560018728e-01 3.313490439135e-02
   outer loop
     vertex 2.391893441791e+00 -1.455829302896e+00 4.549962689866e+00
     vertex 2.970595062533e+00 -1.777882600156e+00 3.021194024382e+00
     vertex 2.729422344905e+00 -1.609011645262e+00 4.607939300789e+00
   endloop
 endfacet
 facet normal 3.387733914143e-01 -9.388439162341e-01 6.168217100534e-02
   outer loop
     vertex 4.720489277308e+00 -1.382340611992e+00 7.496968767962e+00
     vertex 4.424177922642e+00 -1.513979641812e+00 7.120748226888e+00
     vertex 4.742800810377e+00 -1.397963315637e+00 7.136640432639e+00
   endloop
 endfacet
 facet normal 4.427511720709e-01 -8.941985087292e-01 6.618479142695e-02
   outer loop
     vertex 4.720489277308e+00 -1.382340611992e+00 7.496968767962e+00
     vertex 4.742800810377e+00 -1.397963315637e+00 7.136640432639e+00
     vertex 5.024709235804e+00 -1.230875378431e+00 7.508243907866e+00
   endloop
 endfacet
 facet normal -3.025264596631e-01 -9.520955669322e-01 4.462927998150e-02
   outer loop
     vertex 2.658653711200e+00 -1.559458914473e+00 5.185352853380e+00
     vertex 3.076019872627e+00 -1.716564479289e+00 4.662933387701e+00
     vertex 3.006038735602e+00 -1.667563159611e+00 5.233921618340e+00
   endloop
 endfacet
 facet normal -3.025264596631e-01 -9.520955669322e-01 4.462927998150e-02
   outer loop
     vertex 2.658653711200e+00 -1.559458914473e+00 5.185352853380e+00
     vertex 2.729422344905e+00 -1.609011645262e+00 4.607939300789e+00
     vertex 3.076019872627e+00 -1.716564479289e+00 4.662933387701e+00
   endloop
 endfacet
 facet normal 2.288243421092e-01 -9.699704098377e-01 8.244285595188e-02
   outer loop
     vertex 4.095087118493e+00 -1.593172027661e+00 7.102429062816e+00
     vertex 4.579421437793e+00 -1.622682321379e+00 5.410935093371e+00
     vertex 4.424177922642e+00 -1.513979641812e+00 7.120748226888e+00
   endloop
 endfacet
 facet normal 2.288243421092e-01 -9.699704098377e-01 8.244285595188e-02
   outer loop
     vertex 4.095087118493e+00 -1.593172027661e+00 7.102429062816e+00
     vertex 4.251501336268e+00 -1.702694442030e+00 5.379722104265e+00
     vertex 4.579421437793e+00 -1.622682321379e+00 5.410935093371e+00
   endloop
 endfacet
 facet normal 1.194207131005e-01 -9.900979046402e-01 7.378910834078e-02
   outer loop
     vertex 4.095087118493e+00 -1.593172027661e+00 7.102429062816e+00
     vertex 3.925461822899e+00 -1.744558372390e+00 5.345658560193e+00
     vertex 4.251501336268e+00 -1.702694442030e+00 5.379722104265e+00
   endloop
 endfacet
 facet normal 3.387733914143e-01 -9.388439162341e-01 6.168217100533e-02
   outer loop
     vertex 4.401719465973e+00 -1.498254061155e+00 7.483449359087e+00
     vertex 4.424177922642e+00 -1.513979641812e+00 7.120748226888e+00
     vertex 4.720489277308e+00 -1.382340611992e+00 7.496968767962e+00
   endloop
 endfacet
 facet normal -4.169405673874e-01 -9.085365456285e-01 2.686835544082e-02
   outer loop
     vertex 2.320294602674e+00 -1.405695256019e+00 5.134150032362e+00
     vertex 2.729422344905e+00 -1.609011645262e+00 4.607939300789e+00
     vertex 2.658653711200e+00 -1.559458914473e+00 5.185352853380e+00
   endloop
 endfacet
 facet normal -4.169405673874e-01 -9.085365456285e-01 2.686835544081e-02
   outer loop
     vertex 2.320294602674e+00 -1.405695256019e+00 5.134150032362e+00
     vertex 2.391893441791e+00 -1.455829302896e+00 4.549962689866e+00
     vertex 2.729422344905e+00 -1.609011645262e+00 4.607939300789e+00
   endloop
 endfacet
 facet normal -5.239579657247e-01 -8.516978901931e-01 8.874344722531e-03
   outer loop
     vertex 2.320294602674e+00 -1.405695256019e+00 5.134150032362e+00
     vertex 2.016546989648e+00 -1.219351469445e+00 5.084301671475e+00
     vertex 2.391893441791e+00 -1.455829302896e+00 4.549962689866e+00
   endloop
 endfacet
 facet normal 7.865651487602e-01 -6.163823670260e-01 3.725646756281e-02
   outer loop
     vertex 5.740945238303e+00 -5.582518491101e-01 9.395578780528e+00
     vertex 5.798092854645e+00 -5.982670408632e-01 7.527044630278e+00
     vertex 5.939986625501e+00 -3.042497118949e-01 9.395670582995e+00
   endloop
 endfacet
 facet normal 1.194207131005e-01 -9.900979046402e-01 7.378910834078e-02
   outer loop
     vertex 3.767769987005e+00 -1.634141360183e+00 7.082436884219e+00
     vertex 3.925461822899e+00 -1.744558372390e+00 5.345658560193e+00
     vertex 4.095087118493e+00 -1.593172027661e+00 7.102429062816e+00
   endloop
 endfacet
 facet normal 2.306201645190e-01 -9.714080992093e-01 5.639720301433e-02
   outer loop
     vertex 4.072459300971e+00 -1.577327859259e+00 7.467865350598e+00
     vertex 4.095087118493e+00 -1.593172027661e+00 7.102429062816e+00
     vertex 4.424177922642e+00 -1.513979641812e+00 7.120748226888e+00
   endloop
 endfacet
 facet normal 2.306201645190e-01 -9.714080992093e-01 5.639720301433e-02
   outer loop
     vertex 4.072459300971e+00 -1.577327859259e+00 7.467865350598e+00
     vertex 4.424177922642e+00 -1.513979641812e+00 7.120748226888e+00
     vertex 4.401719465973e+00 -1.498254061155e+00 7.483449359087e+00
   endloop
 endfacet
 facet normal 7.158078731786e-01 -6.973255671381e-01 3.682583483147e-02
   outer loop
     vertex 5.515780837173e+00 -7.893986207843e-01 9.395304446994e+00
     vertex 5.798092854645e+00 -5.982670408632e-01 7.527044630278e+00
     vertex 5.740945238303e+00 -5.582518491101e-01 9.395578780528e+00
   endloop
 endfacet
 facet normal 7.158078731786e-01 -6.973255671381e-01 3.682583483147e-02
   outer loop
     vertex 5.515780837173e+00 -7.893986207843e-01 9.395304446994e+00
     vertex 5.573029977823e+00 -8.294849006236e-01 7.523450794553e+00
     vertex 5.798092854645e+00 -5.982670408632e-01 7.527044630278e+00
   endloop
 endfacet
 facet normal 1.359183628989e-02 -9.978140809368e-01 6.467087343225e-02
   outer loop
     vertex 3.460018488279e+00 -1.639652010838e+00 7.062092380420e+00
     vertex 3.925461822899e+00 -1.744558372390e+00 5.345658560193e+00
     vertex 3.767769987005e+00 -1.634141360183e+00 7.082436884219e+00
   endloop
 endfacet
 facet normal 1.359183628990e-02 -9.978140809368e-01 6.467087343225e-02
   outer loop
     vertex 3.460018488279e+00 -1.639652010838e+00 7.062092380420e+00
     vertex 3.619010457950e+00 -1.750979386517e+00 5.310994709105e+00
     vertex 3.925461822899e+00 -1.744558372390e+00 5.345658560193e+00
   endloop
 endfacet
 facet normal 1.210036702715e-01 -9.913679294687e-01 5.047514439647e-02
   outer loop
     vertex 3.744957341594e+00 -1.618167773900e+00 7.450858118186e+00
     vertex 3.767769987005e+00 -1.634141360183e+00 7.082436884219e+00
     vertex 4.095087118493e+00 -1.593172027661e+00 7.102429062816e+00
   endloop
 endfacet
 facet normal 1.210036702715e-01 -9.913679294687e-01 5.047514439646e-02
   outer loop
     vertex 3.744957341594e+00 -1.618167773900e+00 7.450858118186e+00
     vertex 4.095087118493e+00 -1.593172027661e+00 7.102429062816e+00
     vertex 4.072459300971e+00 -1.577327859259e+00 7.467865350598e+00
   endloop
 endfacet
 facet normal 1.496232811640e-02 -9.989090564113e-01 4.423602329356e-02
   outer loop
     vertex 3.744957341594e+00 -1.618167773900e+00 7.450858118186e+00
     vertex 3.460018488279e+00 -1.639652010838e+00 7.062092380420e+00
     vertex 3.767769987005e+00 -1.634141360183e+00 7.082436884219e+00
   endloop
 endfacet
 facet normal -8.800135858172e-02 -9.945874196350e-01 5.524152053934e-02
   outer loop
     vertex 3.157942483218e+00 -1.614113958545e+00 7.040672381562e+00
     vertex 3.318303317144e+00 -1.726399823293e+00 5.274498382724e+00
     vertex 3.619010457950e+00 -1.750979386517e+00 5.310994709105e+00
   endloop
 endfacet
 facet normal -8.800135858170e-02 -9.945874196350e-01 5.524152053934e-02
   outer loop
     vertex 3.157942483218e+00 -1.614113958545e+00 7.040672381562e+00
     vertex 3.619010457950e+00 -1.750979386517e+00 5.310994709105e+00
     vertex 3.460018488279e+00 -1.639652010838e+00 7.062092380420e+00
   endloop
 endfacet
 facet normal 6.344771968375e-01 -7.721055723422e-01 3.593983655277e-02
   outer loop
     vertex 5.252686115016e+00 -1.005619046524e+00 9.394820478434e+00
     vertex 5.310114360906e+00 -1.045830737203e+00 7.517110689218e+00
     vertex 5.573029977823e+00 -8.294849006236e-01 7.523450794553e+00
   endloop
 endfacet
 facet normal 6.344771968375e-01 -7.721055723422e-01 3.593983655277e-02
   outer loop
     vertex 5.252686115016e+00 -1.005619046524e+00 9.394820478434e+00
     vertex 5.573029977823e+00 -8.294849006236e-01 7.523450794553e+00
     vertex 5.515780837173e+00 -7.893986207843e-01 9.395304446994e+00
   endloop
 endfacet
 facet normal 1.496232811642e-02 -9.989090564113e-01 4.423602329355e-02
   outer loop
     vertex 3.437017757729e+00 -1.623546725923e+00 7.433551164732e+00
     vertex 3.460018488279e+00 -1.639652010838e+00 7.062092380420e+00
     vertex 3.744957341594e+00 -1.618167773900e+00 7.450858118186e+00
   endloop
 endfacet
 facet normal -8.684111798655e-02 -9.955053644464e-01 3.778477980995e-02
   outer loop
     vertex 3.437017757729e+00 -1.623546725923e+00 7.433551164732e+00
     vertex 3.157942483218e+00 -1.614113958545e+00 7.040672381562e+00
     vertex 3.460018488279e+00 -1.639652010838e+00 7.062092380420e+00
   endloop
 endfacet
 facet normal -3.012086624638e-01 -9.529787937664e-01 3.323793447601e-02
   outer loop
     vertex 2.844155992821e+00 -1.554211642810e+00 7.016857539550e+00
     vertex 2.658653711200e+00 -1.559458914473e+00 5.185352853380e+00
     vertex 3.006038735602e+00 -1.667563159611e+00 5.233921618340e+00
   endloop
 endfacet
 facet normal -1.906217951596e-01 -9.806299143590e-01 4.503667699110e-02
   outer loop
     vertex 2.844155992821e+00 -1.554211642810e+00 7.016857539550e+00
     vertex 3.318303317144e+00 -1.726399823293e+00 5.274498382724e+00
     vertex 3.157942483218e+00 -1.614113958545e+00 7.040672381562e+00
   endloop
 endfacet
 facet normal -1.906217951596e-01 -9.806299143590e-01 4.503667699110e-02
   outer loop
     vertex 2.844155992821e+00 -1.554211642810e+00 7.016857539550e+00
     vertex 3.006038735602e+00 -1.667563159611e+00 5.233921618340e+00
     vertex 3.318303317144e+00 -1.726399823293e+00 5.274498382724e+00
   endloop
 endfacet
 facet normal 5.429376286472e-01 -8.390610031560e-01 3.457404202354e-02
   outer loop
     vertex 4.967030507166e+00 -1.190488297845e+00 9.394143637407e+00
     vertex 5.310114360906e+00 -1.045830737203e+00 7.517110689218e+00
     vertex 5.252686115016e+00 -1.005619046524e+00 9.394820478434e+00
   endloop
 endfacet
 facet normal 5.429376286472e-01 -8.390610031560e-01 3.457404202355e-02
   outer loop
     vertex 4.967030507166e+00 -1.190488297845e+00 9.394143637407e+00
     vertex 5.024709235804e+00 -1.230875378431e+00 7.508243907866e+00
     vertex 5.310114360906e+00 -1.045830737203e+00 7.517110689218e+00
   endloop
 endfacet
 facet normal -8.684111798657e-02 -9.955053644464e-01 3.778477980997e-02
   outer loop
     vertex 3.134743724567e+00 -1.597870012860e+00 7.415329293760e+00
     vertex 3.157942483218e+00 -1.614113958545e+00 7.040672381562e+00
     vertex 3.437017757729e+00 -1.623546725923e+00 7.433551164732e+00
   endloop
 endfacet
 facet normal -4.161482437423e-01 -9.090765681639e-01 2.001080822094e-02
   outer loop
     vertex 2.494949304354e+00 -1.444831854761e+00 6.988352125632e+00
     vertex 2.320294602674e+00 -1.405695256019e+00 5.134150032362e+00
     vertex 2.658653711200e+00 -1.559458914473e+00 5.185352853380e+00
   endloop
 endfacet
 facet normal -3.012086624638e-01 -9.529787937664e-01 3.323793447601e-02
   outer loop
     vertex 2.494949304354e+00 -1.444831854761e+00 6.988352125632e+00
     vertex 2.658653711200e+00 -1.559458914473e+00 5.185352853380e+00
     vertex 2.844155992821e+00 -1.554211642810e+00 7.016857539550e+00
   endloop
 endfacet
 facet normal -1.896814097577e-01 -9.813623663569e-01 3.080371228914e-02
   outer loop
     vertex 2.820737065720e+00 -1.537813533517e+00 7.395070143364e+00
     vertex 2.844155992821e+00 -1.554211642810e+00 7.016857539550e+00
     vertex 3.157942483218e+00 -1.614113958545e+00 7.040672381562e+00
   endloop
 endfacet
 facet normal -1.896814097577e-01 -9.813623663569e-01 3.080371228914e-02
   outer loop
     vertex 2.820737065720e+00 -1.537813533517e+00 7.395070143364e+00
     vertex 3.157942483218e+00 -1.614113958545e+00 7.040672381562e+00
     vertex 3.134743724567e+00 -1.597870012860e+00 7.415329293760e+00
   endloop
 endfacet
 facet normal 4.444825048871e-01 -8.951881184972e-01 3.276484931699e-02
   outer loop
     vertex 4.662492030833e+00 -1.341730502815e+00 9.393282955615e+00
     vertex 4.720489277308e+00 -1.382340611992e+00 7.496968767962e+00
     vertex 5.024709235804e+00 -1.230875378431e+00 7.508243907866e+00
   endloop
 endfacet
 facet normal 3.404321463707e-01 -9.397730703965e-01 3.053735212697e-02
   outer loop
     vertex 4.662492030833e+00 -1.341730502815e+00 9.393282955615e+00
     vertex 4.401719465973e+00 -1.498254061155e+00 7.483449359087e+00
     vertex 4.720489277308e+00 -1.382340611992e+00 7.496968767962e+00
   endloop
 endfacet
 facet normal 4.444825048871e-01 -8.951881184972e-01 3.276484931699e-02
   outer loop
     vertex 4.662492030833e+00 -1.341730502815e+00 9.393282955615e+00
     vertex 5.024709235804e+00 -1.230875378431e+00 7.508243907866e+00
     vertex 4.967030507166e+00 -1.190488297845e+00 9.394143637407e+00
   endloop
 endfacet
 facet normal 3.404321463707e-01 -9.397730703965e-01 3.053735212697e-02
   outer loop
     vertex 4.343340302030e+00 -1.457376530488e+00 9.392250958747e+00
     vertex 4.401719465973e+00 -1.498254061155e+00 7.483449359087e+00
     vertex 4.662492030833e+00 -1.341730502815e+00 9.393282955615e+00
   endloop
 endfacet
 facet normal -3.005162131967e-01 -9.535057494655e-01 2.273304515762e-02
   outer loop
     vertex 2.471266844419e+00 -1.428249217792e+00 7.370820750175e+00
     vertex 2.494949304354e+00 -1.444831854761e+00 6.988352125632e+00
     vertex 2.844155992821e+00 -1.554211642810e+00 7.016857539550e+00
   endloop
 endfacet
 facet normal -3.005162131967e-01 -9.535057494655e-01 2.273304515762e-02
   outer loop
     vertex 2.471266844419e+00 -1.428249217792e+00 7.370820750175e+00
     vertex 2.844155992821e+00 -1.554211642810e+00 7.016857539550e+00
     vertex 2.820737065720e+00 -1.537813533517e+00 7.395070143364e+00
   endloop
 endfacet
 facet normal -5.220204471077e-01 -8.529086039438e-01 6.447179234277e-03
   outer loop
     vertex 2.154669736473e+00 -1.289723476191e+00 6.958300762208e+00
     vertex 1.824821704727e+00 -1.085103979677e+00 7.320367957228e+00
     vertex 2.016546989648e+00 -1.219351469445e+00 5.084301671475e+00
   endloop
 endfacet
 facet normal -5.236972573750e-01 -8.518788047216e-01 6.609439013031e-03
   outer loop
     vertex 2.154669736473e+00 -1.289723476191e+00 6.958300762208e+00
     vertex 2.016546989648e+00 -1.219351469445e+00 5.084301671475e+00
     vertex 2.320294602674e+00 -1.405695256019e+00 5.134150032362e+00
   endloop
 endfacet
 facet normal -4.161482437423e-01 -9.090765681638e-01 2.001080822094e-02
   outer loop
     vertex 2.154669736473e+00 -1.289723476191e+00 6.958300762208e+00
     vertex 2.320294602674e+00 -1.405695256019e+00 5.134150032362e+00
     vertex 2.494949304354e+00 -1.444831854761e+00 6.988352125632e+00
   endloop
 endfacet
 facet normal 2.321756035917e-01 -9.722730214319e-01 2.792240842904e-02
   outer loop
     vertex 4.013639895513e+00 -1.536142068164e+00 9.391061361769e+00
     vertex 4.072459300971e+00 -1.577327859259e+00 7.467865350598e+00
     vertex 4.401719465973e+00 -1.498254061155e+00 7.483449359087e+00
   endloop
 endfacet
 facet normal 2.321756035917e-01 -9.722730214319e-01 2.792240842904e-02
   outer loop
     vertex 4.013639895513e+00 -1.536142068164e+00 9.391061361769e+00
     vertex 4.401719465973e+00 -1.498254061155e+00 7.483449359087e+00
     vertex 4.343340302030e+00 -1.457376530488e+00 9.392250958747e+00
   endloop
 endfacet
 facet normal -5.235581496647e-01 -8.519779517440e-01 4.520360798346e-03
   outer loop
     vertex 2.130709451386e+00 -1.272946303955e+00 7.345256226550e+00
     vertex 1.824821704727e+00 -1.085103979677e+00 7.320367957228e+00
     vertex 2.154669736473e+00 -1.289723476191e+00 6.958300762208e+00
   endloop
 endfacet
 facet normal -4.157302627811e-01 -9.093849792988e-01 1.368605252694e-02
   outer loop
     vertex 2.130709451386e+00 -1.272946303955e+00 7.345256226550e+00
     vertex 2.494949304354e+00 -1.444831854761e+00 6.988352125632e+00
     vertex 2.471266844419e+00 -1.428249217792e+00 7.370820750175e+00
   endloop
 endfacet
 facet normal -4.157302627811e-01 -9.093849792988e-01 1.368605252694e-02
   outer loop
     vertex 2.130709451386e+00 -1.272946303955e+00 7.345256226550e+00
     vertex 2.154669736473e+00 -1.289723476191e+00 6.958300762208e+00
     vertex 2.494949304354e+00 -1.444831854761e+00 6.988352125632e+00
   endloop
 endfacet
 facet normal 7.855588280454e-01 -6.179180286017e-01 -3.278166574396e-02
   outer loop
     vertex 5.799890614163e+00 -5.995258456301e-01 1.160430721959e+01
     vertex 5.939986625501e+00 -3.042497118949e-01 9.395670582995e+00
     vertex 5.999810198654e+00 -3.461386287793e-01 1.161882951355e+01
   endloop
 endfacet
 facet normal 7.867076668905e-01 -6.164688301138e-01 -3.251504811358e-02
   outer loop
     vertex 5.799890614163e+00 -5.995258456301e-01 1.160430721959e+01
     vertex 5.740945238303e+00 -5.582518491101e-01 9.395578780528e+00
     vertex 5.939986625501e+00 -3.042497118949e-01 9.395670582995e+00
   endloop
 endfacet
 facet normal 1.224261623996e-01 -9.921629134427e-01 2.499175762159e-02
   outer loop
     vertex 3.685657489158e+00 -1.576645570210e+00 9.389763123751e+00
     vertex 3.744957341594e+00 -1.618167773900e+00 7.450858118186e+00
     vertex 4.072459300971e+00 -1.577327859259e+00 7.467865350598e+00
   endloop
 endfacet
 facet normal 1.224261623996e-01 -9.921629134427e-01 2.499175762159e-02
   outer loop
     vertex 3.685657489158e+00 -1.576645570210e+00 9.389763123751e+00
     vertex 4.072459300971e+00 -1.577327859259e+00 7.467865350598e+00
     vertex 4.013639895513e+00 -1.536142068164e+00 9.391061361769e+00
   endloop
 endfacet
 facet normal 7.159646113113e-01 -6.973963982357e-01 -3.213936959153e-02
   outer loop
     vertex 5.574830931111e+00 -8.307459416917e-01 1.160795675274e+01
     vertex 5.740945238303e+00 -5.582518491101e-01 9.395578780528e+00
     vertex 5.799890614163e+00 -5.995258456301e-01 1.160430721959e+01
   endloop
 endfacet
 facet normal 7.159646113113e-01 -6.973963982357e-01 -3.213936959153e-02
   outer loop
     vertex 5.574830931111e+00 -8.307459416917e-01 1.160795675274e+01
     vertex 5.515780837173e+00 -7.893986207843e-01 9.395304446994e+00
     vertex 5.740945238303e+00 -5.582518491101e-01 9.395578780528e+00
   endloop
 endfacet
 facet normal 1.623002262362e-02 -9.996283379007e-01 2.190370816801e-02
   outer loop
     vertex 3.377228991326e+00 -1.581682180987e+00 9.388442006687e+00
     vertex 3.744957341594e+00 -1.618167773900e+00 7.450858118186e+00
     vertex 3.685657489158e+00 -1.576645570210e+00 9.389763123751e+00
   endloop
 endfacet
 facet normal 1.623002262364e-02 -9.996283379007e-01 2.190370816801e-02
   outer loop
     vertex 3.377228991326e+00 -1.581682180987e+00 9.388442006687e+00
     vertex 3.437017757729e+00 -1.623546725923e+00 7.433551164732e+00
     vertex 3.744957341594e+00 -1.618167773900e+00 7.450858118186e+00
   endloop
 endfacet
 facet normal -8.574527997433e-02 -9.961413932375e-01 1.871020152125e-02
   outer loop
     vertex 3.377228991326e+00 -1.581682180987e+00 9.388442006687e+00
     vertex 3.134743724567e+00 -1.597870012860e+00 7.415329293760e+00
     vertex 3.437017757729e+00 -1.623546725923e+00 7.433551164732e+00
   endloop
 endfacet
 facet normal -8.574527997431e-02 -9.961413932375e-01 1.871020152125e-02
   outer loop
     vertex 3.074440198171e+00 -1.555645029097e+00 9.387051049883e+00
     vertex 3.134743724567e+00 -1.597870012860e+00 7.415329293760e+00
     vertex 3.377228991326e+00 -1.581682180987e+00 9.388442006687e+00
   endloop
 endfacet
 facet normal 6.346488731491e-01 -7.721638139242e-01 -3.136641957006e-02
   outer loop
     vertex 5.311920948517e+00 -1.047095723467e+00 1.161439511730e+01
     vertex 5.515780837173e+00 -7.893986207843e-01 9.395304446994e+00
     vertex 5.574830931111e+00 -8.307459416917e-01 1.160795675274e+01
   endloop
 endfacet
 facet normal 6.346488731491e-01 -7.721638139242e-01 -3.136641957006e-02
   outer loop
     vertex 5.311920948517e+00 -1.047095723467e+00 1.161439511730e+01
     vertex 5.252686115016e+00 -1.005619046524e+00 9.394820478434e+00
     vertex 5.515780837173e+00 -7.893986207843e-01 9.395304446994e+00
   endloop
 endfacet
 facet normal -1.887811303009e-01 -9.819007085294e-01 1.525396446381e-02
   outer loop
     vertex 2.759861227066e+00 -1.495187812397e+00 9.385504578440e+00
     vertex 3.134743724567e+00 -1.597870012860e+00 7.415329293760e+00
     vertex 3.074440198171e+00 -1.555645029097e+00 9.387051049883e+00
   endloop
 endfacet
 facet normal -1.887811303009e-01 -9.819007085294e-01 1.525396446381e-02
   outer loop
     vertex 2.759861227066e+00 -1.495187812397e+00 9.385504578440e+00
     vertex 2.820737065720e+00 -1.537813533517e+00 7.395070143364e+00
     vertex 3.134743724567e+00 -1.597870012860e+00 7.415329293760e+00
   endloop
 endfacet
 facet normal 5.431231796228e-01 -8.391106543006e-01 -3.017485038368e-02
   outer loop
     vertex 5.026523703144e+00 -1.232145882141e+00 1.162339931641e+01
     vertex 4.967030507166e+00 -1.190488297845e+00 9.394143637407e+00
     vertex 5.252686115016e+00 -1.005619046524e+00 9.394820478434e+00
   endloop
 endfacet
 facet normal 5.431231796228e-01 -8.391106543005e-01 -3.017485038368e-02
   outer loop
     vertex 5.026523703144e+00 -1.232145882141e+00 1.162339931641e+01
     vertex 5.252686115016e+00 -1.005619046524e+00 9.394820478434e+00
     vertex 5.311920948517e+00 -1.047095723467e+00 1.161439511730e+01
   endloop
 endfacet
 facet normal 4.446785262744e-01 -8.952336320596e-01 -2.859636864610e-02
   outer loop
     vertex 5.026523703144e+00 -1.232145882141e+00 1.162339931641e+01
     vertex 4.662492030833e+00 -1.341730502815e+00 9.393282955615e+00
     vertex 4.967030507166e+00 -1.190488297845e+00 9.394143637407e+00
   endloop
 endfacet
 facet normal 4.446785262744e-01 -8.952336320596e-01 -2.859636864609e-02
   outer loop
     vertex 4.722313764637e+00 -1.383618131774e+00 1.163484919892e+01
     vertex 4.662492030833e+00 -1.341730502815e+00 9.393282955615e+00
     vertex 5.026523703144e+00 -1.232145882141e+00 1.162339931641e+01
   endloop
 endfacet
 facet normal -2.998498275188e-01 -9.539199876411e-01 1.125780244189e-02
   outer loop
     vertex 2.409705970871e+00 -1.385143830075e+00 9.383653513941e+00
     vertex 2.820737065720e+00 -1.537813533517e+00 7.395070143364e+00
     vertex 2.759861227066e+00 -1.495187812397e+00 9.385504578440e+00
   endloop
 endfacet
 facet normal -2.998498275188e-01 -9.539199876411e-01 1.125780244189e-02
   outer loop
     vertex 2.409705970871e+00 -1.385143830075e+00 9.383653513941e+00
     vertex 2.471266844419e+00 -1.428249217792e+00 7.370820750175e+00
     vertex 2.820737065720e+00 -1.537813533517e+00 7.395070143364e+00
   endloop
 endfacet
 facet normal 3.406334692690e-01 -9.398183160481e-01 -2.665281287713e-02
   outer loop
     vertex 4.403555967727e+00 -1.499539993528e+00 1.164857813218e+01
     vertex 4.662492030833e+00 -1.341730502815e+00 9.393282955615e+00
     vertex 4.722313764637e+00 -1.383618131774e+00 1.163484919892e+01
   endloop
 endfacet
 facet normal 2.323756811039e-01 -9.723207262468e-01 -2.437105131757e-02
   outer loop
     vertex 4.403555967727e+00 -1.499539993528e+00 1.164857813218e+01
     vertex 4.013639895513e+00 -1.536142068164e+00 9.391061361769e+00
     vertex 4.343340302030e+00 -1.457376530488e+00 9.392250958747e+00
   endloop
 endfacet
 facet normal 3.406334692690e-01 -9.398183160481e-01 -2.665281287713e-02
   outer loop
     vertex 4.403555967727e+00 -1.499539993528e+00 1.164857813218e+01
     vertex 4.343340302030e+00 -1.457376530488e+00 9.392250958747e+00
     vertex 4.662492030833e+00 -1.341730502815e+00 9.393282955615e+00
   endloop
 endfacet
 facet normal -5.225590255502e-01 -8.526005278856e-01 2.098729437344e-03
   outer loop
     vertex 2.068426391077e+00 -1.229335235623e+00 9.381702059662e+00
     vertex 1.761470655281e+00 -1.040745097302e+00 9.567319746152e+00
     vertex 1.824821704727e+00 -1.085103979677e+00 7.320367957228e+00
   endloop
 endfacet
 facet normal -4.153304254818e-01 -9.096453702055e-01 6.777767537174e-03
   outer loop
     vertex 2.068426391077e+00 -1.229335235623e+00 9.381702059662e+00
     vertex 2.471266844419e+00 -1.428249217792e+00 7.370820750175e+00
     vertex 2.409705970871e+00 -1.385143830075e+00 9.383653513941e+00
   endloop
 endfacet
 facet normal -4.053680778742e-01 -8.850425757074e-01 2.288588224776e-01
   outer loop
     vertex 2.068426391077e+00 -1.229335235623e+00 9.381702059662e+00
     vertex 2.409705970871e+00 -1.385143830075e+00 9.383653513941e+00
     vertex 1.761470655281e+00 -1.040745097302e+00 9.567319746152e+00
   endloop
 endfacet
 facet normal -5.234273935377e-01 -8.520673401215e-01 2.238658647147e-03
   outer loop
     vertex 2.068426391077e+00 -1.229335235623e+00 9.381702059662e+00
     vertex 1.824821704727e+00 -1.085103979677e+00 7.320367957228e+00
     vertex 2.130709451386e+00 -1.272946303955e+00 7.345256226550e+00
   endloop
 endfacet
 facet normal -4.153304254818e-01 -9.096453702055e-01 6.777767537174e-03
   outer loop
     vertex 2.068426391077e+00 -1.229335235623e+00 9.381702059662e+00
     vertex 2.130709451386e+00 -1.272946303955e+00 7.345256226550e+00
     vertex 2.471266844419e+00 -1.428249217792e+00 7.370820750175e+00
   endloop
 endfacet
 facet normal 2.323756811039e-01 -9.723207262468e-01 -2.437105131757e-02
   outer loop
     vertex 4.074309651918e+00 -1.578623488941e+00 1.166440366231e+01
     vertex 4.013639895513e+00 -1.536142068164e+00 9.391061361769e+00
     vertex 4.403555967727e+00 -1.499539993528e+00 1.164857813218e+01
   endloop
 endfacet
 facet normal 7.118974771783e-01 -6.945688303938e-01 -1.038081009966e-01
   outer loop
     vertex 5.975632826259e+00 -7.225818673208e-01 1.363287062130e+01
     vertex 5.574830931111e+00 -8.307459416917e-01 1.160795675274e+01
     vertex 5.799890614163e+00 -5.995258456301e-01 1.160430721959e+01
   endloop
 endfacet
 facet normal 7.063503583059e-01 -6.941449272574e-01 -1.386794551615e-01
   outer loop
     vertex 5.975632826259e+00 -7.225818673208e-01 1.363287062130e+01
     vertex 5.998759833966e+00 -7.387052094838e-01 1.383136942793e+01
     vertex 5.773068389966e+00 -9.691851017318e-01 1.383547397032e+01
   endloop
 endfacet
 facet normal 7.779538417194e-01 -6.124376119338e-01 -1.403851546382e-01
   outer loop
     vertex 5.975632826259e+00 -7.225818673208e-01 1.363287062130e+01
     vertex 6.198194897287e+00 -4.850490902275e-01 1.382996419213e+01
     vertex 5.998759833966e+00 -7.387052094838e-01 1.383136942793e+01
   endloop
 endfacet
 facet normal 7.687745987490e-01 -6.302368552969e-01 -1.085685154351e-01
   outer loop
     vertex 5.975632826259e+00 -7.225818673208e-01 1.363287062130e+01
     vertex 5.999810198654e+00 -3.461386287793e-01 1.161882951355e+01
     vertex 6.198194897287e+00 -4.850490902275e-01 1.382996419213e+01
   endloop
 endfacet
 facet normal 7.836441329602e-01 -6.122665440150e-01 -1.050311951614e-01
   outer loop
     vertex 5.975632826259e+00 -7.225818673208e-01 1.363287062130e+01
     vertex 5.799890614163e+00 -5.995258456301e-01 1.160430721959e+01
     vertex 5.999810198654e+00 -3.461386287793e-01 1.161882951355e+01
   endloop
 endfacet
 facet normal 1.226177654894e-01 -9.922142152315e-01 -2.181363516150e-02
   outer loop
     vertex 3.746822806525e+00 -1.619473986507e+00 1.168167447354e+01
     vertex 4.013639895513e+00 -1.536142068164e+00 9.391061361769e+00
     vertex 4.074309651918e+00 -1.578623488941e+00 1.166440366231e+01
   endloop
 endfacet
 facet normal 1.640662329366e-02 -9.996825988621e-01 -1.911868835318e-02
   outer loop
     vertex 3.746822806525e+00 -1.619473986507e+00 1.168167447354e+01
     vertex 3.377228991326e+00 -1.581682180987e+00 9.388442006687e+00
     vertex 3.685657489158e+00 -1.576645570210e+00 9.389763123751e+00
   endloop
 endfacet
 facet normal 1.226177654894e-01 -9.922142152315e-01 -2.181363516150e-02
   outer loop
     vertex 3.746822806525e+00 -1.619473986507e+00 1.168167447354e+01
     vertex 3.685657489158e+00 -1.576645570210e+00 9.389763123751e+00
     vertex 4.013639895513e+00 -1.536142068164e+00 9.391061361769e+00
   endloop
 endfacet
 facet normal 6.264870166984e-01 -7.683803894376e-01 -1.307883597119e-01
   outer loop
     vertex 5.750885354069e+00 -9.540205757817e-01 1.364012395300e+01
     vertex 5.773068389966e+00 -9.691851017318e-01 1.383547397032e+01
     vertex 5.509877989147e+00 -1.184978369280e+00 1.384255369765e+01
   endloop
 endfacet
 facet normal 7.118974771783e-01 -6.945688303938e-01 -1.038081009966e-01
   outer loop
     vertex 5.750885354069e+00 -9.540205757817e-01 1.364012395300e+01
     vertex 5.574830931111e+00 -8.307459416917e-01 1.160795675274e+01
     vertex 5.975632826259e+00 -7.225818673208e-01 1.363287062130e+01
   endloop
 endfacet
 facet normal 7.088013169124e-01 -6.925161277706e-01 -1.342464372746e-01
   outer loop
     vertex 5.750885354069e+00 -9.540205757817e-01 1.364012395300e+01
     vertex 5.975632826259e+00 -7.225818673208e-01 1.363287062130e+01
     vertex 5.773068389966e+00 -9.691851017318e-01 1.383547397032e+01
   endloop
 endfacet
 facet normal 1.640662329366e-02 -9.996825988621e-01 -1.911868835318e-02
   outer loop
     vertex 3.438898603000e+00 -1.624863707960e+00 1.169924965091e+01
     vertex 3.377228991326e+00 -1.581682180987e+00 9.388442006687e+00
     vertex 3.746822806525e+00 -1.619473986507e+00 1.168167447354e+01
   endloop
 endfacet
 facet normal 6.306698284689e-01 -7.694099322313e-01 -1.013110242909e-01
   outer loop
     vertex 5.488526161746e+00 -1.170756025057e+00 1.365291999892e+01
     vertex 5.311920948517e+00 -1.047095723467e+00 1.161439511730e+01
     vertex 5.574830931111e+00 -8.307459416917e-01 1.160795675274e+01
   endloop
 endfacet
 facet normal 5.372467096809e-01 -8.343977794695e-01 -1.230703804877e-01
   outer loop
     vertex 5.488526161746e+00 -1.170756025057e+00 1.365291999892e+01
     vertex 5.509877989147e+00 -1.184978369280e+00 1.384255369765e+01
     vertex 5.224622075801e+00 -1.370082226896e+00 1.385228347096e+01
   endloop
 endfacet
 facet normal 6.279010643862e-01 -7.676500822243e-01 -1.282716048222e-01
   outer loop
     vertex 5.488526161746e+00 -1.170756025057e+00 1.365291999892e+01
     vertex 5.750885354069e+00 -9.540205757817e-01 1.364012395300e+01
     vertex 5.509877989147e+00 -1.184978369280e+00 1.384255369765e+01
   endloop
 endfacet
 facet normal 6.306698284689e-01 -7.694099322313e-01 -1.013110242909e-01
   outer loop
     vertex 5.488526161746e+00 -1.170756025057e+00 1.365291999892e+01
     vertex 5.574830931111e+00 -8.307459416917e-01 1.160795675274e+01
     vertex 5.750885354069e+00 -9.540205757817e-01 1.364012395300e+01
   endloop
 endfacet
 facet normal -1.886509161805e-01 -9.819539421301e-01 -1.331492994319e-02
   outer loop
     vertex 3.136640763246e+00 -1.599198333643e+00 1.171775392523e+01
     vertex 2.759861227066e+00 -1.495187812397e+00 9.385504578440e+00
     vertex 3.074440198171e+00 -1.555645029097e+00 9.387051049883e+00
   endloop
 endfacet
 facet normal -8.558905738961e-02 -9.961966643349e-01 -1.633154074613e-02
   outer loop
     vertex 3.136640763246e+00 -1.599198333643e+00 1.171775392523e+01
     vertex 3.377228991326e+00 -1.581682180987e+00 9.388442006687e+00
     vertex 3.438898603000e+00 -1.624863707960e+00 1.169924965091e+01
   endloop
 endfacet
 facet normal -8.558905738960e-02 -9.961966643349e-01 -1.633154074612e-02
   outer loop
     vertex 3.136640763246e+00 -1.599198333643e+00 1.171775392523e+01
     vertex 3.074440198171e+00 -1.555645029097e+00 9.387051049883e+00
     vertex 3.377228991326e+00 -1.581682180987e+00 9.388442006687e+00
   endloop
 endfacet
 facet normal 5.364441089061e-01 -8.347101995758e-01 -1.244451716378e-01
   outer loop
     vertex 5.203899209080e+00 -1.356345548491e+00 1.367081555985e+01
     vertex 5.488526161746e+00 -1.170756025057e+00 1.365291999892e+01
     vertex 5.224622075801e+00 -1.370082226896e+00 1.385228347096e+01
   endloop
 endfacet
 facet normal 5.392846972593e-01 -8.364647301786e-01 -9.746163588422e-02
   outer loop
     vertex 5.203899209080e+00 -1.356345548491e+00 1.367081555985e+01
     vertex 5.311920948517e+00 -1.047095723467e+00 1.161439511730e+01
     vertex 5.488526161746e+00 -1.170756025057e+00 1.365291999892e+01
   endloop
 endfacet
 facet normal 4.402169020326e-01 -8.901498927136e-01 -1.176530818415e-01
   outer loop
     vertex 5.203899209080e+00 -1.356345548491e+00 1.367081555985e+01
     vertex 5.224622075801e+00 -1.370082226896e+00 1.385228347096e+01
     vertex 4.920611602803e+00 -1.522052704520e+00 1.386457346559e+01
   endloop
 endfacet
 facet normal 5.392846972593e-01 -8.364647301786e-01 -9.746163588422e-02
   outer loop
     vertex 5.203899209080e+00 -1.356345548491e+00 1.367081555985e+01
     vertex 5.026523703144e+00 -1.232145882141e+00 1.162339931641e+01
     vertex 5.311920948517e+00 -1.047095723467e+00 1.161439511730e+01
   endloop
 endfacet
 facet normal -1.886509161805e-01 -9.819539421301e-01 -1.331492994320e-02
   outer loop
     vertex 2.822652108295e+00 -1.539154460764e+00 1.173832705281e+01
     vertex 2.759861227066e+00 -1.495187812397e+00 9.385504578440e+00
     vertex 3.136640763246e+00 -1.599198333643e+00 1.171775392523e+01
   endloop
 endfacet
 facet normal 3.349306654119e-01 -9.354209361454e-01 -1.131773899138e-01
   outer loop
     vertex 4.900668787006e+00 -1.508503662914e+00 1.369357183918e+01
     vertex 4.920611602803e+00 -1.522052704520e+00 1.386457346559e+01
     vertex 4.601678584131e+00 -1.638028454667e+00 1.387929103955e+01
   endloop
 endfacet
 facet normal 4.378550576557e-01 -8.907781895425e-01 -1.216436004099e-01
   outer loop
     vertex 4.900668787006e+00 -1.508503662914e+00 1.369357183918e+01
     vertex 5.203899209080e+00 -1.356345548491e+00 1.367081555985e+01
     vertex 4.920611602803e+00 -1.522052704520e+00 1.386457346559e+01
   endloop
 endfacet
 facet normal 4.410303625506e-01 -8.927269447397e-01 -9.236244607063e-02
   outer loop
     vertex 4.900668787006e+00 -1.508503662914e+00 1.369357183918e+01
     vertex 4.722313764637e+00 -1.383618131774e+00 1.163484919892e+01
     vertex 5.026523703144e+00 -1.232145882141e+00 1.162339931641e+01
   endloop
 endfacet
 facet normal 3.372235875610e-01 -9.374805493741e-01 -8.608409572982e-02
   outer loop
     vertex 4.900668787006e+00 -1.508503662914e+00 1.369357183918e+01
     vertex 4.403555967727e+00 -1.499539993528e+00 1.164857813218e+01
     vertex 4.722313764637e+00 -1.383618131774e+00 1.163484919892e+01
   endloop
 endfacet
 facet normal 4.410303625506e-01 -8.927269447397e-01 -9.236244607063e-02
   outer loop
     vertex 4.900668787006e+00 -1.508503662914e+00 1.369357183918e+01
     vertex 5.026523703144e+00 -1.232145882141e+00 1.162339931641e+01
     vertex 5.203899209080e+00 -1.356345548491e+00 1.367081555985e+01
   endloop
 endfacet
 facet normal -2.997529074453e-01 -9.539662606848e-01 -9.826899470879e-03
   outer loop
     vertex 2.473203436940e+00 -1.429605234474e+00 1.176295226415e+01
     vertex 2.409705970871e+00 -1.385143830075e+00 9.383653513941e+00
     vertex 2.759861227066e+00 -1.495187812397e+00 9.385504578440e+00
   endloop
 endfacet
 facet normal -4.700491457407e-01 -8.826314095659e-01 -3.949105740708e-03
   outer loop
     vertex 2.473203436940e+00 -1.429605234474e+00 1.176295226415e+01
     vertex 1.761470655281e+00 -1.040745097302e+00 9.567319746152e+00
     vertex 2.409705970871e+00 -1.385143830075e+00 9.383653513941e+00
   endloop
 endfacet
 facet normal -2.997529074453e-01 -9.539662606848e-01 -9.826899470880e-03
   outer loop
     vertex 2.473203436940e+00 -1.429605234474e+00 1.176295226415e+01
     vertex 2.759861227066e+00 -1.495187812397e+00 9.385504578440e+00
     vertex 2.822652108295e+00 -1.539154460764e+00 1.173832705281e+01
   endloop
 endfacet
 facet normal 2.226378942806e-01 -9.693037274892e-01 -1.043199497020e-01
   outer loop
     vertex 4.583085475139e+00 -1.625247907948e+00 1.372085765979e+01
     vertex 4.601678584131e+00 -1.638028454667e+00 1.387929103955e+01
     vertex 4.271854506275e+00 -1.715611959630e+00 1.389626423002e+01
   endloop
 endfacet
 facet normal 3.340579538324e-01 -9.355508494303e-01 -1.146729768150e-01
   outer loop
     vertex 4.583085475139e+00 -1.625247907948e+00 1.372085765979e+01
     vertex 4.900668787006e+00 -1.508503662914e+00 1.369357183918e+01
     vertex 4.601678584131e+00 -1.638028454667e+00 1.387929103955e+01
   endloop
 endfacet
 facet normal 2.292494267636e-01 -9.701798232703e-01 -7.871347310239e-02
   outer loop
     vertex 4.583085475139e+00 -1.625247907948e+00 1.372085765979e+01
     vertex 4.074309651918e+00 -1.578623488941e+00 1.166440366231e+01
     vertex 4.403555967727e+00 -1.499539993528e+00 1.164857813218e+01
   endloop
 endfacet
 facet normal 3.372235875610e-01 -9.374805493741e-01 -8.608409572981e-02
   outer loop
     vertex 4.583085475139e+00 -1.625247907948e+00 1.372085765979e+01
     vertex 4.403555967727e+00 -1.499539993528e+00 1.164857813218e+01
     vertex 4.900668787006e+00 -1.508503662914e+00 1.369357183918e+01
   endloop
 endfacet
 facet normal -5.234191283428e-01 -8.520726992074e-01 -2.128696848252e-03
   outer loop
     vertex 2.132668762583e+00 -1.274318228424e+00 1.178891298786e+01
     vertex 1.826803133624e+00 -1.086491391128e+00 1.181418697666e+01
     vertex 1.761470655281e+00 -1.040745097302e+00 9.567319746152e+00
   endloop
 endfacet
 facet normal -4.164051548485e-01 -9.088080559478e-01 -2.597430383896e-02
   outer loop
     vertex 2.132668762583e+00 -1.274318228424e+00 1.178891298786e+01
     vertex 1.761470655281e+00 -1.040745097302e+00 9.567319746152e+00
     vertex 2.473203436940e+00 -1.429605234474e+00 1.176295226415e+01
   endloop
 endfacet
 facet normal 2.273365826465e-01 -9.690856120005e-01 -9.587051060836e-02
   outer loop
     vertex 4.255193004385e+00 -1.705279375874e+00 1.375231040035e+01
     vertex 4.583085475139e+00 -1.625247907948e+00 1.372085765979e+01
     vertex 4.271854506275e+00 -1.715611959630e+00 1.389626423002e+01
   endloop
 endfacet
 facet normal 2.292494267636e-01 -9.701798232703e-01 -7.871347310238e-02
   outer loop
     vertex 4.255193004385e+00 -1.705279375874e+00 1.375231040035e+01
     vertex 4.074309651918e+00 -1.578623488941e+00 1.166440366231e+01
     vertex 4.583085475139e+00 -1.625247907948e+00 1.372085765979e+01
   endloop
 endfacet
 facet normal 1.117074394677e-01 -9.916943988624e-01 -6.374689978801e-02
   outer loop
     vertex 3.929183645193e+00 -1.747164420417e+00 1.378663559141e+01
     vertex 4.271854506275e+00 -1.715611959630e+00 1.389626423002e+01
     vertex 3.935822732915e+00 -1.754677465368e+00 1.391514819537e+01
   endloop
 endfacet
 facet normal 1.198130788251e-01 -9.902935127270e-01 -7.045271317242e-02
   outer loop
     vertex 3.929183645193e+00 -1.747164420417e+00 1.378663559141e+01
     vertex 3.746822806525e+00 -1.619473986507e+00 1.168167447354e+01
     vertex 4.074309651918e+00 -1.578623488941e+00 1.166440366231e+01
   endloop
 endfacet
 facet normal 1.181951840196e-01 -9.893719037910e-01 -8.469435910056e-02
   outer loop
     vertex 3.929183645193e+00 -1.747164420417e+00 1.378663559141e+01
     vertex 4.255193004385e+00 -1.705279375874e+00 1.375231040035e+01
     vertex 4.271854506275e+00 -1.715611959630e+00 1.389626423002e+01
   endloop
 endfacet
 facet normal 1.198130788251e-01 -9.902935127270e-01 -7.045271317242e-02
   outer loop
     vertex 3.929183645193e+00 -1.747164420417e+00 1.378663559141e+01
     vertex 4.074309651918e+00 -1.578623488941e+00 1.166440366231e+01
     vertex 4.255193004385e+00 -1.705279375874e+00 1.375231040035e+01
   endloop
 endfacet
 facet normal 2.695194250816e-03 -9.997871759757e-01 -2.045332937198e-02
   outer loop
     vertex 3.622762965834e+00 -1.753606920824e+00 1.382156570053e+01
     vertex 3.935822732915e+00 -1.754677465368e+00 1.391514819537e+01
     vertex 3.597996647874e+00 -1.756005784915e+00 1.393556198323e+01
   endloop
 endfacet
 facet normal 1.394394894908e-02 -9.979943633864e-01 -6.174801160070e-02
   outer loop
     vertex 3.622762965834e+00 -1.753606920824e+00 1.382156570053e+01
     vertex 3.438898603000e+00 -1.624863707960e+00 1.169924965091e+01
     vertex 3.746822806525e+00 -1.619473986507e+00 1.168167447354e+01
   endloop
 endfacet
 facet normal 1.425028119386e-02 -9.981509632241e-01 -5.908962769096e-02
   outer loop
     vertex 3.622762965834e+00 -1.753606920824e+00 1.382156570053e+01
     vertex 3.929183645193e+00 -1.747164420417e+00 1.378663559141e+01
     vertex 3.935822732915e+00 -1.754677465368e+00 1.391514819537e+01
   endloop
 endfacet
 facet normal 1.394394894907e-02 -9.979943633864e-01 -6.174801160070e-02
   outer loop
     vertex 3.622762965834e+00 -1.753606920824e+00 1.382156570053e+01
     vertex 3.746822806525e+00 -1.619473986507e+00 1.168167447354e+01
     vertex 3.929183645193e+00 -1.747164420417e+00 1.378663559141e+01
   endloop
 endfacet
 facet normal -1.038770081018e-01 -9.942989290470e-01 2.406671734558e-02
   outer loop
     vertex 3.322088132784e+00 -1.729049979735e+00 1.385834236044e+01
     vertex 3.597996647874e+00 -1.756005784915e+00 1.393556198323e+01
     vertex 3.262399520495e+00 -1.720422094665e+00 1.395716856882e+01
   endloop
 endfacet
 facet normal -8.615629106114e-02 -9.954916721919e-01 -3.966641031439e-02
   outer loop
     vertex 3.322088132784e+00 -1.729049979735e+00 1.385834236044e+01
     vertex 3.622762965834e+00 -1.753606920824e+00 1.382156570053e+01
     vertex 3.597996647874e+00 -1.756005784915e+00 1.393556198323e+01
   endloop
 endfacet
 facet normal -8.769549615191e-02 -9.947499094147e-01 -5.274578347164e-02
   outer loop
     vertex 3.322088132784e+00 -1.729049979735e+00 1.385834236044e+01
     vertex 3.136640763246e+00 -1.599198333643e+00 1.171775392523e+01
     vertex 3.438898603000e+00 -1.624863707960e+00 1.169924965091e+01
   endloop
 endfacet
 facet normal -8.769549615191e-02 -9.947499094147e-01 -5.274578347164e-02
   outer loop
     vertex 3.322088132784e+00 -1.729049979735e+00 1.385834236044e+01
     vertex 3.438898603000e+00 -1.624863707960e+00 1.169924965091e+01
     vertex 3.622762965834e+00 -1.753606920824e+00 1.382156570053e+01
   endloop
 endfacet
 facet normal -2.083255803105e-01 -9.760521386392e-01 6.263126412659e-02
   outer loop
     vertex 3.009859471139e+00 -1.670238467435e+00 1.389923080079e+01
     vertex 3.262399520495e+00 -1.720422094665e+00 1.395716856882e+01
     vertex 2.932913099059e+00 -1.648654345770e+00 1.397965917097e+01
   endloop
 endfacet
 facet normal -1.903697421612e-01 -9.807701719698e-01 -4.300268647184e-02
   outer loop
     vertex 3.009859471139e+00 -1.670238467435e+00 1.389923080079e+01
     vertex 2.822652108295e+00 -1.539154460764e+00 1.173832705281e+01
     vertex 3.136640763246e+00 -1.599198333643e+00 1.171775392523e+01
   endloop
 endfacet
 facet normal -3.010218794347e-01 -9.530889639180e-01 -3.173728027519e-02
   outer loop
     vertex 3.009859471139e+00 -1.670238467435e+00 1.389923080079e+01
     vertex 2.473203436940e+00 -1.429605234474e+00 1.176295226415e+01
     vertex 2.822652108295e+00 -1.539154460764e+00 1.173832705281e+01
   endloop
 endfacet
 facet normal -1.885977176415e-01 -9.816492615999e-01 -2.820688038125e-02
   outer loop
     vertex 3.009859471139e+00 -1.670238467435e+00 1.389923080079e+01
     vertex 3.322088132784e+00 -1.729049979735e+00 1.385834236044e+01
     vertex 3.262399520495e+00 -1.720422094665e+00 1.395716856882e+01
   endloop
 endfacet
 facet normal -1.903697421612e-01 -9.807701719698e-01 -4.300268647184e-02
   outer loop
     vertex 3.009859471139e+00 -1.670238467435e+00 1.389923080079e+01
     vertex 3.136640763246e+00 -1.599198333643e+00 1.171775392523e+01
     vertex 3.322088132784e+00 -1.729049979735e+00 1.385834236044e+01
   endloop
 endfacet
 facet normal -3.121803932199e-01 -9.465864383085e-01 8.073113958953e-02
   outer loop
     vertex 2.662517441415e+00 -1.562164327496e+00 1.394817262943e+01
     vertex 2.932913099059e+00 -1.648654345770e+00 1.397965917097e+01
     vertex 2.613259660626e+00 -1.541259519288e+00 1.400280947205e+01
   endloop
 endfacet
 facet normal -3.010872264358e-01 -9.530498431075e-01 -3.228743764917e-02
   outer loop
     vertex 2.662517441415e+00 -1.562164327496e+00 1.394817262943e+01
     vertex 3.009859471139e+00 -1.670238467435e+00 1.389923080079e+01
     vertex 2.932913099059e+00 -1.648654345770e+00 1.397965917097e+01
   endloop
 endfacet
 facet normal -4.160363305926e-01 -9.091472228455e-01 -1.910755921727e-02
   outer loop
     vertex 2.662517441415e+00 -1.562164327496e+00 1.394817262943e+01
     vertex 2.132668762583e+00 -1.274318228424e+00 1.178891298786e+01
     vertex 2.473203436940e+00 -1.429605234474e+00 1.176295226415e+01
   endloop
 endfacet
 facet normal -3.010218794347e-01 -9.530889639180e-01 -3.173728027519e-02
   outer loop
     vertex 2.662517441415e+00 -1.562164327496e+00 1.394817262943e+01
     vertex 2.473203436940e+00 -1.429605234474e+00 1.176295226415e+01
     vertex 3.009859471139e+00 -1.670238467435e+00 1.389923080079e+01
   endloop
 endfacet
 facet normal -5.251738586329e-01 -8.507675427162e-01 -1.967247999946e-02
   outer loop
     vertex 2.324203659323e+00 -1.408432406952e+00 1.399976874668e+01
     vertex 2.307691199772e+00 -1.398853997262e+00 1.402634963648e+01
     vertex 2.020500173717e+00 -1.222119518730e+00 1.405000000000e+01
   endloop
 endfacet
 facet normal -4.171810536034e-01 -9.063183172998e-01 6.743201199174e-02
   outer loop
     vertex 2.324203659323e+00 -1.408432406952e+00 1.399976874668e+01
     vertex 2.613259660626e+00 -1.541259519288e+00 1.400280947205e+01
     vertex 2.307691199772e+00 -1.398853997262e+00 1.402634963648e+01
   endloop
 endfacet
 facet normal -5.236608086824e-01 -8.519034728118e-01 -6.311137878395e-03
   outer loop
     vertex 2.324203659323e+00 -1.408432406952e+00 1.399976874668e+01
     vertex 2.020500173717e+00 -1.222119518730e+00 1.405000000000e+01
     vertex 1.826803133624e+00 -1.086491391128e+00 1.181418697666e+01
   endloop
 endfacet
 facet normal -5.236608086824e-01 -8.519034728118e-01 -6.311137878412e-03
   outer loop
     vertex 2.324203659323e+00 -1.408432406952e+00 1.399976874668e+01
     vertex 1.826803133624e+00 -1.086491391128e+00 1.181418697666e+01
     vertex 2.132668762583e+00 -1.274318228424e+00 1.178891298786e+01
   endloop
 endfacet
 facet normal -4.171287815638e-01 -9.084005680497e-01 -2.849539538304e-02
   outer loop
     vertex 2.324203659323e+00 -1.408432406952e+00 1.399976874668e+01
     vertex 2.662517441415e+00 -1.562164327496e+00 1.394817262943e+01
     vertex 2.613259660626e+00 -1.541259519288e+00 1.400280947205e+01
   endloop
 endfacet
 facet normal -4.160363305926e-01 -9.091472228455e-01 -1.910755921727e-02
   outer loop
     vertex 2.324203659323e+00 -1.408432406952e+00 1.399976874668e+01
     vertex 2.132668762583e+00 -1.274318228424e+00 1.178891298786e+01
     vertex 2.662517441415e+00 -1.562164327496e+00 1.394817262943e+01
   endloop
 endfacet
 facet normal 8.463788767433e-01 -5.215633608915e-01 -1.077703928652e-01
   outer loop
     vertex 9.290094597254e+00 4.380657826422e+00 1.161996232360e+01
     vertex 9.505005168962e+00 4.272437035934e+00 1.383151376320e+01
     vertex 9.324186475400e+00 3.979329551147e+00 1.382996419213e+01
   endloop
 endfacet
 facet normal 8.920853596973e-01 -4.387315965936e-01 -1.081586666160e-01
   outer loop
     vertex 9.290094597254e+00 4.380657826422e+00 1.161996232360e+01
     vertex 9.602791666387e+00 4.470630135378e+00 1.383410558302e+01
     vertex 9.505005168962e+00 4.272437035934e+00 1.383151376320e+01
   endloop
 endfacet
 facet normal 8.427748381701e-01 -5.271695526478e-01 -1.087328602978e-01
   outer loop
     vertex 9.290094597254e+00 4.380657826422e+00 1.161996232360e+01
     vertex 9.324186475400e+00 3.979329551147e+00 1.382996419213e+01
     vertex 9.125801776767e+00 4.118240012596e+00 1.161882951355e+01
   endloop
 endfacet
 facet normal 9.222744413903e-01 -3.719869017181e-01 -1.050504626755e-01
   outer loop
     vertex 9.431599186060e+00 4.670461434342e+00 1.162353868958e+01
     vertex 9.685811341488e+00 4.675388470236e+00 1.383790857335e+01
     vertex 9.602791666387e+00 4.470630135378e+00 1.383410558302e+01
   endloop
 endfacet
 facet normal 8.938185638107e-01 -4.350919228387e-01 -1.085513411614e-01
   outer loop
     vertex 9.431599186060e+00 4.670461434342e+00 1.162353868958e+01
     vertex 9.602791666387e+00 4.470630135378e+00 1.383410558302e+01
     vertex 9.290094597254e+00 4.380657826422e+00 1.161996232360e+01
   endloop
 endfacet
 facet normal 9.492625335692e-01 -2.973822608683e-01 -1.022958126353e-01
   outer loop
     vertex 9.540060043194e+00 4.969830861597e+00 1.162942921424e+01
     vertex 9.763559820431e+00 4.921523966968e+00 1.384384613412e+01
     vertex 9.685811341488e+00 4.675388470236e+00 1.383790857335e+01
   endloop
 endfacet
 facet normal 9.355051441409e-01 -3.368329241421e-01 -1.066475808441e-01
   outer loop
     vertex 9.540060043194e+00 4.969830861597e+00 1.162942921424e+01
     vertex 9.685811341488e+00 4.675388470236e+00 1.383790857335e+01
     vertex 9.431599186060e+00 4.670461434342e+00 1.162353868958e+01
   endloop
 endfacet
 facet normal 9.728968743964e-01 -2.091272934664e-01 -9.867850281203e-02
   outer loop
     vertex 9.613161134747e+00 5.263100756012e+00 1.163713003676e+01
     vertex 9.825359798817e+00 5.204996326337e+00 1.385239104003e+01
     vertex 9.763559820431e+00 4.921523966968e+00 1.384384613412e+01
   endloop
 endfacet
 facet normal 9.658122742646e-01 -2.380444636163e-01 -1.026717303913e-01
   outer loop
     vertex 9.613161134747e+00 5.263100756012e+00 1.163713003676e+01
     vertex 9.763559820431e+00 4.921523966968e+00 1.384384613412e+01
     vertex 9.540060043194e+00 4.969830861597e+00 1.162942921424e+01
   endloop
 endfacet
 facet normal 9.855629328165e-01 -1.380447235857e-01 -9.802734184054e-02
   outer loop
     vertex 9.657136683370e+00 5.569994589438e+00 1.164708232404e+01
     vertex 9.825359798817e+00 5.204996326337e+00 1.385239104003e+01
     vertex 9.613161134747e+00 5.263100756012e+00 1.163713003676e+01
   endloop
 endfacet
 facet normal 9.891307617817e-01 -1.129466766106e-01 -9.414554869877e-02
   outer loop
     vertex 9.657136683370e+00 5.569994589438e+00 1.164708232404e+01
     vertex 9.859227699918e+00 5.492882464219e+00 1.386284294470e+01
     vertex 9.825359798817e+00 5.204996326337e+00 1.385239104003e+01
   endloop
 endfacet
 facet normal 9.959035983634e-01 -1.661944367007e-02 -8.888091391792e-02
   outer loop
     vertex 9.669134261312e+00 5.886375619167e+00 1.165928350520e+01
     vertex 9.865150230686e+00 5.782475930532e+00 1.387505464860e+01
     vertex 9.859227699918e+00 5.492882464219e+00 1.386284294470e+01
   endloop
 endfacet
 facet normal 9.942201141034e-01 6.575366572881e-02 -8.486943004061e-02
   outer loop
     vertex 9.669134261312e+00 5.886375619167e+00 1.165928350520e+01
     vertex 9.852228450100e+00 5.990491042516e+00 1.388484217717e+01
     vertex 9.865150230686e+00 5.782475930532e+00 1.387505464860e+01
   endloop
 endfacet
 facet normal 9.951758515629e-01 -3.419208388838e-02 -9.195610836335e-02
   outer loop
     vertex 9.669134261312e+00 5.886375619167e+00 1.165928350520e+01
     vertex 9.859227699918e+00 5.492882464219e+00 1.386284294470e+01
     vertex 9.657136683370e+00 5.569994589438e+00 1.164708232404e+01
   endloop
 endfacet
 facet normal 9.876409338120e-01 1.357198263028e-01 -7.839333267102e-02
   outer loop
     vertex 9.648763874635e+00 6.193524899675e+00 1.167299306227e+01
     vertex 9.823554056386e+00 6.205513999878e+00 1.389584915200e+01
     vertex 9.852228450100e+00 5.990491042516e+00 1.388484217717e+01
   endloop
 endfacet
 facet normal 9.939364277084e-01 6.971402199887e-02 -8.503136369073e-02
   outer loop
     vertex 9.648763874635e+00 6.193524899675e+00 1.167299306227e+01
     vertex 9.852228450100e+00 5.990491042516e+00 1.388484217717e+01
     vertex 9.669134261312e+00 5.886375619167e+00 1.165928350520e+01
   endloop
 endfacet
 facet normal 8.572784420077e-01 -5.138103846721e-01 -3.274998430623e-02
   outer loop
     vertex 9.229907201574e+00 4.422801494582e+00 9.565713542418e+00
     vertex 9.125801776767e+00 4.118240012596e+00 1.161882951355e+01
     vertex 9.065978203614e+00 4.160128929480e+00 9.395670582995e+00
   endloop
 endfacet
 facet normal 8.471182385863e-01 -5.302041226412e-01 -3.569703333295e-02
   outer loop
     vertex 9.229907201574e+00 4.422801494582e+00 9.565713542418e+00
     vertex 9.290094597254e+00 4.380657826422e+00 1.161996232360e+01
     vertex 9.125801776767e+00 4.118240012596e+00 1.161882951355e+01
   endloop
 endfacet
 facet normal 9.756489669448e-01 2.069306391603e-01 -7.272416294607e-02
   outer loop
     vertex 9.600259349834e+00 6.482241513607e+00 1.168758931131e+01
     vertex 9.779421372400e+00 6.417734938745e+00 1.390763350193e+01
     vertex 9.823554056386e+00 6.205513999878e+00 1.389584915200e+01
   endloop
 endfacet
 facet normal 9.580857848185e-01 2.779876950101e-01 -6.924211400407e-02
   outer loop
     vertex 9.600259349834e+00 6.482241513607e+00 1.168758931131e+01
     vertex 9.719903657625e+00 6.625975727631e+00 1.392013023822e+01
     vertex 9.779421372400e+00 6.417734938745e+00 1.390763350193e+01
   endloop
 endfacet
 facet normal 9.825089644200e-01 1.690138619215e-01 -7.816936300610e-02
   outer loop
     vertex 9.600259349834e+00 6.482241513607e+00 1.168758931131e+01
     vertex 9.823554056386e+00 6.205513999878e+00 1.389584915200e+01
     vertex 9.648763874635e+00 6.193524899675e+00 1.167299306227e+01
   endloop
 endfacet
 facet normal 9.620982255801e-01 2.639459685043e-01 -6.855311842650e-02
   outer loop
     vertex 9.524203734680e+00 6.763598335311e+00 1.170348977565e+01
     vertex 9.719903657625e+00 6.625975727631e+00 1.392013023822e+01
     vertex 9.600259349834e+00 6.482241513607e+00 1.168758931131e+01
   endloop
 endfacet
 facet normal 9.356662296932e-01 3.475691706861e-01 -6.102768388407e-02
   outer loop
     vertex 9.524203734680e+00 6.763598335311e+00 1.170348977565e+01
     vertex 9.645299041719e+00 6.829117996950e+00 1.393325494400e+01
     vertex 9.719903657625e+00 6.625975727631e+00 1.392013023822e+01
   endloop
 endfacet
 facet normal 8.982125227747e-01 -4.381412977783e-01 -3.530534112465e-02
   outer loop
     vertex 9.371307801939e+00 4.712677915993e+00 9.565740691404e+00
     vertex 9.431599186060e+00 4.670461434342e+00 1.162353868958e+01
     vertex 9.290094597254e+00 4.380657826422e+00 1.161996232360e+01
   endloop
 endfacet
 facet normal 8.982125227747e-01 -4.381412977783e-01 -3.530534112465e-02
   outer loop
     vertex 9.371307801939e+00 4.712677915993e+00 9.565740691404e+00
     vertex 9.290094597254e+00 4.380657826422e+00 1.161996232360e+01
     vertex 9.229907201574e+00 4.422801494582e+00 9.565713542418e+00
   endloop
 endfacet
 facet normal 8.831043632251e-01 -4.307574875648e-01 -1.859426539542e-01
   outer loop
     vertex 9.371307801939e+00 4.712677915993e+00 9.565740691404e+00
     vertex 9.229907201574e+00 4.422801494582e+00 9.565713542418e+00
     vertex 9.065978203614e+00 4.160128929480e+00 9.395670582995e+00
   endloop
 endfacet
 facet normal 9.086019884734e-01 4.142682653956e-01 -5.314349281234e-02
   outer loop
     vertex 9.408934115938e+00 7.063921365358e+00 1.172244697461e+01
     vertex 9.556237570035e+00 7.026206261817e+00 1.394691575757e+01
     vertex 9.645299041719e+00 6.829117996950e+00 1.393325494400e+01
   endloop
 endfacet
 facet normal 9.305504343286e-01 3.610223791011e-01 -6.114516300546e-02
   outer loop
     vertex 9.408934115938e+00 7.063921365358e+00 1.172244697461e+01
     vertex 9.645299041719e+00 6.829117996950e+00 1.393325494400e+01
     vertex 9.524203734680e+00 6.763598335311e+00 1.170348977565e+01
   endloop
 endfacet
 facet normal 9.398542782853e-01 -3.398280463856e-01 -3.450846966403e-02
   outer loop
     vertex 9.479597382845e+00 5.012167272154e+00 9.565785407681e+00
     vertex 9.540060043194e+00 4.969830861597e+00 1.162942921424e+01
     vertex 9.431599186060e+00 4.670461434342e+00 1.162353868958e+01
   endloop
 endfacet
 facet normal 9.398542782853e-01 -3.398280463856e-01 -3.450846966403e-02
   outer loop
     vertex 9.479597382845e+00 5.012167272154e+00 9.565785407681e+00
     vertex 9.431599186060e+00 4.670461434342e+00 1.162353868958e+01
     vertex 9.371307801939e+00 4.712677915993e+00 9.565740691404e+00
   endloop
 endfacet
 facet normal 8.771178627499e-01 4.780173642259e-01 -4.651509801766e-02
   outer loop
     vertex 9.273540956870e+00 7.330293074949e+00 1.174119166777e+01
     vertex 9.453385280887e+00 7.216303211875e+00 1.396102005931e+01
     vertex 9.556237570035e+00 7.026206261817e+00 1.394691575757e+01
   endloop
 endfacet
 facet normal 8.414408829156e-01 5.388291335769e-01 -4.050191806478e-02
   outer loop
     vertex 9.273540956870e+00 7.330293074949e+00 1.174119166777e+01
     vertex 9.337395350628e+00 7.398521053032e+00 1.397547893372e+01
     vertex 9.453385280887e+00 7.216303211875e+00 1.396102005931e+01
   endloop
 endfacet
 facet normal 8.888283511296e-01 4.553780412399e-01 -5.113708815182e-02
   outer loop
     vertex 9.273540956870e+00 7.330293074949e+00 1.174119166777e+01
     vertex 9.556237570035e+00 7.026206261817e+00 1.394691575757e+01
     vertex 9.408934115938e+00 7.063921365358e+00 1.172244697461e+01
   endloop
 endfacet
 facet normal 9.699758297928e-01 -2.409022619796e-01 -3.336150162733e-02
   outer loop
     vertex 9.552474560925e+00 5.305593952470e+00 9.565843866331e+00
     vertex 9.613161134747e+00 5.263100756012e+00 1.163713003676e+01
     vertex 9.540060043194e+00 4.969830861597e+00 1.162942921424e+01
   endloop
 endfacet
 facet normal 9.699758297928e-01 -2.409022619797e-01 -3.336150162733e-02
   outer loop
     vertex 9.552474560925e+00 5.305593952470e+00 9.565843866331e+00
     vertex 9.540060043194e+00 4.969830861597e+00 1.162942921424e+01
     vertex 9.479597382845e+00 5.012167272154e+00 9.565785407681e+00
   endloop
 endfacet
 facet normal 8.018349143492e-01 5.966748713081e-01 -3.224698559708e-02
   outer loop
     vertex 9.119322382858e+00 7.571842685829e+00 1.176002049110e+01
     vertex 9.208854453926e+00 7.572055950610e+00 1.399021934352e+01
     vertex 9.337395350628e+00 7.398521053032e+00 1.397547893372e+01
   endloop
 endfacet
 facet normal 8.407346148407e-01 5.399294538609e-01 -4.051533366667e-02
   outer loop
     vertex 9.119322382858e+00 7.571842685829e+00 1.176002049110e+01
     vertex 9.337395350628e+00 7.398521053032e+00 1.397547893372e+01
     vertex 9.273540956870e+00 7.330293074949e+00 1.174119166777e+01
   endloop
 endfacet
 facet normal 9.895305726705e-01 -1.407583558859e-01 -3.187994665327e-02
   outer loop
     vertex 9.596160731212e+00 5.612690410788e+00 9.565919416347e+00
     vertex 9.657136683370e+00 5.569994589438e+00 1.164708232404e+01
     vertex 9.613161134747e+00 5.263100756012e+00 1.163713003676e+01
   endloop
 endfacet
 facet normal 9.895305726705e-01 -1.407583558859e-01 -3.187994665326e-02
   outer loop
     vertex 9.596160731212e+00 5.612690410788e+00 9.565919416347e+00
     vertex 9.613161134747e+00 5.263100756012e+00 1.163713003676e+01
     vertex 9.552474560925e+00 5.305593952470e+00 9.565843866331e+00
   endloop
 endfacet
 facet normal 7.580700950962e-01 6.516993876670e-01 -2.485234466422e-02
   outer loop
     vertex 8.934086402561e+00 7.807401467031e+00 1.178041118949e+01
     vertex 9.068389863799e+00 7.736017308227e+00 1.400516808053e+01
     vertex 9.208854453926e+00 7.572055950610e+00 1.399021934352e+01
   endloop
 endfacet
 facet normal 7.099689613435e-01 7.039411238676e-01 -2.027234709837e-02
   outer loop
     vertex 8.934086402561e+00 7.807401467031e+00 1.178041118949e+01
     vertex 8.916631900536e+00 7.889509154238e+00 1.402025163401e+01
     vertex 9.068389863799e+00 7.736017308227e+00 1.400516808053e+01
   endloop
 endfacet
 facet normal 7.843485146484e-01 6.195177023024e-01 -3.154717265991e-02
   outer loop
     vertex 8.934086402561e+00 7.807401467031e+00 1.178041118949e+01
     vertex 9.208854453926e+00 7.572055950610e+00 1.399021934352e+01
     vertex 9.119322382858e+00 7.571842685829e+00 1.176002049110e+01
   endloop
 endfacet
 facet normal 9.988745728523e-01 -3.672092483645e-02 -3.001935023025e-02
   outer loop
     vertex 9.607803540708e+00 5.929319852057e+00 9.566012038216e+00
     vertex 9.669134261312e+00 5.886375619167e+00 1.165928350520e+01
     vertex 9.657136683370e+00 5.569994589438e+00 1.164708232404e+01
   endloop
 endfacet
 facet normal 9.988745728523e-01 -3.672092483645e-02 -3.001935023024e-02
   outer loop
     vertex 9.607803540708e+00 5.929319852057e+00 9.566012038216e+00
     vertex 9.657136683370e+00 5.569994589438e+00 1.164708232404e+01
     vertex 9.596160731212e+00 5.612690410788e+00 9.565919416347e+00
   endloop
 endfacet
 facet normal 7.186434404784e-01 6.950945066049e-01 -1.988045132793e-02
   outer loop
     vertex 8.723601519754e+00 8.025622342577e+00 1.180156520966e+01
     vertex 8.916631900536e+00 7.889509154238e+00 1.402025163401e+01
     vertex 8.934086402561e+00 7.807401467031e+00 1.178041118949e+01
   endloop
 endfacet
 facet normal 6.583768389003e-01 7.526064917143e-01 -1.110885363912e-02
   outer loop
     vertex 8.723601519754e+00 8.025622342577e+00 1.180156520966e+01
     vertex 8.757137561512e+00 8.029253734298e+00 1.403513160199e+01
     vertex 8.916631900536e+00 7.889509154238e+00 1.402025163401e+01
   endloop
 endfacet
 facet normal 6.024843687880e-01 7.980636542167e-01 -1.034355762913e-02
   outer loop
     vertex 8.723601519754e+00 8.025622342577e+00 1.180156520966e+01
     vertex 8.587950369937e+00 8.157171388379e+00 1.405000000000e+01
     vertex 8.757137561512e+00 8.029253734298e+00 1.403513160199e+01
   endloop
 endfacet
 facet normal 6.298088337054e-01 7.767144846450e-01 -7.445960599414e-03
   outer loop
     vertex 8.723601519754e+00 8.025622342577e+00 1.180156520966e+01
     vertex 8.394253329844e+00 8.292799515981e+00 1.181418697666e+01
     vertex 8.587950369937e+00 8.157171388379e+00 1.405000000000e+01
   endloop
 endfacet
 facet normal 9.973384719543e-01 6.738685588788e-02 -2.783853468473e-02
   outer loop
     vertex 9.587034527193e+00 6.236748254082e+00 9.566116110500e+00
     vertex 9.648763874635e+00 6.193524899675e+00 1.167299306227e+01
     vertex 9.669134261312e+00 5.886375619167e+00 1.165928350520e+01
   endloop
 endfacet
 facet normal 9.973384719543e-01 6.738685588788e-02 -2.783853468473e-02
   outer loop
     vertex 9.587034527193e+00 6.236748254082e+00 9.566116110500e+00
     vertex 9.669134261312e+00 5.886375619167e+00 1.165928350520e+01
     vertex 9.607803540708e+00 5.929319852057e+00 9.566012038216e+00
   endloop
 endfacet
 facet normal 8.657623031651e-01 -4.985843967764e-01 4.323463553023e-02
   outer loop
     vertex 9.287383182684e+00 4.382556379343e+00 7.527140232180e+00
     vertex 9.065978203614e+00 4.160128929480e+00 9.395670582995e+00
     vertex 9.145063456761e+00 4.104752839066e+00 7.173408631040e+00
   endloop
 endfacet
 facet normal 9.856491805118e-01 1.668764113500e-01 -2.545498559127e-02
   outer loop
     vertex 9.538105593597e+00 6.525762042253e+00 9.566226913859e+00
     vertex 9.648763874635e+00 6.193524899675e+00 1.167299306227e+01
     vertex 9.587034527193e+00 6.236748254082e+00 9.566116110500e+00
   endloop
 endfacet
 facet normal 9.856491805118e-01 1.668764113500e-01 -2.545498559127e-02
   outer loop
     vertex 9.538105593597e+00 6.525762042253e+00 9.566226913859e+00
     vertex 9.600259349834e+00 6.482241513607e+00 1.168758931131e+01
     vertex 9.648763874635e+00 6.193524899675e+00 1.167299306227e+01
   endloop
 endfacet
 facet normal 8.702478658805e-01 -4.914228762392e-01 3.423753260925e-02
   outer loop
     vertex 9.428883086858e+00 4.672363267478e+00 7.523645247377e+00
     vertex 9.371307801939e+00 4.712677915993e+00 9.565740691404e+00
     vertex 9.065978203614e+00 4.160128929480e+00 9.395670582995e+00
   endloop
 endfacet
 facet normal 8.975426307910e-01 -4.375760348010e-01 5.426269142368e-02
   outer loop
     vertex 9.428883086858e+00 4.672363267478e+00 7.523645247377e+00
     vertex 9.065978203614e+00 4.160128929480e+00 9.395670582995e+00
     vertex 9.287383182684e+00 4.382556379343e+00 7.527140232180e+00
   endloop
 endfacet
 facet normal 9.329863054252e-01 3.593577951070e-01 -1.996319074732e-02
   outer loop
     vertex 9.461587647545e+00 6.807442591536e+00 9.566347617805e+00
     vertex 9.408934115938e+00 7.063921365358e+00 1.172244697461e+01
     vertex 9.524203734680e+00 6.763598335311e+00 1.170348977565e+01
   endloop
 endfacet
 facet normal 9.647724033480e-01 2.620882620888e-01 -2.289001121306e-02
   outer loop
     vertex 9.461587647545e+00 6.807442591536e+00 9.566347617805e+00
     vertex 9.600259349834e+00 6.482241513607e+00 1.168758931131e+01
     vertex 9.538105593597e+00 6.525762042253e+00 9.566226913859e+00
   endloop
 endfacet
 facet normal 9.647724033480e-01 2.620882620888e-01 -2.289001121306e-02
   outer loop
     vertex 9.461587647545e+00 6.807442591536e+00 9.566347617805e+00
     vertex 9.524203734680e+00 6.763598335311e+00 1.170348977565e+01
     vertex 9.600259349834e+00 6.482241513607e+00 1.168758931131e+01
   endloop
 endfacet
 facet normal 8.453302641287e-01 -5.289143889612e-01 7.527492077674e-02
   outer loop
     vertex 9.309366824189e+00 4.367163267844e+00 7.172107302648e+00
     vertex 9.287383182684e+00 4.382556379343e+00 7.527140232180e+00
     vertex 9.145063456761e+00 4.104752839066e+00 7.173408631040e+00
   endloop
 endfacet
 facet normal 9.398924510383e-01 -3.398519596784e-01 3.320882388809e-02
   outer loop
     vertex 9.537336228076e+00 4.971738097476e+00 7.517888763206e+00
     vertex 9.479597382845e+00 5.012167272154e+00 9.565785407681e+00
     vertex 9.371307801939e+00 4.712677915993e+00 9.565740691404e+00
   endloop
 endfacet
 facet normal 9.398924510383e-01 -3.398519596784e-01 3.320882388809e-02
   outer loop
     vertex 9.537336228076e+00 4.971738097476e+00 7.517888763206e+00
     vertex 9.371307801939e+00 4.712677915993e+00 9.565740691404e+00
     vertex 9.428883086858e+00 4.672363267478e+00 7.523645247377e+00
   endloop
 endfacet
 facet normal 9.329863054252e-01 3.593577951070e-01 -1.996319074732e-02
   outer loop
     vertex 9.345766818560e+00 7.108151583150e+00 9.566491526100e+00
     vertex 9.408934115938e+00 7.063921365358e+00 1.172244697461e+01
     vertex 9.461587647545e+00 6.807442591536e+00 9.566347617805e+00
   endloop
 endfacet
 facet normal 8.964686632417e-01 -4.368082353357e-01 7.444797759807e-02
   outer loop
     vertex 9.450904710479e+00 4.656943560614e+00 7.167998911660e+00
     vertex 9.287383182684e+00 4.382556379343e+00 7.527140232180e+00
     vertex 9.309366824189e+00 4.367163267844e+00 7.172107302648e+00
   endloop
 endfacet
 facet normal 9.381615377352e-01 -3.384642958854e-01 7.276571668820e-02
   outer loop
     vertex 9.450904710479e+00 4.656943560614e+00 7.167998911660e+00
     vertex 9.537336228076e+00 4.971738097476e+00 7.517888763206e+00
     vertex 9.428883086858e+00 4.672363267478e+00 7.523645247377e+00
   endloop
 endfacet
 facet normal 8.964686632417e-01 -4.368082353357e-01 7.444797759806e-02
   outer loop
     vertex 9.450904710479e+00 4.656943560614e+00 7.167998911660e+00
     vertex 9.428883086858e+00 4.672363267478e+00 7.523645247377e+00
     vertex 9.287383182684e+00 4.382556379343e+00 7.527140232180e+00
   endloop
 endfacet
 facet normal 9.700127156505e-01 -2.409244658994e-01 3.210503398940e-02
   outer loop
     vertex 9.610427232430e+00 5.265015055023e+00 7.510363174999e+00
     vertex 9.479597382845e+00 5.012167272154e+00 9.565785407681e+00
     vertex 9.537336228076e+00 4.971738097476e+00 7.517888763206e+00
   endloop
 endfacet
 facet normal 9.700127156505e-01 -2.409244658994e-01 3.210503398940e-02
   outer loop
     vertex 9.610427232430e+00 5.265015055023e+00 7.510363174999e+00
     vertex 9.552474560925e+00 5.305593952470e+00 9.565843866331e+00
     vertex 9.479597382845e+00 5.012167272154e+00 9.565785407681e+00
   endloop
 endfacet
 facet normal 8.423018526433e-01 5.388338982664e-01 -1.362421053457e-02
   outer loop
     vertex 9.209828628188e+00 7.374904927768e+00 9.566633821217e+00
     vertex 9.119322382858e+00 7.571842685829e+00 1.176002049110e+01
     vertex 9.273540956870e+00 7.330293074949e+00 1.174119166777e+01
   endloop
 endfacet
 facet normal 8.908495514373e-01 4.539881771032e-01 -1.678724976028e-02
   outer loop
     vertex 9.209828628188e+00 7.374904927768e+00 9.566633821217e+00
     vertex 9.408934115938e+00 7.063921365358e+00 1.172244697461e+01
     vertex 9.345766818560e+00 7.108151583150e+00 9.566491526100e+00
   endloop
 endfacet
 facet normal 8.908495514373e-01 4.539881771032e-01 -1.678724976028e-02
   outer loop
     vertex 9.209828628188e+00 7.374904927768e+00 9.566633821217e+00
     vertex 9.273540956870e+00 7.330293074949e+00 1.174119166777e+01
     vertex 9.408934115938e+00 7.063921365358e+00 1.172244697461e+01
   endloop
 endfacet
 facet normal 9.683382538990e-01 -2.395259130213e-01 7.034460197587e-02
   outer loop
     vertex 9.559420410895e+00 4.956274586191e+00 7.161232104643e+00
     vertex 9.610427232430e+00 5.265015055023e+00 7.510363174999e+00
     vertex 9.537336228076e+00 4.971738097476e+00 7.517888763206e+00
   endloop
 endfacet
 facet normal 9.381615377352e-01 -3.384642958854e-01 7.276571668821e-02
   outer loop
     vertex 9.559420410895e+00 4.956274586191e+00 7.161232104643e+00
     vertex 9.537336228076e+00 4.971738097476e+00 7.517888763206e+00
     vertex 9.450904710479e+00 4.656943560614e+00 7.167998911660e+00
   endloop
 endfacet
 facet normal 8.423018526433e-01 5.388338982664e-01 -1.362421053457e-02
   outer loop
     vertex 9.055062576656e+00 7.616837886535e+00 9.566776754985e+00
     vertex 9.119322382858e+00 7.571842685829e+00 1.176002049110e+01
     vertex 9.209828628188e+00 7.374904927768e+00 9.566633821217e+00
   endloop
 endfacet
 facet normal 9.895656277288e-01 -1.407787330992e-01 3.067925560930e-02
   outer loop
     vertex 9.654389744692e+00 5.571918016607e+00 7.500637354723e+00
     vertex 9.596160731212e+00 5.612690410788e+00 9.565919416347e+00
     vertex 9.552474560925e+00 5.305593952470e+00 9.565843866331e+00
   endloop
 endfacet
 facet normal 9.895656277288e-01 -1.407787330992e-01 3.067925560930e-02
   outer loop
     vertex 9.654389744692e+00 5.571918016607e+00 7.500637354723e+00
     vertex 9.552474560925e+00 5.305593952470e+00 9.565843866331e+00
     vertex 9.610427232430e+00 5.265015055023e+00 7.510363174999e+00
   endloop
 endfacet
 facet normal 9.683382538990e-01 -2.395259130213e-01 7.034460197587e-02
   outer loop
     vertex 9.632593200371e+00 5.249494277179e+00 7.152385697430e+00
     vertex 9.610427232430e+00 5.265015055023e+00 7.510363174999e+00
     vertex 9.559420410895e+00 4.956274586191e+00 7.161232104643e+00
   endloop
 endfacet
 facet normal 9.879535661342e-01 -1.393899043830e-01 6.721759976973e-02
   outer loop
     vertex 9.632593200371e+00 5.249494277179e+00 7.152385697430e+00
     vertex 9.654389744692e+00 5.571918016607e+00 7.500637354723e+00
     vertex 9.610427232430e+00 5.265015055023e+00 7.510363174999e+00
   endloop
 endfacet
 facet normal 7.855921102080e-01 6.186585729791e-01 -1.032504036049e-02
   outer loop
     vertex 8.869233704876e+00 7.852811814824e+00 9.566931545292e+00
     vertex 8.934086402561e+00 7.807401467031e+00 1.178041118949e+01
     vertex 9.119322382858e+00 7.571842685829e+00 1.176002049110e+01
   endloop
 endfacet
 facet normal 7.855921102080e-01 6.186585729791e-01 -1.032504036049e-02
   outer loop
     vertex 8.869233704876e+00 7.852811814824e+00 9.566931545292e+00
     vertex 9.119322382858e+00 7.571842685829e+00 1.176002049110e+01
     vertex 9.055062576656e+00 7.616837886535e+00 9.566776754985e+00
   endloop
 endfacet
 facet normal 9.973683009359e-01 6.737037790949e-02 2.679000687746e-02
   outer loop
     vertex 9.666371340478e+00 5.888310237162e+00 7.488713814763e+00
     vertex 9.587034527193e+00 6.236748254082e+00 9.566116110500e+00
     vertex 9.607803540708e+00 5.929319852057e+00 9.566012038216e+00
   endloop
 endfacet
 facet normal 9.989072339425e-01 -3.673935787102e-02 2.888870991498e-02
   outer loop
     vertex 9.666371340478e+00 5.888310237162e+00 7.488713814763e+00
     vertex 9.607803540708e+00 5.929319852057e+00 9.566012038216e+00
     vertex 9.596160731212e+00 5.612690410788e+00 9.565919416347e+00
   endloop
 endfacet
 facet normal 9.989072339425e-01 -3.673935787101e-02 2.888870991498e-02
   outer loop
     vertex 9.666371340478e+00 5.888310237162e+00 7.488713814763e+00
     vertex 9.596160731212e+00 5.612690410788e+00 9.565919416347e+00
     vertex 9.654389744692e+00 5.571918016607e+00 7.500637354723e+00
   endloop
 endfacet
 facet normal 9.879535661342e-01 -1.393899043830e-01 6.721759976973e-02
   outer loop
     vertex 9.676661409008e+00 5.556323229364e+00 7.140952894534e+00
     vertex 9.654389744692e+00 5.571918016607e+00 7.500637354723e+00
     vertex 9.632593200371e+00 5.249494277179e+00 7.152385697430e+00
   endloop
 endfacet
 facet normal 7.194017220951e-01 6.945606761683e-01 -6.828569925692e-03
   outer loop
     vertex 8.658133735809e+00 8.071463378405e+00 9.567092130144e+00
     vertex 8.723601519754e+00 8.025622342577e+00 1.180156520966e+01
     vertex 8.934086402561e+00 7.807401467031e+00 1.178041118949e+01
   endloop
 endfacet
 facet normal 6.300167557191e-01 7.765774898470e-01 -2.507942589253e-03
   outer loop
     vertex 8.658133735809e+00 8.071463378405e+00 9.567092130144e+00
     vertex 8.328920851501e+00 8.338545809807e+00 9.567319746152e+00
     vertex 8.394253329844e+00 8.292799515981e+00 1.181418697666e+01
   endloop
 endfacet
 facet normal 6.299380795644e-01 7.766412608464e-01 -2.523463038863e-03
   outer loop
     vertex 8.658133735809e+00 8.071463378405e+00 9.567092130144e+00
     vertex 8.394253329844e+00 8.292799515981e+00 1.181418697666e+01
     vertex 8.723601519754e+00 8.025622342577e+00 1.180156520966e+01
   endloop
 endfacet
 facet normal 7.194017220951e-01 6.945606761683e-01 -6.828569925693e-03
   outer loop
     vertex 8.658133735809e+00 8.071463378405e+00 9.567092130144e+00
     vertex 8.934086402561e+00 7.807401467031e+00 1.178041118949e+01
     vertex 8.869233704876e+00 7.852811814824e+00 9.566931545292e+00
   endloop
 endfacet
 facet normal 9.973683009359e-01 6.737037790949e-02 2.679000687746e-02
   outer loop
     vertex 9.645982995845e+00 6.195472091966e+00 7.475316222391e+00
     vertex 9.587034527193e+00 6.236748254082e+00 9.566116110500e+00
     vertex 9.666371340478e+00 5.888310237162e+00 7.488713814763e+00
   endloop
 endfacet
 facet normal 9.973676152858e-01 -3.538456402164e-02 6.329117322414e-02
   outer loop
     vertex 9.688772585121e+00 5.872624716798e+00 7.126936649291e+00
     vertex 9.666371340478e+00 5.888310237162e+00 7.488713814763e+00
     vertex 9.654389744692e+00 5.571918016607e+00 7.500637354723e+00
   endloop
 endfacet
 facet normal 9.973676152858e-01 -3.538456402165e-02 6.329117322413e-02
   outer loop
     vertex 9.688772585121e+00 5.872624716798e+00 7.126936649291e+00
     vertex 9.654389744692e+00 5.571918016607e+00 7.500637354723e+00
     vertex 9.676661409008e+00 5.556323229364e+00 7.140952894534e+00
   endloop
 endfacet
 facet normal 8.673877596113e-01 -4.832519012574e-01 1.187689959865e-01
   outer loop
     vertex 9.461328191502e+00 4.260758772935e+00 5.498442922106e+00
     vertex 9.145063456761e+00 4.104752839066e+00 7.173408631040e+00
     vertex 9.362597884502e+00 3.952433592941e+00 4.964959674924e+00
   endloop
 endfacet
 facet normal 8.426671880349e-01 -5.270746500633e-01 1.100196503812e-01
   outer loop
     vertex 9.461328191502e+00 4.260758772935e+00 5.498442922106e+00
     vertex 9.309366824189e+00 4.367163267844e+00 7.172107302648e+00
     vertex 9.145063456761e+00 4.104752839066e+00 7.173408631040e+00
   endloop
 endfacet
 facet normal 9.856759496936e-01 1.668617927646e-01 2.449621013648e-02
   outer loop
     vertex 9.597459351623e+00 6.484202093462e+00 7.461052114968e+00
     vertex 9.587034527193e+00 6.236748254082e+00 9.566116110500e+00
     vertex 9.645982995845e+00 6.195472091966e+00 7.475316222391e+00
   endloop
 endfacet
 facet normal 9.856759496936e-01 1.668617927646e-01 2.449621013648e-02
   outer loop
     vertex 9.597459351623e+00 6.484202093462e+00 7.461052114968e+00
     vertex 9.538105593597e+00 6.525762042253e+00 9.566226913859e+00
     vertex 9.587034527193e+00 6.236748254082e+00 9.566116110500e+00
   endloop
 endfacet
 facet normal 9.959119516411e-01 6.866509435607e-02 5.868977249553e-02
   outer loop
     vertex 9.668529840234e+00 6.179684621563e+00 7.111187640106e+00
     vertex 9.666371340478e+00 5.888310237162e+00 7.488713814763e+00
     vertex 9.688772585121e+00 5.872624716798e+00 7.126936649291e+00
   endloop
 endfacet
 facet normal 9.959119516411e-01 6.866509435607e-02 5.868977249553e-02
   outer loop
     vertex 9.668529840234e+00 6.179684621563e+00 7.111187640106e+00
     vertex 9.645982995845e+00 6.195472091966e+00 7.475316222391e+00
     vertex 9.666371340478e+00 5.888310237162e+00 7.488713814763e+00
   endloop
 endfacet
 facet normal 8.938186326821e-01 -4.350266773855e-01 1.088119562968e-01
   outer loop
     vertex 9.603128628206e+00 4.550355225926e+00 5.491442866719e+00
     vertex 9.309366824189e+00 4.367163267844e+00 7.172107302648e+00
     vertex 9.461328191502e+00 4.260758772935e+00 5.498442922106e+00
   endloop
 endfacet
 facet normal 8.938186326821e-01 -4.350266773855e-01 1.088119562968e-01
   outer loop
     vertex 9.603128628206e+00 4.550355225926e+00 5.491442866719e+00
     vertex 9.450904710479e+00 4.656943560614e+00 7.167998911660e+00
     vertex 9.309366824189e+00 4.367163267844e+00 7.172107302648e+00
   endloop
 endfacet
 facet normal 9.647959639417e-01 2.620754143716e-01 2.202782657858e-02
   outer loop
     vertex 9.521382908674e+00 6.765573498945e+00 7.445513470020e+00
     vertex 9.538105593597e+00 6.525762042253e+00 9.566226913859e+00
     vertex 9.597459351623e+00 6.484202093462e+00 7.461052114968e+00
   endloop
 endfacet
 facet normal 9.647959639417e-01 2.620754143716e-01 2.202782657858e-02
   outer loop
     vertex 9.521382908674e+00 6.765573498945e+00 7.445513470020e+00
     vertex 9.461587647545e+00 6.807442591536e+00 9.566347617805e+00
     vertex 9.538105593597e+00 6.525762042253e+00 9.566226913859e+00
   endloop
 endfacet
 facet normal 9.843128166280e-01 1.680735576109e-01 5.366151557540e-02
   outer loop
     vertex 9.620161212700e+00 6.468306079204e+00 7.094420033466e+00
     vertex 9.645982995845e+00 6.195472091966e+00 7.475316222391e+00
     vertex 9.668529840234e+00 6.179684621563e+00 7.111187640106e+00
   endloop
 endfacet
 facet normal 9.635383723914e-01 2.631835835029e-01 4.825149017183e-02
   outer loop
     vertex 9.620161212700e+00 6.468306079204e+00 7.094420033466e+00
     vertex 9.521382908674e+00 6.765573498945e+00 7.445513470020e+00
     vertex 9.597459351623e+00 6.484202093462e+00 7.461052114968e+00
   endloop
 endfacet
 facet normal 9.843128166280e-01 1.680735576109e-01 5.366151557540e-02
   outer loop
     vertex 9.620161212700e+00 6.468306079204e+00 7.094420033466e+00
     vertex 9.597459351623e+00 6.484202093462e+00 7.461052114968e+00
     vertex 9.645982995845e+00 6.195472091966e+00 7.475316222391e+00
   endloop
 endfacet
 facet normal 8.386511093677e-01 -5.242391329609e-01 1.477756685950e-01
   outer loop
     vertex 9.527020365267e+00 4.214760617663e+00 4.962449086343e+00
     vertex 9.461328191502e+00 4.260758772935e+00 5.498442922106e+00
     vertex 9.362597884502e+00 3.952433592941e+00 4.964959674924e+00
   endloop
 endfacet
 facet normal 9.355635746815e-01 -3.367631284187e-01 1.063550331054e-01
   outer loop
     vertex 9.712076767498e+00 4.849383454541e+00 5.479913286391e+00
     vertex 9.450904710479e+00 4.656943560614e+00 7.167998911660e+00
     vertex 9.603128628206e+00 4.550355225926e+00 5.491442866719e+00
   endloop
 endfacet
 facet normal 9.355635746815e-01 -3.367631284187e-01 1.063550331054e-01
   outer loop
     vertex 9.712076767498e+00 4.849383454541e+00 5.479913286391e+00
     vertex 9.559420410895e+00 4.956274586191e+00 7.161232104643e+00
     vertex 9.450904710479e+00 4.656943560614e+00 7.167998911660e+00
   endloop
 endfacet
 facet normal 9.330063405624e-01 3.593467643824e-01 1.921123104353e-02
   outer loop
     vertex 9.406088458162e+00 7.065913916383e+00 7.426987647284e+00
     vertex 9.461587647545e+00 6.807442591536e+00 9.566347617805e+00
     vertex 9.521382908674e+00 6.765573498945e+00 7.445513470020e+00
   endloop
 endfacet
 facet normal 9.330063405624e-01 3.593467643824e-01 1.921123104353e-02
   outer loop
     vertex 9.406088458162e+00 7.065913916383e+00 7.426987647284e+00
     vertex 9.345766818560e+00 7.108151583150e+00 9.566491526100e+00
     vertex 9.461587647545e+00 6.807442591536e+00 9.566347617805e+00
   endloop
 endfacet
 facet normal 9.635383723914e-01 2.631835835029e-01 4.825149017183e-02
   outer loop
     vertex 9.544253637612e+00 6.749559242138e+00 7.076154194709e+00
     vertex 9.521382908674e+00 6.765573498945e+00 7.445513470020e+00
     vertex 9.620161212700e+00 6.468306079204e+00 7.094420033466e+00
   endloop
 endfacet
 facet normal 8.898618823543e-01 -4.321866783313e-01 1.461523363000e-01
   outer loop
     vertex 9.668934301262e+00 4.504277597596e+00 4.954522970564e+00
     vertex 9.603128628206e+00 4.550355225926e+00 5.491442866719e+00
     vertex 9.461328191502e+00 4.260758772935e+00 5.498442922106e+00
   endloop
 endfacet
 facet normal 8.898618823543e-01 -4.321866783313e-01 1.461523363000e-01
   outer loop
     vertex 9.668934301262e+00 4.504277597596e+00 4.954522970564e+00
     vertex 9.461328191502e+00 4.260758772935e+00 5.498442922106e+00
     vertex 9.527020365267e+00 4.214760617663e+00 4.962449086343e+00
   endloop
 endfacet
 facet normal 9.317035612811e-01 -3.339496398466e-01 1.428499630470e-01
   outer loop
     vertex 9.668934301262e+00 4.504277597596e+00 4.954522970564e+00
     vertex 9.712076767498e+00 4.849383454541e+00 5.479913286391e+00
     vertex 9.603128628206e+00 4.550355225926e+00 5.491442866719e+00
   endloop
 endfacet
 facet normal 9.658273986375e-01 -2.379195874903e-01 1.028188014404e-01
   outer loop
     vertex 9.785814894568e+00 5.142207291885e+00 5.464840392733e+00
     vertex 9.559420410895e+00 4.956274586191e+00 7.161232104643e+00
     vertex 9.712076767498e+00 4.849383454541e+00 5.479913286391e+00
   endloop
 endfacet
 facet normal 9.658273986375e-01 -2.379195874903e-01 1.028188014404e-01
   outer loop
     vertex 9.785814894568e+00 5.142207291885e+00 5.464840392733e+00
     vertex 9.632593200371e+00 5.249494277179e+00 7.152385697430e+00
     vertex 9.559420410895e+00 4.956274586191e+00 7.161232104643e+00
   endloop
 endfacet
 facet normal 8.908659414300e-01 4.539789570431e-01 1.615490520420e-02
   outer loop
     vertex 9.270670745684e+00 7.332302818457e+00 7.408669494710e+00
     vertex 9.345766818560e+00 7.108151583150e+00 9.566491526100e+00
     vertex 9.406088458162e+00 7.065913916383e+00 7.426987647284e+00
   endloop
 endfacet
 facet normal 8.908659414300e-01 4.539789570431e-01 1.615490520420e-02
   outer loop
     vertex 9.270670745684e+00 7.332302818457e+00 7.408669494710e+00
     vertex 9.209828628188e+00 7.374904927768e+00 9.566633821217e+00
     vertex 9.345766818560e+00 7.108151583150e+00 9.566491526100e+00
   endloop
 endfacet
 facet normal 8.423148023004e-01 5.388263871054e-01 1.311100242920e-02
   outer loop
     vertex 9.270670745684e+00 7.332302818457e+00 7.408669494710e+00
     vertex 9.055062576656e+00 7.616837886535e+00 9.566776754985e+00
     vertex 9.209828628188e+00 7.374904927768e+00 9.566633821217e+00
   endloop
 endfacet
 facet normal 9.318776271500e-01 3.603240432964e-01 4.207935170340e-02
   outer loop
     vertex 9.429160518429e+00 7.049758685862e+00 7.054376897390e+00
     vertex 9.521382908674e+00 6.765573498945e+00 7.445513470020e+00
     vertex 9.544253637612e+00 6.749559242138e+00 7.076154194709e+00
   endloop
 endfacet
 facet normal 9.318776271500e-01 3.603240432964e-01 4.207935170340e-02
   outer loop
     vertex 9.429160518429e+00 7.049758685862e+00 7.054376897390e+00
     vertex 9.406088458162e+00 7.065913916383e+00 7.426987647284e+00
     vertex 9.521382908674e+00 6.765573498945e+00 7.445513470020e+00
   endloop
 endfacet
 facet normal 9.317035612811e-01 -3.339496398466e-01 1.428499630470e-01
   outer loop
     vertex 9.778069381817e+00 4.803174928529e+00 4.941468104064e+00
     vertex 9.712076767498e+00 4.849383454541e+00 5.479913286391e+00
     vertex 9.668934301262e+00 4.504277597596e+00 4.954522970564e+00
   endloop
 endfacet
 facet normal 8.423148023004e-01 5.388263871054e-01 1.311100242920e-02
   outer loop
     vertex 9.116427508061e+00 7.573869698983e+00 7.390269126377e+00
     vertex 9.055062576656e+00 7.616837886535e+00 9.566776754985e+00
     vertex 9.270670745684e+00 7.332302818457e+00 7.408669494710e+00
   endloop
 endfacet
 facet normal 9.951304713824e-01 -3.400389739515e-02 9.251529542796e-02
   outer loop
     vertex 9.830613726737e+00 5.448524655965e+00 5.445360685534e+00
     vertex 9.688772585121e+00 5.872624716798e+00 7.126936649291e+00
     vertex 9.676661409008e+00 5.556323229364e+00 7.140952894534e+00
   endloop
 endfacet
 facet normal 9.855622866506e-01 -1.378901099816e-01 9.825119185697e-02
   outer loop
     vertex 9.830613726737e+00 5.448524655965e+00 5.445360685534e+00
     vertex 9.676661409008e+00 5.556323229364e+00 7.140952894534e+00
     vertex 9.632593200371e+00 5.249494277179e+00 7.152385697430e+00
   endloop
 endfacet
 facet normal 9.855622866506e-01 -1.378901099816e-01 9.825119185697e-02
   outer loop
     vertex 9.830613726737e+00 5.448524655965e+00 5.445360685534e+00
     vertex 9.632593200371e+00 5.249494277179e+00 7.152385697430e+00
     vertex 9.785814894568e+00 5.142207291885e+00 5.464840392733e+00
   endloop
 endfacet
 facet normal 8.414994469618e-01 5.394943343464e-01 2.871487369001e-02
   outer loop
     vertex 9.293941880403e+00 7.316008194504e+00 7.032843718507e+00
     vertex 9.116427508061e+00 7.573869698983e+00 7.390269126377e+00
     vertex 9.270670745684e+00 7.332302818457e+00 7.408669494710e+00
   endloop
 endfacet
 facet normal 8.898883014231e-01 4.548041925735e-01 3.538301015753e-02
   outer loop
     vertex 9.293941880403e+00 7.316008194504e+00 7.032843718507e+00
     vertex 9.270670745684e+00 7.332302818457e+00 7.408669494710e+00
     vertex 9.406088458162e+00 7.065913916383e+00 7.426987647284e+00
   endloop
 endfacet
 facet normal 8.898883014231e-01 4.548041925735e-01 3.538301015754e-02
   outer loop
     vertex 9.293941880403e+00 7.316008194504e+00 7.032843718507e+00
     vertex 9.406088458162e+00 7.065913916383e+00 7.426987647284e+00
     vertex 9.429160518429e+00 7.049758685862e+00 7.054376897390e+00
   endloop
 endfacet
 facet normal 9.620951877373e-01 -2.351638241896e-01 1.380971597289e-01
   outer loop
     vertex 9.852051901630e+00 5.095827640231e+00 4.924401167638e+00
     vertex 9.785814894568e+00 5.142207291885e+00 5.464840392733e+00
     vertex 9.712076767498e+00 4.849383454541e+00 5.479913286391e+00
   endloop
 endfacet
 facet normal 9.620951877373e-01 -2.351638241896e-01 1.380971597289e-01
   outer loop
     vertex 9.852051901630e+00 5.095827640231e+00 4.924401167638e+00
     vertex 9.712076767498e+00 4.849383454541e+00 5.479913286391e+00
     vertex 9.778069381817e+00 4.803174928529e+00 4.941468104064e+00
   endloop
 endfacet
 facet normal 7.856016659748e-01 6.186528075492e-01 9.936102311792e-03
   outer loop
     vertex 8.931164818275e+00 7.809447182372e+00 7.370342423878e+00
     vertex 8.869233704876e+00 7.852811814824e+00 9.566931545292e+00
     vertex 9.055062576656e+00 7.616837886535e+00 9.566776754985e+00
   endloop
 endfacet
 facet normal 7.856016659748e-01 6.186528075492e-01 9.936102311792e-03
   outer loop
     vertex 8.931164818275e+00 7.809447182372e+00 7.370342423878e+00
     vertex 9.055062576656e+00 7.616837886535e+00 9.566776754985e+00
     vertex 9.116427508061e+00 7.573869698983e+00 7.390269126377e+00
   endloop
 endfacet
 facet normal 9.951304713824e-01 -3.400389739514e-02 9.251529542795e-02
   outer loop
     vertex 9.843620623584e+00 5.764198952990e+00 5.421479196819e+00
     vertex 9.688772585121e+00 5.872624716798e+00 7.126936649291e+00
     vertex 9.830613726737e+00 5.448524655965e+00 5.445360685534e+00
   endloop
 endfacet
 facet normal 8.414994469618e-01 5.394943343464e-01 2.871487369001e-02
   outer loop
     vertex 9.139898610720e+00 7.557435055972e+00 7.011213894146e+00
     vertex 9.116427508061e+00 7.573869698983e+00 7.390269126377e+00
     vertex 9.293941880403e+00 7.316008194504e+00 7.032843718507e+00
   endloop
 endfacet
 facet normal 9.819885048726e-01 -1.352238812988e-01 1.319586231537e-01
   outer loop
     vertex 9.897166578864e+00 5.401923847217e+00 4.902344425789e+00
     vertex 9.830613726737e+00 5.448524655965e+00 5.445360685534e+00
     vertex 9.785814894568e+00 5.142207291885e+00 5.464840392733e+00
   endloop
 endfacet
 facet normal 9.819885048726e-01 -1.352238812988e-01 1.319586231537e-01
   outer loop
     vertex 9.897166578864e+00 5.401923847217e+00 4.902344425789e+00
     vertex 9.785814894568e+00 5.142207291885e+00 5.464840392733e+00
     vertex 9.852051901630e+00 5.095827640231e+00 4.924401167638e+00
   endloop
 endfacet
 facet normal 7.194078796271e-01 6.945567797061e-01 6.571338883454e-03
   outer loop
     vertex 8.720652226114e+00 8.027687460216e+00 7.349669769188e+00
     vertex 8.658133735809e+00 8.071463378405e+00 9.567092130144e+00
     vertex 8.869233704876e+00 7.852811814824e+00 9.566931545292e+00
   endloop
 endfacet
 facet normal 6.300189338016e-01 7.765759647372e-01 2.431880727739e-03
   outer loop
     vertex 8.720652226114e+00 8.027687460216e+00 7.349669769188e+00
     vertex 8.328920851501e+00 8.338545809807e+00 9.567319746152e+00
     vertex 8.658133735809e+00 8.071463378405e+00 9.567092130144e+00
   endloop
 endfacet
 facet normal 6.300189338016e-01 7.765759647372e-01 2.431880727740e-03
   outer loop
     vertex 8.720652226114e+00 8.027687460216e+00 7.349669769188e+00
     vertex 8.392271900946e+00 8.294186927432e+00 7.320367957228e+00
     vertex 8.328920851501e+00 8.338545809807e+00 9.567319746152e+00
   endloop
 endfacet
 facet normal 7.194078796271e-01 6.945567797061e-01 6.571338883455e-03
   outer loop
     vertex 8.720652226114e+00 8.027687460216e+00 7.349669769188e+00
     vertex 8.869233704876e+00 7.852811814824e+00 9.566931545292e+00
     vertex 8.931164818275e+00 7.809447182372e+00 7.370342423878e+00
   endloop
 endfacet
 facet normal 9.938565617210e-01 6.991969018923e-02 8.579260835231e-02
   outer loop
     vertex 9.824384333265e+00 6.070554130678e+00 5.394645349479e+00
     vertex 9.668529840234e+00 6.179684621563e+00 7.111187640106e+00
     vertex 9.688772585121e+00 5.872624716798e+00 7.126936649291e+00
   endloop
 endfacet
 facet normal 9.938565617210e-01 6.991969018923e-02 8.579260835231e-02
   outer loop
     vertex 9.824384333265e+00 6.070554130678e+00 5.394645349479e+00
     vertex 9.688772585121e+00 5.872624716798e+00 7.126936649291e+00
     vertex 9.843620623584e+00 5.764198952990e+00 5.421479196819e+00
   endloop
 endfacet
 facet normal 7.849676862352e-01 6.191544291878e-01 2.176061542803e-02
   outer loop
     vertex 8.954852476471e+00 7.792860905541e+00 6.987789848095e+00
     vertex 8.931164818275e+00 7.809447182372e+00 7.370342423878e+00
     vertex 9.116427508061e+00 7.573869698983e+00 7.390269126377e+00
   endloop
 endfacet
 facet normal 7.849676862352e-01 6.191544291878e-01 2.176061542803e-02
   outer loop
     vertex 8.954852476471e+00 7.792860905541e+00 6.987789848095e+00
     vertex 9.116427508061e+00 7.573869698983e+00 7.390269126377e+00
     vertex 9.139898610720e+00 7.557435055972e+00 7.011213894146e+00
   endloop
 endfacet
 facet normal 7.189784861139e-01 6.948833211071e-01 1.439119704977e-02
   outer loop
     vertex 8.954852476471e+00 7.792860905541e+00 6.987789848095e+00
     vertex 8.720652226114e+00 8.027687460216e+00 7.349669769188e+00
     vertex 8.931164818275e+00 7.809447182372e+00 7.370342423878e+00
   endloop
 endfacet
 facet normal 8.623443467453e-01 -4.679024832098e-01 1.934670355448e-01
   outer loop
     vertex 9.750892994205e+00 4.058003315282e+00 3.489526112393e+00
     vertex 9.362597884502e+00 3.952433592941e+00 4.964959674924e+00
     vertex 9.717317154155e+00 3.704056486382e+00 2.783159449323e+00
   endloop
 endfacet
 facet normal 8.851713226493e-01 -4.289556047390e-01 1.801910617161e-01
   outer loop
     vertex 9.750892994205e+00 4.058003315282e+00 3.489526112393e+00
     vertex 9.668934301262e+00 4.504277597596e+00 4.954522970564e+00
     vertex 9.527020365267e+00 4.214760617663e+00 4.962449086343e+00
   endloop
 endfacet
 facet normal 8.339203067233e-01 -5.209445662824e-01 1.821913304616e-01
   outer loop
     vertex 9.750892994205e+00 4.058003315282e+00 3.489526112393e+00
     vertex 9.527020365267e+00 4.214760617663e+00 4.962449086343e+00
     vertex 9.362597884502e+00 3.952433592941e+00 4.964959674924e+00
   endloop
 endfacet
 facet normal 9.917518784245e-01 -3.146383007731e-02 1.242507104138e-01
   outer loop
     vertex 9.910560691509e+00 5.717327012820e+00 4.875303576242e+00
     vertex 9.830613726737e+00 5.448524655965e+00 5.445360685534e+00
     vertex 9.897166578864e+00 5.401923847217e+00 4.902344425789e+00
   endloop
 endfacet
 facet normal 9.917518784245e-01 -3.146383007730e-02 1.242507104138e-01
   outer loop
     vertex 9.910560691509e+00 5.717327012820e+00 4.875303576242e+00
     vertex 9.843620623584e+00 5.764198952990e+00 5.421479196819e+00
     vertex 9.830613726737e+00 5.448524655965e+00 5.445360685534e+00
   endloop
 endfacet
 facet normal 9.824545831716e-01 1.692019782613e-01 7.844541132218e-02
   outer loop
     vertex 9.777087254685e+00 6.358425281665e+00 5.366075971459e+00
     vertex 9.620161212700e+00 6.468306079204e+00 7.094420033466e+00
     vertex 9.668529840234e+00 6.179684621563e+00 7.111187640106e+00
   endloop
 endfacet
 facet normal 9.824545831716e-01 1.692019782613e-01 7.844541132218e-02
   outer loop
     vertex 9.777087254685e+00 6.358425281665e+00 5.366075971459e+00
     vertex 9.668529840234e+00 6.179684621563e+00 7.111187640106e+00
     vertex 9.824384333265e+00 6.070554130678e+00 5.394645349479e+00
   endloop
 endfacet
 facet normal 6.312153805535e-01 7.755707646553e-01 7.558595422322e-03
   outer loop
     vertex 8.744564546561e+00 8.010943873183e+00 6.963488927486e+00
     vertex 8.583997185868e+00 8.159939437664e+00 5.084301671475e+00
     vertex 8.392271900946e+00 8.294186927432e+00 7.320367957228e+00
   endloop
 endfacet
 facet normal 6.298561435260e-01 7.766935530261e-01 5.325706545580e-03
   outer loop
     vertex 8.744564546561e+00 8.010943873183e+00 6.963488927486e+00
     vertex 8.392271900946e+00 8.294186927432e+00 7.320367957228e+00
     vertex 8.720652226114e+00 8.027687460216e+00 7.349669769188e+00
   endloop
 endfacet
 facet normal 7.189784861139e-01 6.948833211071e-01 1.439119704978e-02
   outer loop
     vertex 8.744564546561e+00 8.010943873183e+00 6.963488927486e+00
     vertex 8.720652226114e+00 8.027687460216e+00 7.349669769188e+00
     vertex 8.954852476471e+00 7.792860905541e+00 6.987789848095e+00
   endloop
 endfacet
 facet normal 9.907056605817e-01 7.229920550035e-02 1.152177025259e-01
   outer loop
     vertex 9.891759486696e+00 6.023377540358e+00 4.844919790819e+00
     vertex 9.843620623584e+00 5.764198952990e+00 5.421479196819e+00
     vertex 9.910560691509e+00 5.717327012820e+00 4.875303576242e+00
   endloop
 endfacet
 facet normal 9.907056605817e-01 7.229920550035e-02 1.152177025259e-01
   outer loop
     vertex 9.891759486696e+00 6.023377540358e+00 4.844919790819e+00
     vertex 9.824384333265e+00 6.070554130678e+00 5.394645349479e+00
     vertex 9.843620623584e+00 5.764198952990e+00 5.421479196819e+00
   endloop
 endfacet
 facet normal 8.851713226493e-01 -4.289556047390e-01 1.801910617161e-01
   outer loop
     vertex 9.893193724900e+00 4.347249458650e+00 3.479055162072e+00
     vertex 9.668934301262e+00 4.504277597596e+00 4.954522970564e+00
     vertex 9.750892994205e+00 4.058003315282e+00 3.489526112393e+00
   endloop
 endfacet
 facet normal 9.618887774844e-01 2.641858534888e-01 7.053945396656e-02
   outer loop
     vertex 9.702346974418e+00 6.638861095965e+00 5.334953840345e+00
     vertex 9.544253637612e+00 6.749559242138e+00 7.076154194709e+00
     vertex 9.620161212700e+00 6.468306079204e+00 7.094420033466e+00
   endloop
 endfacet
 facet normal 9.618887774844e-01 2.641858534888e-01 7.053945396655e-02
   outer loop
     vertex 9.702346974418e+00 6.638861095965e+00 5.334953840345e+00
     vertex 9.620161212700e+00 6.468306079204e+00 7.094420033466e+00
     vertex 9.777087254685e+00 6.358425281665e+00 5.366075971459e+00
   endloop
 endfacet
 facet normal 9.795538661669e-01 1.713951697016e-01 1.053466614586e-01
   outer loop
     vertex 9.844925633614e+00 6.310924337359e+00 4.812570875644e+00
     vertex 9.777087254685e+00 6.358425281665e+00 5.366075971459e+00
     vertex 9.824384333265e+00 6.070554130678e+00 5.394645349479e+00
   endloop
 endfacet
 facet normal 9.592605137693e-01 2.661695603484e-01 9.472608862931e-02
   outer loop
     vertex 9.844925633614e+00 6.310924337359e+00 4.812570875644e+00
     vertex 9.702346974418e+00 6.638861095965e+00 5.334953840345e+00
     vertex 9.777087254685e+00 6.358425281665e+00 5.366075971459e+00
   endloop
 endfacet
 facet normal 9.795538661669e-01 1.713951697016e-01 1.053466614586e-01
   outer loop
     vertex 9.844925633614e+00 6.310924337359e+00 4.812570875644e+00
     vertex 9.824384333265e+00 6.070554130678e+00 5.394645349479e+00
     vertex 9.891759486696e+00 6.023377540358e+00 4.844919790819e+00
   endloop
 endfacet
 facet normal 9.271132555296e-01 -3.308203970182e-01 1.761217656563e-01
   outer loop
     vertex 1.000296588335e+01 4.645700702839e+00 3.461808775270e+00
     vertex 9.668934301262e+00 4.504277597596e+00 4.954522970564e+00
     vertex 9.893193724900e+00 4.347249458650e+00 3.479055162072e+00
   endloop
 endfacet
 facet normal 9.271132555296e-01 -3.308203970182e-01 1.761217656563e-01
   outer loop
     vertex 1.000296588335e+01 4.645700702839e+00 3.461808775270e+00
     vertex 9.778069381817e+00 4.803174928529e+00 4.941468104064e+00
     vertex 9.668934301262e+00 4.504277597596e+00 4.954522970564e+00
   endloop
 endfacet
 facet normal 9.576579451714e-01 -2.321661284032e-01 1.702649372961e-01
   outer loop
     vertex 1.000296588335e+01 4.645700702839e+00 3.461808775270e+00
     vertex 9.852051901630e+00 5.095827640231e+00 4.924401167638e+00
     vertex 9.778069381817e+00 4.803174928529e+00 4.941468104064e+00
   endloop
 endfacet
 facet normal 9.304604178540e-01 3.611908871214e-01 6.151872777756e-02
   outer loop
     vertex 9.588645552969e+00 6.938086062446e+00 5.297848733295e+00
     vertex 9.429160518429e+00 7.049758685862e+00 7.054376897390e+00
     vertex 9.544253637612e+00 6.749559242138e+00 7.076154194709e+00
   endloop
 endfacet
 facet normal 9.304604178540e-01 3.611908871214e-01 6.151872777756e-02
   outer loop
     vertex 9.588645552969e+00 6.938086062446e+00 5.297848733295e+00
     vertex 9.544253637612e+00 6.749559242138e+00 7.076154194709e+00
     vertex 9.702346974418e+00 6.638861095965e+00 5.334953840345e+00
   endloop
 endfacet
 facet normal 8.887157065713e-01 4.555308129203e-01 5.173075848728e-02
   outer loop
     vertex 9.588645552969e+00 6.938086062446e+00 5.297848733295e+00
     vertex 9.293941880403e+00 7.316008194504e+00 7.032843718507e+00
     vertex 9.429160518429e+00 7.049758685862e+00 7.054376897390e+00
   endloop
 endfacet
 facet normal 8.276537179342e-01 -5.165408521184e-01 2.194877474543e-01
   outer loop
     vertex 9.881933865305e+00 3.966247509524e+00 2.779454192354e+00
     vertex 9.750892994205e+00 4.058003315282e+00 3.489526112393e+00
     vertex 9.717317154155e+00 3.704056486382e+00 2.783159449323e+00
   endloop
 endfacet
 facet normal 9.592605137693e-01 2.661695603483e-01 9.472608862931e-02
   outer loop
     vertex 9.770689969328e+00 6.591006815746e+00 4.777331495258e+00
     vertex 9.702346974418e+00 6.638861095965e+00 5.334953840345e+00
     vertex 9.844925633614e+00 6.310924337359e+00 4.812570875644e+00
   endloop
 endfacet
 facet normal 9.576579451714e-01 -2.321661284032e-01 1.702649372961e-01
   outer loop
     vertex 1.007778127020e+01 4.937770234765e+00 3.439262164999e+00
     vertex 9.852051901630e+00 5.095827640231e+00 4.924401167638e+00
     vertex 1.000296588335e+01 4.645700702839e+00 3.461808775270e+00
   endloop
 endfacet
 facet normal 8.887157065713e-01 4.555308129203e-01 5.173075848728e-02
   outer loop
     vertex 9.454803012068e+00 7.203372017507e+00 5.261159565861e+00
     vertex 9.293941880403e+00 7.316008194504e+00 7.032843718507e+00
     vertex 9.588645552969e+00 6.938086062446e+00 5.297848733295e+00
   endloop
 endfacet
 facet normal 8.789838749205e-01 -4.245762647237e-01 2.170768137389e-01
   outer loop
     vertex 1.002446100114e+01 4.255335122305e+00 2.767756419191e+00
     vertex 9.893193724900e+00 4.347249458650e+00 3.479055162072e+00
     vertex 9.750892994205e+00 4.058003315282e+00 3.489526112393e+00
   endloop
 endfacet
 facet normal 8.789838749205e-01 -4.245762647237e-01 2.170768137389e-01
   outer loop
     vertex 1.002446100114e+01 4.255335122305e+00 2.767756419191e+00
     vertex 9.750892994205e+00 4.058003315282e+00 3.489526112393e+00
     vertex 9.881933865305e+00 3.966247509524e+00 2.779454192354e+00
   endloop
 endfacet
 facet normal 9.210706444511e-01 -3.265146683911e-01 2.121721924660e-01
   outer loop
     vertex 1.002446100114e+01 4.255335122305e+00 2.767756419191e+00
     vertex 1.000296588335e+01 4.645700702839e+00 3.461808775270e+00
     vertex 9.893193724900e+00 4.347249458650e+00 3.479055162072e+00
   endloop
 endfacet
 facet normal 9.281482865325e-01 3.629276253507e-01 8.260930313231e-02
   outer loop
     vertex 9.657590172166e+00 6.889810520365e+00 4.735317631334e+00
     vertex 9.702346974418e+00 6.638861095965e+00 5.334953840345e+00
     vertex 9.770689969328e+00 6.591006815746e+00 4.777331495258e+00
   endloop
 endfacet
 facet normal 9.281482865325e-01 3.629276253507e-01 8.260930313231e-02
   outer loop
     vertex 9.657590172166e+00 6.889810520365e+00 4.735317631334e+00
     vertex 9.588645552969e+00 6.938086062446e+00 5.297848733295e+00
     vertex 9.702346974418e+00 6.638861095965e+00 5.334953840345e+00
   endloop
 endfacet
 facet normal 8.405625220790e-01 5.400852433885e-01 4.198304836578e-02
   outer loop
     vertex 9.302142015727e+00 7.443831000761e+00 5.224305729654e+00
     vertex 9.293941880403e+00 7.316008194504e+00 7.032843718507e+00
     vertex 9.454803012068e+00 7.203372017507e+00 5.261159565861e+00
   endloop
 endfacet
 facet normal 8.405625220790e-01 5.400852433885e-01 4.198304836578e-02
   outer loop
     vertex 9.302142015727e+00 7.443831000761e+00 5.224305729654e+00
     vertex 9.139898610720e+00 7.557435055972e+00 7.011213894146e+00
     vertex 9.293941880403e+00 7.316008194504e+00 7.032843718507e+00
   endloop
 endfacet
 facet normal 7.842684367072e-01 6.196053145635e-01 3.181624348480e-02
   outer loop
     vertex 9.302142015727e+00 7.443831000761e+00 5.224305729654e+00
     vertex 8.954852476471e+00 7.792860905541e+00 6.987789848095e+00
     vertex 9.139898610720e+00 7.557435055972e+00 7.011213894146e+00
   endloop
 endfacet
 facet normal 9.777540654740e-01 -1.323846077409e-01 1.627000402037e-01
   outer loop
     vertex 1.012397231713e+01 5.243112759575e+00 3.410123674650e+00
     vertex 9.852051901630e+00 5.095827640231e+00 4.924401167638e+00
     vertex 1.007778127020e+01 4.937770234765e+00 3.439262164999e+00
   endloop
 endfacet
 facet normal 9.777540654740e-01 -1.323846077409e-01 1.627000402037e-01
   outer loop
     vertex 1.012397231713e+01 5.243112759575e+00 3.410123674650e+00
     vertex 9.897166578864e+00 5.401923847217e+00 4.902344425789e+00
     vertex 9.852051901630e+00 5.095827640231e+00 4.924401167638e+00
   endloop
 endfacet
 facet normal 9.210706444511e-01 -3.265146683911e-01 2.121721924660e-01
   outer loop
     vertex 1.013460606468e+01 4.553525255540e+00 2.748489369448e+00
     vertex 1.000296588335e+01 4.645700702839e+00 3.461808775270e+00
     vertex 1.002446100114e+01 4.255335122305e+00 2.767756419191e+00
   endloop
 endfacet
 facet normal 9.518160705836e-01 -2.279795348926e-01 2.051133819351e-01
   outer loop
     vertex 1.013460606468e+01 4.553525255540e+00 2.748489369448e+00
     vertex 1.007778127020e+01 4.937770234765e+00 3.439262164999e+00
     vertex 1.000296588335e+01 4.645700702839e+00 3.461808775270e+00
   endloop
 endfacet
 facet normal 8.867536046325e-01 4.569933139102e-01 6.946334078290e-02
   outer loop
     vertex 9.524342511484e+00 7.154679935813e+00 4.693774733049e+00
     vertex 9.454803012068e+00 7.203372017507e+00 5.261159565861e+00
     vertex 9.588645552969e+00 6.938086062446e+00 5.297848733295e+00
   endloop
 endfacet
 facet normal 8.389564039891e-01 5.412709805249e-01 5.637266932942e-02
   outer loop
     vertex 9.524342511484e+00 7.154679935813e+00 4.693774733049e+00
     vertex 9.302142015727e+00 7.443831000761e+00 5.224305729654e+00
     vertex 9.454803012068e+00 7.203372017507e+00 5.261159565861e+00
   endloop
 endfacet
 facet normal 8.867536046325e-01 4.569933139102e-01 6.946334078289e-02
   outer loop
     vertex 9.524342511484e+00 7.154679935813e+00 4.693774733049e+00
     vertex 9.588645552969e+00 6.938086062446e+00 5.297848733295e+00
     vertex 9.657590172166e+00 6.889810520365e+00 4.735317631334e+00
   endloop
 endfacet
 facet normal 7.842684367072e-01 6.196053145635e-01 3.181624348480e-02
   outer loop
     vertex 9.118592816168e+00 7.678208685376e+00 5.184394820439e+00
     vertex 8.954852476471e+00 7.792860905541e+00 6.987789848095e+00
     vertex 9.302142015727e+00 7.443831000761e+00 5.224305729654e+00
   endloop
 endfacet
 facet normal 9.877749958926e-01 -2.881296345263e-02 1.532004263257e-01
   outer loop
     vertex 1.013868602408e+01 5.557591935296e+00 3.374400831315e+00
     vertex 9.910560691509e+00 5.717327012820e+00 4.875303576242e+00
     vertex 9.897166578864e+00 5.401923847217e+00 4.902344425789e+00
   endloop
 endfacet
 facet normal 9.877749958926e-01 -2.881296345262e-02 1.532004263257e-01
   outer loop
     vertex 1.013868602408e+01 5.557591935296e+00 3.374400831315e+00
     vertex 9.897166578864e+00 5.401923847217e+00 4.902344425789e+00
     vertex 1.012397231713e+01 5.243112759575e+00 3.410123674650e+00
   endloop
 endfacet
 facet normal 9.518160705836e-01 -2.279795348926e-01 2.051133819352e-01
   outer loop
     vertex 1.020990895919e+01 4.845253430927e+00 2.723301098617e+00
     vertex 1.007778127020e+01 4.937770234765e+00 3.439262164999e+00
     vertex 1.013460606468e+01 4.553525255540e+00 2.748489369448e+00
   endloop
 endfacet
 facet normal 8.389564039891e-01 5.412709805249e-01 5.637266932942e-02
   outer loop
     vertex 9.372279065311e+00 7.394720509935e+00 4.652045381417e+00
     vertex 9.302142015727e+00 7.443831000761e+00 5.224305729654e+00
     vertex 9.524342511484e+00 7.154679935813e+00 4.693774733049e+00
   endloop
 endfacet
 facet normal 7.830411867777e-01 6.205009929706e-01 4.272022392501e-02
   outer loop
     vertex 9.372279065311e+00 7.394720509935e+00 4.652045381417e+00
     vertex 9.118592816168e+00 7.678208685376e+00 5.184394820439e+00
     vertex 9.302142015727e+00 7.443831000761e+00 5.224305729654e+00
   endloop
 endfacet
 facet normal 7.185228176903e-01 6.951850137933e-01 2.104179306798e-02
   outer loop
     vertex 8.909857858403e+00 7.895204250216e+00 5.142989854182e+00
     vertex 8.744564546561e+00 8.010943873183e+00 6.963488927486e+00
     vertex 8.954852476471e+00 7.792860905541e+00 6.987789848095e+00
   endloop
 endfacet
 facet normal 7.185228176903e-01 6.951850137933e-01 2.104179306798e-02
   outer loop
     vertex 8.909857858403e+00 7.895204250216e+00 5.142989854182e+00
     vertex 8.954852476471e+00 7.792860905541e+00 6.987789848095e+00
     vertex 9.118592816168e+00 7.678208685376e+00 5.184394820439e+00
   endloop
 endfacet
 facet normal 6.296901200080e-01 7.768073865930e-01 7.786969812604e-03
   outer loop
     vertex 8.909857858403e+00 7.895204250216e+00 5.142989854182e+00
     vertex 8.583997185868e+00 8.159939437664e+00 5.084301671475e+00
     vertex 8.744564546561e+00 8.010943873183e+00 6.963488927486e+00
   endloop
 endfacet
 facet normal 9.870314630326e-01 7.473899125173e-02 1.420667947497e-01
   outer loop
     vertex 1.012136754895e+01 5.862604244331e+00 3.334261737139e+00
     vertex 9.910560691509e+00 5.717327012820e+00 4.875303576242e+00
     vertex 1.013868602408e+01 5.557591935296e+00 3.374400831315e+00
   endloop
 endfacet
 facet normal 9.870314630326e-01 7.473899125172e-02 1.420667947497e-01
   outer loop
     vertex 1.012136754895e+01 5.862604244331e+00 3.334261737139e+00
     vertex 9.891759486696e+00 6.023377540358e+00 4.844919790819e+00
     vertex 9.910560691509e+00 5.717327012820e+00 4.875303576242e+00
   endloop
 endfacet
 facet normal 9.721669621606e-01 -1.283619754099e-01 1.959964309682e-01
   outer loop
     vertex 1.025673004483e+01 5.150154797882e+00 2.690748613889e+00
     vertex 1.012397231713e+01 5.243112759575e+00 3.410123674650e+00
     vertex 1.007778127020e+01 4.937770234765e+00 3.439262164999e+00
   endloop
 endfacet
 facet normal 9.721669621606e-01 -1.283619754099e-01 1.959964309682e-01
   outer loop
     vertex 1.025673004483e+01 5.150154797882e+00 2.690748613889e+00
     vertex 1.007778127020e+01 4.937770234765e+00 3.439262164999e+00
     vertex 1.020990895919e+01 4.845253430927e+00 2.723301098617e+00
   endloop
 endfacet
 facet normal 9.825052477249e-01 -2.500545713764e-02 1.845485445795e-01
   outer loop
     vertex 1.025673004483e+01 5.150154797882e+00 2.690748613889e+00
     vertex 1.013868602408e+01 5.557591935296e+00 3.374400831315e+00
     vertex 1.012397231713e+01 5.243112759575e+00 3.410123674650e+00
   endloop
 endfacet
 facet normal 7.830411867777e-01 6.205009929706e-01 4.272022392502e-02
   outer loop
     vertex 9.189376983473e+00 7.628645077843e+00 4.606854526514e+00
     vertex 9.118592816168e+00 7.678208685376e+00 5.184394820439e+00
     vertex 9.372279065311e+00 7.394720509935e+00 4.652045381417e+00
   endloop
 endfacet
 facet normal 8.507998480574e-01 -4.526149358874e-01 2.669819064229e-01
   outer loop
     vertex 1.015466387834e+01 3.775279898499e+00 1.510197730935e+00
     vertex 9.717317154155e+00 3.704056486382e+00 2.783159449323e+00
     vertex 1.020715960049e+01 3.361065112925e+00 6.406888037205e-01
   endloop
 endfacet
 facet normal 8.208803981933e-01 -5.118091093313e-01 2.533906222957e-01
   outer loop
     vertex 1.015466387834e+01 3.775279898499e+00 1.510197730935e+00
     vertex 9.881933865305e+00 3.966247509524e+00 2.779454192354e+00
     vertex 9.717317154155e+00 3.704056486382e+00 2.783159449323e+00
   endloop
 endfacet
 facet normal 9.762094343961e-01 1.736126023386e-01 1.298992090246e-01
   outer loop
     vertex 1.007611232395e+01 6.149045674052e+00 3.291526569857e+00
     vertex 9.844925633614e+00 6.310924337359e+00 4.812570875644e+00
     vertex 9.891759486696e+00 6.023377540358e+00 4.844919790819e+00
   endloop
 endfacet
 facet normal 9.762094343961e-01 1.736126023386e-01 1.298992090246e-01
   outer loop
     vertex 1.007611232395e+01 6.149045674052e+00 3.291526569857e+00
     vertex 9.891759486696e+00 6.023377540358e+00 4.844919790819e+00
     vertex 1.012136754895e+01 5.862604244331e+00 3.334261737139e+00
   endloop
 endfacet
 facet normal 9.821328836129e-01 7.828584581498e-02 1.711324787150e-01
   outer loop
     vertex 1.027221615879e+01 5.464093128393e+00 2.650840324262e+00
     vertex 1.012136754895e+01 5.862604244331e+00 3.334261737139e+00
     vertex 1.013868602408e+01 5.557591935296e+00 3.374400831315e+00
   endloop
 endfacet
 facet normal 9.825052477249e-01 -2.500545713763e-02 1.845485445795e-01
   outer loop
     vertex 1.027221615879e+01 5.464093128393e+00 2.650840324262e+00
     vertex 1.013868602408e+01 5.557591935296e+00 3.374400831315e+00
     vertex 1.025673004483e+01 5.150154797882e+00 2.690748613889e+00
   endloop
 endfacet
 facet normal 6.311748279146e-01 7.755365491576e-01 1.270423266999e-02
   outer loop
     vertex 8.981313368153e+00 7.845170563642e+00 4.559971960841e+00
     vertex 8.903160665629e+00 7.936458763214e+00 2.870037805312e+00
     vertex 8.583997185868e+00 8.159939437664e+00 5.084301671475e+00
   endloop
 endfacet
 facet normal 7.177048284565e-01 6.957740760202e-01 2.825268745622e-02
   outer loop
     vertex 8.981313368153e+00 7.845170563642e+00 4.559971960841e+00
     vertex 8.909857858403e+00 7.895204250216e+00 5.142989854182e+00
     vertex 9.118592816168e+00 7.678208685376e+00 5.184394820439e+00
   endloop
 endfacet
 facet normal 6.293849650695e-01 7.770233268546e-01 1.045539421949e-02
   outer loop
     vertex 8.981313368153e+00 7.845170563642e+00 4.559971960841e+00
     vertex 8.583997185868e+00 8.159939437664e+00 5.084301671475e+00
     vertex 8.909857858403e+00 7.895204250216e+00 5.142989854182e+00
   endloop
 endfacet
 facet normal 7.177048284565e-01 6.957740760202e-01 2.825268745623e-02
   outer loop
     vertex 8.981313368153e+00 7.845170563642e+00 4.559971960841e+00
     vertex 9.118592816168e+00 7.678208685376e+00 5.184394820439e+00
     vertex 9.189376983473e+00 7.628645077843e+00 4.606854526514e+00
   endloop
 endfacet
 facet normal 8.722777406461e-01 -4.199131484501e-01 2.506082419475e-01
   outer loop
     vertex 1.029766222195e+01 4.064037568044e+00 1.496307006924e+00
     vertex 1.002446100114e+01 4.255335122305e+00 2.767756419191e+00
     vertex 9.881933865305e+00 3.966247509524e+00 2.779454192354e+00
   endloop
 endfacet
 facet normal 8.722777406461e-01 -4.199131484501e-01 2.506082419475e-01
   outer loop
     vertex 1.029766222195e+01 4.064037568044e+00 1.496307006924e+00
     vertex 9.881933865305e+00 3.966247509524e+00 2.779454192354e+00
     vertex 1.015466387834e+01 3.775279898499e+00 1.510197730935e+00
   endloop
 endfacet
 facet normal 9.562684296844e-01 2.681546339161e-01 1.168066038299e-01
   outer loop
     vertex 1.000359634254e+01 6.427924017529e+00 3.244972896957e+00
     vertex 9.770689969328e+00 6.591006815746e+00 4.777331495258e+00
     vertex 9.844925633614e+00 6.310924337359e+00 4.812570875644e+00
   endloop
 endfacet
 facet normal 9.562684296844e-01 2.681546339161e-01 1.168066038299e-01
   outer loop
     vertex 1.000359634254e+01 6.427924017529e+00 3.244972896957e+00
     vertex 9.844925633614e+00 6.310924337359e+00 4.812570875644e+00
     vertex 1.007611232395e+01 6.149045674052e+00 3.291526569857e+00
   endloop
 endfacet
 facet normal 9.821328836129e-01 7.828584581497e-02 1.711324787150e-01
   outer loop
     vertex 1.025576557980e+01 5.768497730011e+00 2.605998356317e+00
     vertex 1.012136754895e+01 5.862604244331e+00 3.334261737139e+00
     vertex 1.027221615879e+01 5.464093128393e+00 2.650840324262e+00
   endloop
 endfacet
 facet normal 9.145124296265e-01 -3.219744584752e-01 2.449478804733e-01
   outer loop
     vertex 1.040858339762e+01 4.361684261715e+00 1.473428013909e+00
     vertex 1.002446100114e+01 4.255335122305e+00 2.767756419191e+00
     vertex 1.029766222195e+01 4.064037568044e+00 1.496307006924e+00
   endloop
 endfacet
 facet normal 9.145124296265e-01 -3.219744584752e-01 2.449478804733e-01
   outer loop
     vertex 1.040858339762e+01 4.361684261715e+00 1.473428013909e+00
     vertex 1.013460606468e+01 4.553525255540e+00 2.748489369448e+00
     vertex 1.002446100114e+01 4.255335122305e+00 2.767756419191e+00
   endloop
 endfacet
 facet normal 9.255541846317e-01 3.646536795600e-01 1.018682742278e-01
   outer loop
     vertex 9.892546823255e+00 6.725292102120e+00 3.189469660041e+00
     vertex 9.657590172166e+00 6.889810520365e+00 4.735317631334e+00
     vertex 9.770689969328e+00 6.591006815746e+00 4.777331495258e+00
   endloop
 endfacet
 facet normal 9.255541846317e-01 3.646536795600e-01 1.018682742278e-01
   outer loop
     vertex 9.892546823255e+00 6.725292102120e+00 3.189469660041e+00
     vertex 9.770689969328e+00 6.591006815746e+00 4.777331495258e+00
     vertex 1.000359634254e+01 6.427924017529e+00 3.244972896957e+00
   endloop
 endfacet
 facet normal 9.717173424401e-01 1.768673152277e-01 1.564715923270e-01
   outer loop
     vertex 1.021143438378e+01 6.054292147670e+00 2.558256147863e+00
     vertex 1.007611232395e+01 6.149045674052e+00 3.291526569857e+00
     vertex 1.012136754895e+01 5.862604244331e+00 3.334261737139e+00
   endloop
 endfacet
 facet normal 9.717173424401e-01 1.768673152277e-01 1.564715923270e-01
   outer loop
     vertex 1.021143438378e+01 6.054292147670e+00 2.558256147863e+00
     vertex 1.012136754895e+01 5.862604244331e+00 3.334261737139e+00
     vertex 1.025576557980e+01 5.768497730011e+00 2.605998356317e+00
   endloop
 endfacet
 facet normal 9.454761193786e-01 -2.236070490091e-01 2.368011725439e-01
   outer loop
     vertex 1.048490092192e+01 4.652701985678e+00 1.443517764021e+00
     vertex 1.020990895919e+01 4.845253430927e+00 2.723301098617e+00
     vertex 1.013460606468e+01 4.553525255540e+00 2.748489369448e+00
   endloop
 endfacet
 facet normal 9.454761193786e-01 -2.236070490091e-01 2.368011725439e-01
   outer loop
     vertex 1.048490092192e+01 4.652701985678e+00 1.443517764021e+00
     vertex 1.013460606468e+01 4.553525255540e+00 2.748489369448e+00
     vertex 1.040858339762e+01 4.361684261715e+00 1.473428013909e+00
   endloop
 endfacet
 facet normal 8.123967761907e-01 -5.058606390457e-01 2.900284329152e-01
   outer loop
     vertex 1.037204453018e+01 3.623068327419e+00 6.358104137022e-01
     vertex 1.015466387834e+01 3.775279898499e+00 1.510197730935e+00
     vertex 1.020715960049e+01 3.361065112925e+00 6.406888037205e-01
   endloop
 endfacet
 facet normal 8.638926658423e-01 -4.140176239358e-01 2.868429343288e-01
   outer loop
     vertex 1.037204453018e+01 3.623068327419e+00 6.358104137022e-01
     vertex 1.029766222195e+01 4.064037568044e+00 1.496307006924e+00
     vertex 1.015466387834e+01 3.775279898499e+00 1.510197730935e+00
   endloop
 endfacet
 facet normal 8.845859463608e-01 4.584431304383e-01 8.565979018732e-02
   outer loop
     vertex 9.761326457317e+00 6.988741990506e+00 3.134588601496e+00
     vertex 9.524342511484e+00 7.154679935813e+00 4.693774733049e+00
     vertex 9.657590172166e+00 6.889810520365e+00 4.735317631334e+00
   endloop
 endfacet
 facet normal 8.845859463608e-01 4.584431304383e-01 8.565979018732e-02
   outer loop
     vertex 9.761326457317e+00 6.988741990506e+00 3.134588601496e+00
     vertex 9.657590172166e+00 6.889810520365e+00 4.735317631334e+00
     vertex 9.892546823255e+00 6.725292102120e+00 3.189469660041e+00
   endloop
 endfacet
 facet normal 9.220065719026e-01 3.672171684196e-01 1.227005810351e-01
   outer loop
     vertex 1.013992499591e+01 6.332465666764e+00 2.506248040785e+00
     vertex 9.892546823255e+00 6.725292102120e+00 3.189469660041e+00
     vertex 1.000359634254e+01 6.427924017529e+00 3.244972896957e+00
   endloop
 endfacet
 facet normal 9.522158557636e-01 2.710889732014e-01 1.406973085778e-01
   outer loop
     vertex 1.013992499591e+01 6.332465666764e+00 2.506248040785e+00
     vertex 1.007611232395e+01 6.149045674052e+00 3.291526569857e+00
     vertex 1.021143438378e+01 6.054292147670e+00 2.558256147863e+00
   endloop
 endfacet
 facet normal 9.522158557636e-01 2.710889732014e-01 1.406973085778e-01
   outer loop
     vertex 1.013992499591e+01 6.332465666764e+00 2.506248040785e+00
     vertex 1.000359634254e+01 6.427924017529e+00 3.244972896957e+00
     vertex 1.007611232395e+01 6.149045674052e+00 3.291526569857e+00
   endloop
 endfacet
 facet normal 8.372077529921e-01 5.424485053763e-01 6.951832380716e-02
   outer loop
     vertex 9.611299404816e+00 7.227356666427e+00 3.079461225108e+00
     vertex 9.372279065311e+00 7.394720509935e+00 4.652045381417e+00
     vertex 9.524342511484e+00 7.154679935813e+00 4.693774733049e+00
   endloop
 endfacet
 facet normal 8.372077529921e-01 5.424485053763e-01 6.951832380716e-02
   outer loop
     vertex 9.611299404816e+00 7.227356666427e+00 3.079461225108e+00
     vertex 9.524342511484e+00 7.154679935813e+00 4.693774733049e+00
     vertex 9.761326457317e+00 6.988741990506e+00 3.134588601496e+00
   endloop
 endfacet
 facet normal 9.661120578148e-01 -1.241991149564e-01 2.262787475413e-01
   outer loop
     vertex 1.053303328140e+01 4.956685188807e+00 1.404862750375e+00
     vertex 1.025673004483e+01 5.150154797882e+00 2.690748613889e+00
     vertex 1.020990895919e+01 4.845253430927e+00 2.723301098617e+00
   endloop
 endfacet
 facet normal 9.661120578148e-01 -1.241991149564e-01 2.262787475413e-01
   outer loop
     vertex 1.053303328140e+01 4.956685188807e+00 1.404862750375e+00
     vertex 1.020990895919e+01 4.845253430927e+00 2.723301098617e+00
     vertex 1.048490092192e+01 4.652701985678e+00 1.443517764021e+00
   endloop
 endfacet
 facet normal 8.638926658423e-01 -4.140176239358e-01 2.868429343288e-01
   outer loop
     vertex 1.051541845202e+01 3.911563014262e+00 6.204089718284e-01
     vertex 1.029766222195e+01 4.064037568044e+00 1.496307006924e+00
     vertex 1.037204453018e+01 3.623068327419e+00 6.358104137022e-01
   endloop
 endfacet
 facet normal 9.220065719026e-01 3.672171684196e-01 1.227005810351e-01
   outer loop
     vertex 1.003007557956e+01 6.628993430232e+00 2.444241799197e+00
     vertex 9.892546823255e+00 6.725292102120e+00 3.189469660041e+00
     vertex 1.013992499591e+01 6.332465666764e+00 2.506248040785e+00
   endloop
 endfacet
 facet normal 7.817237352157e-01 6.213955949830e-01 5.268316938308e-02
   outer loop
     vertex 9.430602638119e+00 7.459737056050e+00 3.019760962103e+00
     vertex 9.372279065311e+00 7.394720509935e+00 4.652045381417e+00
     vertex 9.611299404816e+00 7.227356666427e+00 3.079461225108e+00
   endloop
 endfacet
 facet normal 7.817237352157e-01 6.213955949829e-01 5.268316938308e-02
   outer loop
     vertex 9.430602638119e+00 7.459737056050e+00 3.019760962103e+00
     vertex 9.189376983473e+00 7.628645077843e+00 4.606854526514e+00
     vertex 9.372279065311e+00 7.394720509935e+00 4.652045381417e+00
   endloop
 endfacet
 facet normal 9.768100732727e-01 -2.109940990512e-02 2.130654726946e-01
   outer loop
     vertex 1.055012697452e+01 5.269497880271e+00 1.357472958384e+00
     vertex 1.025673004483e+01 5.150154797882e+00 2.690748613889e+00
     vertex 1.053303328140e+01 4.956685188807e+00 1.404862750375e+00
   endloop
 endfacet
 facet normal 9.768100732727e-01 -2.109940990512e-02 2.130654726946e-01
   outer loop
     vertex 1.055012697452e+01 5.269497880271e+00 1.357472958384e+00
     vertex 1.027221615879e+01 5.464093128393e+00 2.650840324262e+00
     vertex 1.025673004483e+01 5.150154797882e+00 2.690748613889e+00
   endloop
 endfacet
 facet normal 9.063194682108e-01 -3.161990699180e-01 2.803625683379e-01
   outer loop
     vertex 1.062695823126e+01 4.208776557048e+00 5.950417209367e-01
     vertex 1.029766222195e+01 4.064037568044e+00 1.496307006924e+00
     vertex 1.051541845202e+01 3.911563014262e+00 6.204089718284e-01
   endloop
 endfacet
 facet normal 9.063194682108e-01 -3.161990699180e-01 2.803625683379e-01
   outer loop
     vertex 1.062695823126e+01 4.208776557048e+00 5.950417209367e-01
     vertex 1.040858339762e+01 4.361684261715e+00 1.473428013909e+00
     vertex 1.029766222195e+01 4.064037568044e+00 1.496307006924e+00
   endloop
 endfacet
 facet normal 8.815908866892e-01 4.606000618299e-01 1.031750529385e-01
   outer loop
     vertex 9.900041863689e+00 6.891612417299e+00 2.382930633149e+00
     vertex 9.892546823255e+00 6.725292102120e+00 3.189469660041e+00
     vertex 1.003007557956e+01 6.628993430232e+00 2.444241799197e+00
   endloop
 endfacet
 facet normal 8.815908866892e-01 4.606000618299e-01 1.031750529385e-01
   outer loop
     vertex 9.900041863689e+00 6.891612417299e+00 2.382930633149e+00
     vertex 9.761326457317e+00 6.988741990506e+00 3.134588601496e+00
     vertex 9.892546823255e+00 6.725292102120e+00 3.189469660041e+00
   endloop
 endfacet
 facet normal 8.347678872112e-01 5.441981383826e-01 8.373147951537e-02
   outer loop
     vertex 9.900041863689e+00 6.891612417299e+00 2.382930633149e+00
     vertex 9.611299404816e+00 7.227356666427e+00 3.079461225108e+00
     vertex 9.761326457317e+00 6.988741990506e+00 3.134588601496e+00
   endloop
 endfacet
 facet normal 7.168383967842e-01 6.963682523948e-01 3.484207158831e-02
   outer loop
     vertex 9.224826893480e+00 7.674660557552e+00 2.957825831487e+00
     vertex 9.189376983473e+00 7.628645077843e+00 4.606854526514e+00
     vertex 9.430602638119e+00 7.459737056050e+00 3.019760962103e+00
   endloop
 endfacet
 facet normal 6.290661964795e-01 7.772447906232e-01 1.289402558710e-02
   outer loop
     vertex 9.224826893480e+00 7.674660557552e+00 2.957825831487e+00
     vertex 8.903160665629e+00 7.936458763214e+00 2.870037805312e+00
     vertex 8.981313368153e+00 7.845170563642e+00 4.559971960841e+00
   endloop
 endfacet
 facet normal 7.168383967842e-01 6.963682523948e-01 3.484207158831e-02
   outer loop
     vertex 9.224826893480e+00 7.674660557552e+00 2.957825831487e+00
     vertex 8.981313368153e+00 7.845170563642e+00 4.559971960841e+00
     vertex 9.189376983473e+00 7.628645077843e+00 4.606854526514e+00
   endloop
 endfacet
 facet normal 9.768598448510e-01 8.189683742159e-02 1.975797346339e-01
   outer loop
     vertex 1.053548271231e+01 5.572637685264e+00 1.304224584342e+00
     vertex 1.027221615879e+01 5.464093128393e+00 2.650840324262e+00
     vertex 1.055012697452e+01 5.269497880271e+00 1.357472958384e+00
   endloop
 endfacet
 facet normal 9.768598448510e-01 8.189683742159e-02 1.975797346339e-01
   outer loop
     vertex 1.053548271231e+01 5.572637685264e+00 1.304224584342e+00
     vertex 1.025576557980e+01 5.768497730011e+00 2.605998356317e+00
     vertex 1.027221615879e+01 5.464093128393e+00 2.650840324262e+00
   endloop
 endfacet
 facet normal 9.375556531290e-01 -2.180113819985e-01 2.710358548328e-01
   outer loop
     vertex 1.070408447067e+01 4.499228012591e+00 5.618785125457e-01
     vertex 1.048490092192e+01 4.652701985678e+00 1.443517764021e+00
     vertex 1.040858339762e+01 4.361684261715e+00 1.473428013909e+00
   endloop
 endfacet
 facet normal 9.585412022768e-01 -1.188407826880e-01 2.589896366805e-01
   outer loop
     vertex 1.070408447067e+01 4.499228012591e+00 5.618785125457e-01
     vertex 1.053303328140e+01 4.956685188807e+00 1.404862750375e+00
     vertex 1.048490092192e+01 4.652701985678e+00 1.443517764021e+00
   endloop
 endfacet
 facet normal 9.375556531290e-01 -2.180113819985e-01 2.710358548328e-01
   outer loop
     vertex 1.070408447067e+01 4.499228012591e+00 5.618785125457e-01
     vertex 1.040858339762e+01 4.361684261715e+00 1.473428013909e+00
     vertex 1.062695823126e+01 4.208776557048e+00 5.950417209367e-01
   endloop
 endfacet
 facet normal 8.347678872112e-01 5.441981383826e-01 8.373147951536e-02
   outer loop
     vertex 9.751206787188e+00 7.129392462640e+00 2.321344289571e+00
     vertex 9.611299404816e+00 7.227356666427e+00 3.079461225108e+00
     vertex 9.900041863689e+00 6.891612417299e+00 2.382930633149e+00
   endloop
 endfacet
 facet normal 8.036170696674e-01 -4.997170187595e-01 3.232375388182e-01
   outer loop
     vertex 1.067066955486e+01 3.413968834042e+00 -4.298787509140e-01
     vertex 1.037204453018e+01 3.623068327419e+00 6.358104137022e-01
     vertex 1.020715960049e+01 3.361065112925e+00 6.406888037205e-01
   endloop
 endfacet
 facet normal 8.328947795353e-01 -4.374609198097e-01 3.389900143987e-01
   outer loop
     vertex 1.067066955486e+01 3.413968834042e+00 -4.298787509140e-01
     vertex 1.020715960049e+01 3.361065112925e+00 6.406888037205e-01
     vertex 1.082927820833e+01 2.925452974052e+00 -1.450000000000e+00
   endloop
 endfacet
 facet normal 9.669050411081e-01 1.801609215839e-01 1.806562587175e-01
   outer loop
     vertex 1.049307466008e+01 5.857085503143e+00 1.247532269311e+00
     vertex 1.021143438378e+01 6.054292147670e+00 2.558256147863e+00
     vertex 1.025576557980e+01 5.768497730011e+00 2.605998356317e+00
   endloop
 endfacet
 facet normal 9.669050411081e-01 1.801609215839e-01 1.806562587175e-01
   outer loop
     vertex 1.049307466008e+01 5.857085503143e+00 1.247532269311e+00
     vertex 1.025576557980e+01 5.768497730011e+00 2.605998356317e+00
     vertex 1.053548271231e+01 5.572637685264e+00 1.304224584342e+00
   endloop
 endfacet
 facet normal 9.585412022768e-01 -1.188407826881e-01 2.589896366805e-01
   outer loop
     vertex 1.075326198670e+01 4.802479389220e+00 5.190194833596e-01
     vertex 1.053303328140e+01 4.956685188807e+00 1.404862750375e+00
     vertex 1.070408447067e+01 4.499228012591e+00 5.618785125457e-01
   endloop
 endfacet
 facet normal 7.798679818519e-01 6.227195212541e-01 6.345335870844e-02
   outer loop
     vertex 9.571800872430e+00 7.360868988004e+00 2.254649279758e+00
     vertex 9.430602638119e+00 7.459737056050e+00 3.019760962103e+00
     vertex 9.611299404816e+00 7.227356666427e+00 3.079461225108e+00
   endloop
 endfacet
 facet normal 7.156068393905e-01 6.972415909236e-01 4.196445286011e-02
   outer loop
     vertex 9.571800872430e+00 7.360868988004e+00 2.254649279758e+00
     vertex 9.224826893480e+00 7.674660557552e+00 2.957825831487e+00
     vertex 9.430602638119e+00 7.459737056050e+00 3.019760962103e+00
   endloop
 endfacet
 facet normal 7.798679818519e-01 6.227195212541e-01 6.345335870844e-02
   outer loop
     vertex 9.571800872430e+00 7.360868988004e+00 2.254649279758e+00
     vertex 9.611299404816e+00 7.227356666427e+00 3.079461225108e+00
     vertex 9.751206787188e+00 7.129392462640e+00 2.321344289571e+00
   endloop
 endfacet
 facet normal 8.552067422101e-01 -4.079475217981e-01 3.196877344178e-01
   outer loop
     vertex 1.081455942443e+01 3.702102250389e+00 -4.471214313621e-01
     vertex 1.051541845202e+01 3.911563014262e+00 6.204089718284e-01
     vertex 1.037204453018e+01 3.623068327419e+00 6.358104137022e-01
   endloop
 endfacet
 facet normal 8.552067422101e-01 -4.079475217981e-01 3.196877344178e-01
   outer loop
     vertex 1.081455942443e+01 3.702102250389e+00 -4.471214313621e-01
     vertex 1.037204453018e+01 3.623068327419e+00 6.358104137022e-01
     vertex 1.067066955486e+01 3.413968834042e+00 -4.298787509140e-01
   endloop
 endfacet
 facet normal 9.478978277604e-01 2.740452604252e-01 1.624466169722e-01
   outer loop
     vertex 1.042366025422e+01 6.133792100035e+00 1.185774338832e+00
     vertex 1.013992499591e+01 6.332465666764e+00 2.506248040785e+00
     vertex 1.021143438378e+01 6.054292147670e+00 2.558256147863e+00
   endloop
 endfacet
 facet normal 9.478978277604e-01 2.740452604252e-01 1.624466169722e-01
   outer loop
     vertex 1.042366025422e+01 6.133792100035e+00 1.185774338832e+00
     vertex 1.021143438378e+01 6.054292147670e+00 2.558256147863e+00
     vertex 1.049307466008e+01 5.857085503143e+00 1.247532269311e+00
   endloop
 endfacet
 facet normal 8.483796078854e-01 -4.031356924542e-01 3.431233807155e-01
   outer loop
     vertex 1.076866110932e+01 3.345354408927e+00 -7.527799769956e-01
     vertex 1.081455942443e+01 3.702102250389e+00 -4.471214313621e-01
     vertex 1.067066955486e+01 3.413968834042e+00 -4.298787509140e-01
   endloop
 endfacet
 facet normal 8.202449316068e-01 -4.556899241368e-01 3.457527226408e-01
   outer loop
     vertex 1.076866110932e+01 3.345354408927e+00 -7.527799769956e-01
     vertex 1.067066955486e+01 3.413968834042e+00 -4.298787509140e-01
     vertex 1.082927820833e+01 2.925452974052e+00 -1.450000000000e+00
   endloop
 endfacet
 facet normal 9.696768755323e-01 -1.604386231697e-02 2.438633870424e-01
   outer loop
     vertex 1.077163700784e+01 5.114394885150e+00 4.664757047779e-01
     vertex 1.055012697452e+01 5.269497880271e+00 1.357472958384e+00
     vertex 1.053303328140e+01 4.956685188807e+00 1.404862750375e+00
   endloop
 endfacet
 facet normal 9.696768755323e-01 -1.604386231697e-02 2.438633870424e-01
   outer loop
     vertex 1.077163700784e+01 5.114394885150e+00 4.664757047779e-01
     vertex 1.053303328140e+01 4.956685188807e+00 1.404862750375e+00
     vertex 1.075326198670e+01 4.802479389220e+00 5.190194833596e-01
   endloop
 endfacet
 facet normal 7.156068393905e-01 6.972415909236e-01 4.196445286011e-02
   outer loop
     vertex 9.367364302518e+00 7.574854789266e+00 2.185457555362e+00
     vertex 9.224826893480e+00 7.674660557552e+00 2.957825831487e+00
     vertex 9.571800872430e+00 7.360868988004e+00 2.254649279758e+00
   endloop
 endfacet
 facet normal 6.286087936853e-01 7.775665973678e-01 1.552968639177e-02
   outer loop
     vertex 9.367364302518e+00 7.574854789266e+00 2.185457555362e+00
     vertex 8.903160665629e+00 7.936458763214e+00 2.870037805312e+00
     vertex 9.224826893480e+00 7.674660557552e+00 2.957825831487e+00
   endloop
 endfacet
 facet normal 6.306654089269e-01 7.758499842223e-01 1.783098329611e-02
   outer loop
     vertex 9.367364302518e+00 7.574854789266e+00 2.185457555362e+00
     vertex 9.348204121203e+00 7.624835980790e+00 6.883868314413e-01
     vertex 8.903160665629e+00 7.936458763214e+00 2.870037805312e+00
   endloop
 endfacet
 facet normal 8.978284220774e-01 -3.102724544254e-01 3.124662038284e-01
   outer loop
     vertex 1.092694900565e+01 3.998720755425e+00 -4.755213308361e-01
     vertex 1.051541845202e+01 3.911563014262e+00 6.204089718284e-01
     vertex 1.081455942443e+01 3.702102250389e+00 -4.471214313621e-01
   endloop
 endfacet
 facet normal 8.978284220774e-01 -3.102724544254e-01 3.124662038284e-01
   outer loop
     vertex 1.092694900565e+01 3.998720755425e+00 -4.755213308361e-01
     vertex 1.062695823126e+01 4.208776557048e+00 5.950417209367e-01
     vertex 1.051541845202e+01 3.911563014262e+00 6.204089718284e-01
   endloop
 endfacet
 facet normal 9.182500633641e-01 3.697922850688e-01 1.416703463516e-01
   outer loop
     vertex 1.031630856311e+01 6.428570937469e+00 1.112143949794e+00
     vertex 1.003007557956e+01 6.628993430232e+00 2.444241799197e+00
     vertex 1.013992499591e+01 6.332465666764e+00 2.506248040785e+00
   endloop
 endfacet
 facet normal 9.182500633641e-01 3.697922850688e-01 1.416703463516e-01
   outer loop
     vertex 1.031630856311e+01 6.428570937469e+00 1.112143949794e+00
     vertex 1.013992499591e+01 6.332465666764e+00 2.506248040785e+00
     vertex 1.042366025422e+01 6.133792100035e+00 1.185774338832e+00
   endloop
 endfacet
 facet normal 8.483796078854e-01 -4.031356924542e-01 3.431233807155e-01
   outer loop
     vertex 1.091272028326e+01 3.633369277080e+00 -7.705805482554e-01
     vertex 1.081455942443e+01 3.702102250389e+00 -4.471214313621e-01
     vertex 1.076866110932e+01 3.345354408927e+00 -7.527799769956e-01
   endloop
 endfacet
 facet normal 9.702391397193e-01 8.659314214902e-02 2.261363294333e-01
   outer loop
     vertex 1.075843247833e+01 5.416526578450e+00 4.074361804854e-01
     vertex 1.053548271231e+01 5.572637685264e+00 1.304224584342e+00
     vertex 1.055012697452e+01 5.269497880271e+00 1.357472958384e+00
   endloop
 endfacet
 facet normal 9.702391397193e-01 8.659314214903e-02 2.261363294333e-01
   outer loop
     vertex 1.075843247833e+01 5.416526578450e+00 4.074361804854e-01
     vertex 1.055012697452e+01 5.269497880271e+00 1.357472958384e+00
     vertex 1.077163700784e+01 5.114394885150e+00 4.664757047779e-01
   endloop
 endfacet
 facet normal 7.948083491878e-01 -4.848677421055e-01 3.649424074109e-01
   outer loop
     vertex 1.087859633648e+01 3.268376934154e+00 -1.101796273478e+00
     vertex 1.082927820833e+01 2.925452974052e+00 -1.450000000000e+00
     vertex 1.099050400439e+01 3.189738670300e+00 -1.450000000000e+00
   endloop
 endfacet
 facet normal 8.447270366138e-01 -3.953294705211e-01 3.607642489926e-01
   outer loop
     vertex 1.087859633648e+01 3.268376934154e+00 -1.101796273478e+00
     vertex 1.099050400439e+01 3.189738670300e+00 -1.450000000000e+00
     vertex 1.112739077301e+01 3.482233824434e+00 -1.450000000000e+00
   endloop
 endfacet
 facet normal 8.015297904193e-01 -4.788757998573e-01 3.580893231883e-01
   outer loop
     vertex 1.087859633648e+01 3.268376934154e+00 -1.101796273478e+00
     vertex 1.076866110932e+01 3.345354408927e+00 -7.527799769956e-01
     vertex 1.082927820833e+01 2.925452974052e+00 -1.450000000000e+00
   endloop
 endfacet
 facet normal 9.293470407247e-01 -2.122879464009e-01 3.020726828252e-01
   outer loop
     vertex 1.100518621133e+01 4.288394304014e+00 -5.126491926041e-01
     vertex 1.070408447067e+01 4.499228012591e+00 5.618785125457e-01
     vertex 1.062695823126e+01 4.208776557048e+00 5.950417209367e-01
   endloop
 endfacet
 facet normal 9.293470407247e-01 -2.122879464009e-01 3.020726828251e-01
   outer loop
     vertex 1.100518621133e+01 4.288394304014e+00 -5.126491926041e-01
     vertex 1.062695823126e+01 4.208776557048e+00 5.950417209367e-01
     vertex 1.092694900565e+01 3.998720755425e+00 -4.755213308361e-01
   endloop
 endfacet
 facet normal 8.784403907233e-01 4.627645098444e-01 1.191280335369e-01
   outer loop
     vertex 1.018874457354e+01 6.689460603557e+00 1.039338940284e+00
     vertex 9.900041863689e+00 6.891612417299e+00 2.382930633149e+00
     vertex 1.003007557956e+01 6.628993430232e+00 2.444241799197e+00
   endloop
 endfacet
 facet normal 8.784403907233e-01 4.627645098444e-01 1.191280335369e-01
   outer loop
     vertex 1.018874457354e+01 6.689460603557e+00 1.039338940284e+00
     vertex 1.003007557956e+01 6.628993430232e+00 2.444241799197e+00
     vertex 1.031630856311e+01 6.428570937469e+00 1.112143949794e+00
   endloop
 endfacet
 facet normal 9.608448095115e-01 1.844608901936e-01 2.067641942499e-01
   outer loop
     vertex 1.071755727629e+01 5.699901083075e+00 3.445781614242e-01
     vertex 1.049307466008e+01 5.857085503143e+00 1.247532269311e+00
     vertex 1.053548271231e+01 5.572637685264e+00 1.304224584342e+00
   endloop
 endfacet
 facet normal 9.608448095115e-01 1.844608901937e-01 2.067641942499e-01
   outer loop
     vertex 1.071755727629e+01 5.699901083075e+00 3.445781614242e-01
     vertex 1.053548271231e+01 5.572637685264e+00 1.304224584342e+00
     vertex 1.075843247833e+01 5.416526578450e+00 4.074361804854e-01
   endloop
 endfacet
 facet normal 8.911591508452e-01 -3.055525136137e-01 3.353699886532e-01
   outer loop
     vertex 1.102538872060e+01 3.929792524957e+00 -7.998993328772e-01
     vertex 1.092694900565e+01 3.998720755425e+00 -4.755213308361e-01
     vertex 1.081455942443e+01 3.702102250389e+00 -4.471214313621e-01
   endloop
 endfacet
 facet normal 8.911591508452e-01 -3.055525136137e-01 3.353699886532e-01
   outer loop
     vertex 1.102538872060e+01 3.929792524957e+00 -7.998993328772e-01
     vertex 1.081455942443e+01 3.702102250389e+00 -4.471214313621e-01
     vertex 1.091272028326e+01 3.633369277080e+00 -7.705805482554e-01
   endloop
 endfacet
 facet normal 8.877231425903e-01 -3.031475196944e-01 3.464811732443e-01
   outer loop
     vertex 1.102284545041e+01 3.556258804899e+00 -1.120199855719e+00
     vertex 1.102538872060e+01 3.929792524957e+00 -7.998993328772e-01
     vertex 1.091272028326e+01 3.633369277080e+00 -7.705805482554e-01
   endloop
 endfacet
 facet normal 8.850223802791e-01 -3.074756876808e-01 3.495627095248e-01
   outer loop
     vertex 1.102284545041e+01 3.556258804899e+00 -1.120199855719e+00
     vertex 1.112739077301e+01 3.482233824434e+00 -1.450000000000e+00
     vertex 1.123243094487e+01 3.784576112432e+00 -1.450000000000e+00
   endloop
 endfacet
 facet normal 8.448642321512e-01 -4.006747803131e-01 3.544913957386e-01
   outer loop
     vertex 1.102284545041e+01 3.556258804899e+00 -1.120199855719e+00
     vertex 1.091272028326e+01 3.633369277080e+00 -7.705805482554e-01
     vertex 1.076866110932e+01 3.345354408927e+00 -7.527799769956e-01
   endloop
 endfacet
 facet normal 8.439682084019e-01 -4.000445892470e-01 3.573261672772e-01
   outer loop
     vertex 1.102284545041e+01 3.556258804899e+00 -1.120199855719e+00
     vertex 1.087859633648e+01 3.268376934154e+00 -1.101796273478e+00
     vertex 1.112739077301e+01 3.482233824434e+00 -1.450000000000e+00
   endloop
 endfacet
 facet normal 8.448642321512e-01 -4.006747803131e-01 3.544913957386e-01
   outer loop
     vertex 1.102284545041e+01 3.556258804899e+00 -1.120199855719e+00
     vertex 1.076866110932e+01 3.345354408927e+00 -7.527799769956e-01
     vertex 1.087859633648e+01 3.268376934154e+00 -1.101796273478e+00
   endloop
 endfacet
 facet normal 8.322174621437e-01 5.459553073631e-01 9.667935697567e-02
   outer loop
     vertex 1.004239030801e+01 6.925503566358e+00 9.662071664348e-01
     vertex 9.751206787188e+00 7.129392462640e+00 2.321344289571e+00
     vertex 9.900041863689e+00 6.891612417299e+00 2.382930633149e+00
   endloop
 endfacet
 facet normal 8.322174621437e-01 5.459553073631e-01 9.667935697567e-02
   outer loop
     vertex 1.004239030801e+01 6.925503566358e+00 9.662071664348e-01
     vertex 9.900041863689e+00 6.891612417299e+00 2.382930633149e+00
     vertex 1.018874457354e+01 6.689460603557e+00 1.039338940284e+00
   endloop
 endfacet
 facet normal 9.506985292614e-01 -1.133772301753e-01 2.886484196007e-01
   outer loop
     vertex 1.105579950327e+01 4.590640339529e+00 -5.606320081498e-01
     vertex 1.075326198670e+01 4.802479389220e+00 5.190194833596e-01
     vertex 1.070408447067e+01 4.499228012591e+00 5.618785125457e-01
   endloop
 endfacet
 facet normal 9.506985292614e-01 -1.133772301753e-01 2.886484196007e-01
   outer loop
     vertex 1.105579950327e+01 4.590640339529e+00 -5.606320081498e-01
     vertex 1.070408447067e+01 4.499228012591e+00 5.618785125457e-01
     vertex 1.100518621133e+01 4.288394304014e+00 -5.126491926041e-01
   endloop
 endfacet
 facet normal 9.424417237545e-01 2.779156859674e-01 1.859205981591e-01
   outer loop
     vertex 1.064981268503e+01 5.975438463199e+00 2.761036041749e-01
     vertex 1.049307466008e+01 5.857085503143e+00 1.247532269311e+00
     vertex 1.071755727629e+01 5.699901083075e+00 3.445781614242e-01
   endloop
 endfacet
 facet normal 9.424417237545e-01 2.779156859675e-01 1.859205981591e-01
   outer loop
     vertex 1.064981268503e+01 5.975438463199e+00 2.761036041749e-01
     vertex 1.042366025422e+01 6.133792100035e+00 1.185774338832e+00
     vertex 1.049307466008e+01 5.857085503143e+00 1.247532269311e+00
   endloop
 endfacet
 facet normal 9.228997662873e-01 -2.077090824756e-01 3.242112867314e-01
   outer loop
     vertex 1.110399048150e+01 4.219210809233e+00 -8.382284749799e-01
     vertex 1.092694900565e+01 3.998720755425e+00 -4.755213308361e-01
     vertex 1.102538872060e+01 3.929792524957e+00 -7.998993328772e-01
   endloop
 endfacet
 facet normal 9.228997662873e-01 -2.077090824756e-01 3.242112867314e-01
   outer loop
     vertex 1.110399048150e+01 4.219210809233e+00 -8.382284749799e-01
     vertex 1.100518621133e+01 4.288394304014e+00 -5.126491926041e-01
     vertex 1.092694900565e+01 3.998720755425e+00 -4.755213308361e-01
   endloop
 endfacet
 facet normal 8.853520065064e-01 -3.014816628419e-01 3.539217873277e-01
   outer loop
     vertex 1.113582673217e+01 3.852462996753e+00 -1.150511841559e+00
     vertex 1.102284545041e+01 3.556258804899e+00 -1.120199855719e+00
     vertex 1.123243094487e+01 3.784576112432e+00 -1.450000000000e+00
   endloop
 endfacet
 facet normal 9.169542346417e-01 -2.050672259810e-01 3.422606673298e-01
   outer loop
     vertex 1.113582673217e+01 3.852462996753e+00 -1.150511841559e+00
     vertex 1.123243094487e+01 3.784576112432e+00 -1.450000000000e+00
     vertex 1.129892795049e+01 4.081916219359e+00 -1.450000000000e+00
   endloop
 endfacet
 facet normal 9.195780801497e-01 -2.053844031693e-01 3.349528346544e-01
   outer loop
     vertex 1.113582673217e+01 3.852462996753e+00 -1.150511841559e+00
     vertex 1.110399048150e+01 4.219210809233e+00 -8.382284749799e-01
     vertex 1.102538872060e+01 3.929792524957e+00 -7.998993328772e-01
   endloop
 endfacet
 facet normal 8.877231425903e-01 -3.031475196944e-01 3.464811732443e-01
   outer loop
     vertex 1.113582673217e+01 3.852462996753e+00 -1.150511841559e+00
     vertex 1.102538872060e+01 3.929792524957e+00 -7.998993328772e-01
     vertex 1.102284545041e+01 3.556258804899e+00 -1.120199855719e+00
   endloop
 endfacet
 facet normal 7.779398891280e-01 6.240525436721e-01 7.326630630770e-02
   outer loop
     vertex 9.865670990671e+00 7.155098915957e+00 8.870090180926e-01
     vertex 9.571800872430e+00 7.360868988004e+00 2.254649279758e+00
     vertex 9.751206787188e+00 7.129392462640e+00 2.321344289571e+00
   endloop
 endfacet
 facet normal 7.779398891280e-01 6.240525436721e-01 7.326630630770e-02
   outer loop
     vertex 9.865670990671e+00 7.155098915957e+00 8.870090180926e-01
     vertex 9.751206787188e+00 7.129392462640e+00 2.321344289571e+00
     vertex 1.004239030801e+01 6.925503566358e+00 9.662071664348e-01
   endloop
 endfacet
 facet normal 9.622943777305e-01 -1.090432027442e-02 2.717915127217e-01
   outer loop
     vertex 1.107593473907e+01 4.901323319886e+00 -6.194573824908e-01
     vertex 1.077163700784e+01 5.114394885150e+00 4.664757047779e-01
     vertex 1.075326198670e+01 4.802479389220e+00 5.190194833596e-01
   endloop
 endfacet
 facet normal 9.622943777305e-01 -1.090432027443e-02 2.717915127217e-01
   outer loop
     vertex 1.107593473907e+01 4.901323319886e+00 -6.194573824908e-01
     vertex 1.075326198670e+01 4.802479389220e+00 5.190194833596e-01
     vertex 1.105579950327e+01 4.590640339529e+00 -5.606320081498e-01
   endloop
 endfacet
 facet normal 9.134849915756e-01 3.731699093597e-01 1.621400287239e-01
   outer loop
     vertex 1.054445181675e+01 6.268823311475e+00 1.944653716379e-01
     vertex 1.042366025422e+01 6.133792100035e+00 1.185774338832e+00
     vertex 1.064981268503e+01 5.975438463199e+00 2.761036041749e-01
   endloop
 endfacet
 facet normal 9.134849915756e-01 3.731699093597e-01 1.621400287239e-01
   outer loop
     vertex 1.054445181675e+01 6.268823311475e+00 1.944653716379e-01
     vertex 1.031630856311e+01 6.428570937469e+00 1.112143949794e+00
     vertex 1.042366025422e+01 6.133792100035e+00 1.185774338832e+00
   endloop
 endfacet
 facet normal 9.445349182132e-01 -1.089873118861e-01 3.097992158219e-01
   outer loop
     vertex 1.115507491250e+01 4.521126949627e+00 -8.877637853361e-01
     vertex 1.100518621133e+01 4.288394304014e+00 -5.126491926041e-01
     vertex 1.110399048150e+01 4.219210809233e+00 -8.382284749799e-01
   endloop
 endfacet
 facet normal 9.445349182132e-01 -1.089873118861e-01 3.097992158219e-01
   outer loop
     vertex 1.115507491250e+01 4.521126949627e+00 -8.877637853361e-01
     vertex 1.105579950327e+01 4.590640339529e+00 -5.606320081498e-01
     vertex 1.100518621133e+01 4.288394304014e+00 -5.126491926041e-01
   endloop
 endfacet
 facet normal 9.402883027530e-01 -9.645368553598e-02 3.264270121366e-01
   outer loop
     vertex 1.121483748199e+01 4.141594903899e+00 -1.190139419157e+00
     vertex 1.129892795049e+01 4.081916219359e+00 -1.450000000000e+00
     vertex 1.133115069055e+01 4.396042790969e+00 -1.450000000000e+00
   endloop
 endfacet
 facet normal 9.195780801497e-01 -2.053844031693e-01 3.349528346544e-01
   outer loop
     vertex 1.121483748199e+01 4.141594903899e+00 -1.190139419157e+00
     vertex 1.110399048150e+01 4.219210809233e+00 -8.382284749799e-01
     vertex 1.113582673217e+01 3.852462996753e+00 -1.150511841559e+00
   endloop
 endfacet
 facet normal 9.168703963737e-01 -2.034827665255e-01 3.434289445876e-01
   outer loop
     vertex 1.121483748199e+01 4.141594903899e+00 -1.190139419157e+00
     vertex 1.113582673217e+01 3.852462996753e+00 -1.150511841559e+00
     vertex 1.129892795049e+01 4.081916219359e+00 -1.450000000000e+00
   endloop
 endfacet
 facet normal 7.143346544638e-01 6.981247419773e-01 4.845457740166e-02
   outer loop
     vertex 9.664021590425e+00 7.367133120009e+00 8.048461026349e-01
     vertex 9.571800872430e+00 7.360868988004e+00 2.254649279758e+00
     vertex 9.865670990671e+00 7.155098915957e+00 8.870090180926e-01
   endloop
 endfacet
 facet normal 7.143346544638e-01 6.981247419773e-01 4.845457740166e-02
   outer loop
     vertex 9.664021590425e+00 7.367133120009e+00 8.048461026349e-01
     vertex 9.367364302518e+00 7.574854789266e+00 2.185457555362e+00
     vertex 9.571800872430e+00 7.360868988004e+00 2.254649279758e+00
   endloop
 endfacet
 facet normal 6.281391365215e-01 7.778943912637e-01 1.793157021883e-02
   outer loop
     vertex 9.664021590425e+00 7.367133120009e+00 8.048461026349e-01
     vertex 9.348204121203e+00 7.624835980790e+00 6.883868314413e-01
     vertex 9.367364302518e+00 7.574854789266e+00 2.185457555362e+00
   endloop
 endfacet
 facet normal 9.633961620739e-01 9.135509988712e-02 2.520358717045e-01
   outer loop
     vertex 1.106470803146e+01 5.202070127382e+00 -6.855550673388e-01
     vertex 1.077163700784e+01 5.114394885150e+00 4.664757047779e-01
     vertex 1.107593473907e+01 4.901323319886e+00 -6.194573824908e-01
   endloop
 endfacet
 facet normal 9.633961620739e-01 9.135509988712e-02 2.520358717045e-01
   outer loop
     vertex 1.106470803146e+01 5.202070127382e+00 -6.855550673388e-01
     vertex 1.075843247833e+01 5.416526578450e+00 4.074361804854e-01
     vertex 1.077163700784e+01 5.114394885150e+00 4.664757047779e-01
   endloop
 endfacet
 facet normal 9.545912354119e-01 1.888120443438e-01 2.304464909379e-01
   outer loop
     vertex 1.106470803146e+01 5.202070127382e+00 -6.855550673388e-01
     vertex 1.071755727629e+01 5.699901083075e+00 3.445781614242e-01
     vertex 1.075843247833e+01 5.416526578450e+00 4.074361804854e-01
   endloop
 endfacet
 facet normal 8.289560310491e-01 5.482603088461e-01 1.106459774744e-01
   outer loop
     vertex 1.041885633337e+01 6.528334614699e+00 1.137422846910e-01
     vertex 1.004239030801e+01 6.925503566358e+00 9.662071664348e-01
     vertex 1.018874457354e+01 6.689460603557e+00 1.039338940284e+00
   endloop
 endfacet
 facet normal 8.744274494115e-01 4.656053188919e-01 1.363389993189e-01
   outer loop
     vertex 1.041885633337e+01 6.528334614699e+00 1.137422846910e-01
     vertex 1.031630856311e+01 6.428570937469e+00 1.112143949794e+00
     vertex 1.054445181675e+01 6.268823311475e+00 1.944653716379e-01
   endloop
 endfacet
 facet normal 8.744274494115e-01 4.656053188919e-01 1.363389993189e-01
   outer loop
     vertex 1.041885633337e+01 6.528334614699e+00 1.137422846910e-01
     vertex 1.018874457354e+01 6.689460603557e+00 1.039338940284e+00
     vertex 1.031630856311e+01 6.428570937469e+00 1.112143949794e+00
   endloop
 endfacet
 facet normal 9.564851703175e-01 -6.757806113284e-03 2.917026757148e-01
   outer loop
     vertex 1.117578774949e+01 4.831405489275e+00 -9.484924679210e-01
     vertex 1.107593473907e+01 4.901323319886e+00 -6.194573824908e-01
     vertex 1.105579950327e+01 4.590640339529e+00 -5.606320081498e-01
   endloop
 endfacet
 facet normal 9.564851703175e-01 -6.757806113287e-03 2.917026757148e-01
   outer loop
     vertex 1.117578774949e+01 4.831405489275e+00 -9.484924679210e-01
     vertex 1.105579950327e+01 4.590640339529e+00 -5.606320081498e-01
     vertex 1.115507491250e+01 4.521126949627e+00 -8.877637853361e-01
   endloop
 endfacet
 facet normal 9.413609420738e-01 -1.067662389951e-01 3.200633483370e-01
   outer loop
     vertex 1.126645047670e+01 4.443140940000e+00 -1.241352784427e+00
     vertex 1.110399048150e+01 4.219210809233e+00 -8.382284749799e-01
     vertex 1.121483748199e+01 4.141594903899e+00 -1.190139419157e+00
   endloop
 endfacet
 facet normal 9.413609420738e-01 -1.067662389951e-01 3.200633483370e-01
   outer loop
     vertex 1.126645047670e+01 4.443140940000e+00 -1.241352784427e+00
     vertex 1.115507491250e+01 4.521126949627e+00 -8.877637853361e-01
     vertex 1.110399048150e+01 4.219210809233e+00 -8.382284749799e-01
   endloop
 endfacet
 facet normal 9.550006133368e-01 -2.025042724585e-03 2.965969111915e-01
   outer loop
     vertex 1.126645047670e+01 4.443140940000e+00 -1.241352784427e+00
     vertex 1.133115069055e+01 4.396042790969e+00 -1.450000000000e+00
     vertex 1.133183772778e+01 4.720046315456e+00 -1.450000000000e+00
   endloop
 endfacet
 facet normal 9.424648495904e-01 -1.075550956920e-01 3.165310548386e-01
   outer loop
     vertex 1.126645047670e+01 4.443140940000e+00 -1.241352784427e+00
     vertex 1.121483748199e+01 4.141594903899e+00 -1.190139419157e+00
     vertex 1.133115069055e+01 4.396042790969e+00 -1.450000000000e+00
   endloop
 endfacet
 facet normal 9.545912354119e-01 1.888120443438e-01 2.304464909379e-01
   outer loop
     vertex 1.102593857076e+01 5.483970176048e+00 -7.559277470627e-01
     vertex 1.071755727629e+01 5.699901083075e+00 3.445781614242e-01
     vertex 1.106470803146e+01 5.202070127382e+00 -6.855550673388e-01
   endloop
 endfacet
 facet normal 8.289560310491e-01 5.482603088461e-01 1.106459774744e-01
   outer loop
     vertex 1.027447940908e+01 6.762993028251e+00 3.265689539154e-02
     vertex 1.004239030801e+01 6.925503566358e+00 9.662071664348e-01
     vertex 1.041885633337e+01 6.528334614699e+00 1.137422846910e-01
   endloop
 endfacet
 facet normal 9.580016924343e-01 9.521070174408e-02 2.704952486947e-01
   outer loop
     vertex 1.116521004926e+01 5.131697856916e+00 -1.016728758258e+00
     vertex 1.106470803146e+01 5.202070127382e+00 -6.855550673388e-01
     vertex 1.107593473907e+01 4.901323319886e+00 -6.194573824908e-01
   endloop
 endfacet
 facet normal 9.580016924343e-01 9.521070174408e-02 2.704952486947e-01
   outer loop
     vertex 1.116521004926e+01 5.131697856916e+00 -1.016728758258e+00
     vertex 1.107593473907e+01 4.901323319886e+00 -6.194573824908e-01
     vertex 1.117578774949e+01 4.831405489275e+00 -9.484924679210e-01
   endloop
 endfacet
 facet normal 9.588453705560e-01 9.164135736095e-02 2.687329845487e-01
   outer loop
     vertex 1.128781131564e+01 4.752965743797e+00 -1.304138707867e+00
     vertex 1.133183772778e+01 4.720046315456e+00 -1.450000000000e+00
     vertex 1.130167140043e+01 5.035677207061e+00 -1.450000000000e+00
   endloop
 endfacet
 facet normal 9.534966997540e-01 -4.666713379784e-03 3.013673262721e-01
   outer loop
     vertex 1.128781131564e+01 4.752965743797e+00 -1.304138707867e+00
     vertex 1.115507491250e+01 4.521126949627e+00 -8.877637853361e-01
     vertex 1.126645047670e+01 4.443140940000e+00 -1.241352784427e+00
   endloop
 endfacet
 facet normal 9.534966997540e-01 -4.666713379791e-03 3.013673262721e-01
   outer loop
     vertex 1.128781131564e+01 4.752965743797e+00 -1.304138707867e+00
     vertex 1.117578774949e+01 4.831405489275e+00 -9.484924679210e-01
     vertex 1.115507491250e+01 4.521126949627e+00 -8.877637853361e-01
   endloop
 endfacet
 facet normal 9.568710634845e-01 -7.116664753868e-03 2.904257580672e-01
   outer loop
     vertex 1.128781131564e+01 4.752965743797e+00 -1.304138707867e+00
     vertex 1.126645047670e+01 4.443140940000e+00 -1.241352784427e+00
     vertex 1.133183772778e+01 4.720046315456e+00 -1.450000000000e+00
   endloop
 endfacet
 facet normal 9.368218171943e-01 2.818263331601e-01 2.072167965354e-01
   outer loop
     vertex 1.096048787465e+01 5.757901353490e+00 -8.325884207285e-01
     vertex 1.064981268503e+01 5.975438463199e+00 2.761036041749e-01
     vertex 1.071755727629e+01 5.699901083075e+00 3.445781614242e-01
   endloop
 endfacet
 facet normal 9.368218171943e-01 2.818263331601e-01 2.072167965354e-01
   outer loop
     vertex 1.096048787465e+01 5.757901353490e+00 -8.325884207285e-01
     vertex 1.071755727629e+01 5.699901083075e+00 3.445781614242e-01
     vertex 1.102593857076e+01 5.483970176048e+00 -7.559277470627e-01
   endloop
 endfacet
 facet normal 7.754648314926e-01 6.257982782872e-01 8.384992552752e-02
   outer loop
     vertex 1.009990145599e+01 6.991088978464e+00 -5.515463100913e-02
     vertex 1.004239030801e+01 6.925503566358e+00 9.662071664348e-01
     vertex 1.027447940908e+01 6.762993028251e+00 3.265689539154e-02
   endloop
 endfacet
 facet normal 7.754648314926e-01 6.257982782872e-01 8.384992552752e-02
   outer loop
     vertex 1.009990145599e+01 6.991088978464e+00 -5.515463100913e-02
     vertex 9.865670990671e+00 7.155098915957e+00 8.870090180926e-01
     vertex 1.004239030801e+01 6.925503566358e+00 9.662071664348e-01
   endloop
 endfacet
 facet normal 9.496504660009e-01 1.923449189942e-01 2.473204895704e-01
   outer loop
     vertex 1.112713157172e+01 5.413114073957e+00 -1.089378361894e+00
     vertex 1.106470803146e+01 5.202070127382e+00 -6.855550673388e-01
     vertex 1.116521004926e+01 5.131697856916e+00 -1.016728758258e+00
   endloop
 endfacet
 facet normal 9.281369304461e-01 2.968712203304e-01 2.245647275991e-01
   outer loop
     vertex 1.112713157172e+01 5.413114073957e+00 -1.089378361894e+00
     vertex 1.123986571255e+01 5.333450509840e+00 -1.450000000000e+00
     vertex 1.114284964717e+01 5.636761127224e+00 -1.450000000000e+00
   endloop
 endfacet
 facet normal 9.496504660009e-01 1.923449189942e-01 2.473204895704e-01
   outer loop
     vertex 1.112713157172e+01 5.413114073957e+00 -1.089378361894e+00
     vertex 1.102593857076e+01 5.483970176048e+00 -7.559277470627e-01
     vertex 1.106470803146e+01 5.202070127382e+00 -6.855550673388e-01
   endloop
 endfacet
 facet normal 9.471209665659e-01 1.965839861864e-01 2.536071983723e-01
   outer loop
     vertex 1.127796172686e+01 5.052748282312e+00 -1.374686566285e+00
     vertex 1.130167140043e+01 5.035677207061e+00 -1.450000000000e+00
     vertex 1.123986571255e+01 5.333450509840e+00 -1.450000000000e+00
   endloop
 endfacet
 facet normal 9.554384154372e-01 9.700118691558e-02 2.787977834269e-01
   outer loop
     vertex 1.127796172686e+01 5.052748282312e+00 -1.374686566285e+00
     vertex 1.128781131564e+01 4.752965743797e+00 -1.304138707867e+00
     vertex 1.130167140043e+01 5.035677207061e+00 -1.450000000000e+00
   endloop
 endfacet
 facet normal 9.552306282437e-01 9.714957434951e-02 2.794573439164e-01
   outer loop
     vertex 1.127796172686e+01 5.052748282312e+00 -1.374686566285e+00
     vertex 1.116521004926e+01 5.131697856916e+00 -1.016728758258e+00
     vertex 1.117578774949e+01 4.831405489275e+00 -9.484924679210e-01
   endloop
 endfacet
 facet normal 9.471169677506e-01 1.941175393285e-01 2.555148338629e-01
   outer loop
     vertex 1.127796172686e+01 5.052748282312e+00 -1.374686566285e+00
     vertex 1.112713157172e+01 5.413114073957e+00 -1.089378361894e+00
     vertex 1.116521004926e+01 5.131697856916e+00 -1.016728758258e+00
   endloop
 endfacet
 facet normal 9.552306282437e-01 9.714957434950e-02 2.794573439164e-01
   outer loop
     vertex 1.127796172686e+01 5.052748282312e+00 -1.374686566285e+00
     vertex 1.117578774949e+01 4.831405489275e+00 -9.484924679210e-01
     vertex 1.128781131564e+01 4.752965743797e+00 -1.304138707867e+00
   endloop
 endfacet
 facet normal 9.473819208097e-01 1.963964976507e-01 2.527764067974e-01
   outer loop
     vertex 1.127796172686e+01 5.052748282312e+00 -1.374686566285e+00
     vertex 1.123986571255e+01 5.333450509840e+00 -1.450000000000e+00
     vertex 1.112713157172e+01 5.413114073957e+00 -1.089378361894e+00
   endloop
 endfacet
 facet normal 8.703119782327e-01 4.684718884128e-01 1.519577254094e-01
   outer loop
     vertex 1.085786188418e+01 6.049371219714e+00 -9.239864838133e-01
     vertex 1.041885633337e+01 6.528334614699e+00 1.137422846910e-01
     vertex 1.054445181675e+01 6.268823311475e+00 1.944653716379e-01
   endloop
 endfacet
 facet normal 9.085871959068e-01 3.765792975011e-01 1.807134198883e-01
   outer loop
     vertex 1.085786188418e+01 6.049371219714e+00 -9.239864838133e-01
     vertex 1.054445181675e+01 6.268823311475e+00 1.944653716379e-01
     vertex 1.064981268503e+01 5.975438463199e+00 2.761036041749e-01
   endloop
 endfacet
 facet normal 9.085871959068e-01 3.765792975011e-01 1.807134198883e-01
   outer loop
     vertex 1.085786188418e+01 6.049371219714e+00 -9.239864838133e-01
     vertex 1.064981268503e+01 5.975438463199e+00 2.761036041749e-01
     vertex 1.096048787465e+01 5.757901353490e+00 -8.325884207285e-01
   endloop
 endfacet
 facet normal 7.126955961074e-01 6.992781093667e-01 5.545370185700e-02
   outer loop
     vertex 9.900473581535e+00 7.201567653409e+00 -1.462533646397e-01
     vertex 9.664021590425e+00 7.367133120009e+00 8.048461026349e-01
     vertex 9.865670990671e+00 7.155098915957e+00 8.870090180926e-01
   endloop
 endfacet
 facet normal 6.275317269668e-01 7.783204953829e-01 2.052164995907e-02
   outer loop
     vertex 9.900473581535e+00 7.201567653409e+00 -1.462533646397e-01
     vertex 9.348204121203e+00 7.624835980790e+00 6.883868314413e-01
     vertex 9.664021590425e+00 7.367133120009e+00 8.048461026349e-01
   endloop
 endfacet
 facet normal 6.296872137684e-01 7.765122069331e-01 2.286493604738e-02
   outer loop
     vertex 9.900473581535e+00 7.201567653409e+00 -1.462533646397e-01
     vertex 9.916954762706e+00 7.226592494249e+00 -1.450000000000e+00
     vertex 9.348204121203e+00 7.624835980790e+00 6.883868314413e-01
   endloop
 endfacet
 facet normal 7.126955961074e-01 6.992781093667e-01 5.545370185700e-02
   outer loop
     vertex 9.900473581535e+00 7.201567653409e+00 -1.462533646397e-01
     vertex 9.865670990671e+00 7.155098915957e+00 8.870090180926e-01
     vertex 1.009990145599e+01 6.991088978464e+00 -5.515463100913e-02
   endloop
 endfacet
 facet normal 9.039508042391e-01 3.828223222807e-01 1.905781023075e-01
   outer loop
     vertex 1.106243360006e+01 5.686518188076e+00 -1.168519408933e+00
     vertex 1.114284964717e+01 5.636761127224e+00 -1.450000000000e+00
     vertex 1.101640419714e+01 5.935334276166e+00 -1.450000000000e+00
   endloop
 endfacet
 facet normal 9.340868424772e-01 2.837674567878e-01 2.166974877083e-01
   outer loop
     vertex 1.106243360006e+01 5.686518188076e+00 -1.168519408933e+00
     vertex 1.112713157172e+01 5.413114073957e+00 -1.089378361894e+00
     vertex 1.114284964717e+01 5.636761127224e+00 -1.450000000000e+00
   endloop
 endfacet
 facet normal 9.323705359412e-01 2.850079994102e-01 2.223862045653e-01
   outer loop
     vertex 1.106243360006e+01 5.686518188076e+00 -1.168519408933e+00
     vertex 1.096048787465e+01 5.757901353490e+00 -8.325884207285e-01
     vertex 1.102593857076e+01 5.483970176048e+00 -7.559277470627e-01
   endloop
 endfacet
 facet normal 9.323705359412e-01 2.850079994102e-01 2.223862045653e-01
   outer loop
     vertex 1.106243360006e+01 5.686518188076e+00 -1.168519408933e+00
     vertex 1.102593857076e+01 5.483970176048e+00 -7.559277470627e-01
     vertex 1.112713157172e+01 5.413114073957e+00 -1.089378361894e+00
   endloop
 endfacet
 facet normal 8.703119782327e-01 4.684718884128e-01 1.519577254094e-01
   outer loop
     vertex 1.073497062125e+01 6.306989007389e+00 -1.014359995879e+00
     vertex 1.041885633337e+01 6.528334614699e+00 1.137422846910e-01
     vertex 1.085786188418e+01 6.049371219714e+00 -9.239864838133e-01
   endloop
 endfacet
 facet normal 8.711345776128e-01 4.660626887255e-01 1.546289683900e-01
   outer loop
     vertex 1.096070503915e+01 5.977359667352e+00 -1.262874676946e+00
     vertex 1.101640419714e+01 5.935334276166e+00 -1.450000000000e+00
     vertex 1.086734558238e+01 6.213945108041e+00 -1.450000000000e+00
   endloop
 endfacet
 facet normal 9.072981574516e-01 3.774612640920e-01 1.852917904143e-01
   outer loop
     vertex 1.096070503915e+01 5.977359667352e+00 -1.262874676946e+00
     vertex 1.106243360006e+01 5.686518188076e+00 -1.168519408933e+00
     vertex 1.101640419714e+01 5.935334276166e+00 -1.450000000000e+00
   endloop
 endfacet
 facet normal 9.046965946299e-01 3.793567865135e-01 1.939394240252e-01
   outer loop
     vertex 1.096070503915e+01 5.977359667352e+00 -1.262874676946e+00
     vertex 1.085786188418e+01 6.049371219714e+00 -9.239864838133e-01
     vertex 1.096048787465e+01 5.757901353490e+00 -8.325884207285e-01
   endloop
 endfacet
 facet normal 9.046965946299e-01 3.793567865135e-01 1.939394240252e-01
   outer loop
     vertex 1.096070503915e+01 5.977359667352e+00 -1.262874676946e+00
     vertex 1.096048787465e+01 5.757901353490e+00 -8.325884207285e-01
     vertex 1.106243360006e+01 5.686518188076e+00 -1.168519408933e+00
   endloop
 endfacet
 facet normal 8.670326955621e-01 4.708081455424e-01 1.630766535015e-01
   outer loop
     vertex 1.096070503915e+01 5.977359667352e+00 -1.262874676946e+00
     vertex 1.073497062125e+01 6.306989007389e+00 -1.014359995879e+00
     vertex 1.085786188418e+01 6.049371219714e+00 -9.239864838133e-01
   endloop
 endfacet
 facet normal 7.664032362693e-01 6.353140696219e-01 9.487946235252e-02
   outer loop
     vertex 1.059331005453e+01 6.539745406893e+00 -1.105139123453e+00
     vertex 1.069711492933e+01 6.466024109554e+00 -1.450000000000e+00
     vertex 1.049362520321e+01 6.711501412991e+00 -1.450000000000e+00
   endloop
 endfacet
 facet normal 8.256183976943e-01 5.505869209385e-01 1.233219521424e-01
   outer loop
     vertex 1.059331005453e+01 6.539745406893e+00 -1.105139123453e+00
     vertex 1.027447940908e+01 6.762993028251e+00 3.265689539154e-02
     vertex 1.041885633337e+01 6.528334614699e+00 1.137422846910e-01
   endloop
 endfacet
 facet normal 7.729371792199e-01 6.275619604285e-01 9.345642194484e-02
   outer loop
     vertex 1.059331005453e+01 6.539745406893e+00 -1.105139123453e+00
     vertex 1.009990145599e+01 6.991088978464e+00 -5.515463100913e-02
     vertex 1.027447940908e+01 6.762993028251e+00 3.265689539154e-02
   endloop
 endfacet
 facet normal 8.256183976943e-01 5.505869209385e-01 1.233219521424e-01
   outer loop
     vertex 1.059331005453e+01 6.539745406893e+00 -1.105139123453e+00
     vertex 1.041885633337e+01 6.528334614699e+00 1.137422846910e-01
     vertex 1.073497062125e+01 6.306989007389e+00 -1.014359995879e+00
   endloop
 endfacet
 facet normal 8.672473823780e-01 4.706552800584e-01 1.623748290582e-01
   outer loop
     vertex 1.083870114581e+01 6.234356112150e+00 -1.356172244361e+00
     vertex 1.096070503915e+01 5.977359667352e+00 -1.262874676946e+00
     vertex 1.086734558238e+01 6.213945108041e+00 -1.450000000000e+00
   endloop
 endfacet
 facet normal 8.216828453641e-01 5.548879776852e-01 1.301408231681e-01
   outer loop
     vertex 1.083870114581e+01 6.234356112150e+00 -1.356172244361e+00
     vertex 1.086734558238e+01 6.213945108041e+00 -1.450000000000e+00
     vertex 1.069711492933e+01 6.466024109554e+00 -1.450000000000e+00
   endloop
 endfacet
 facet normal 8.220658112679e-01 5.546136532482e-01 1.288855987890e-01
   outer loop
     vertex 1.083870114581e+01 6.234356112150e+00 -1.356172244361e+00
     vertex 1.069711492933e+01 6.466024109554e+00 -1.450000000000e+00
     vertex 1.059331005453e+01 6.539745406893e+00 -1.105139123453e+00
   endloop
 endfacet
 facet normal 8.670326955621e-01 4.708081455424e-01 1.630766535015e-01
   outer loop
     vertex 1.083870114581e+01 6.234356112150e+00 -1.356172244361e+00
     vertex 1.073497062125e+01 6.306989007389e+00 -1.014359995879e+00
     vertex 1.096070503915e+01 5.977359667352e+00 -1.262874676946e+00
   endloop
 endfacet
 facet normal 8.229510717091e-01 5.524822433830e-01 1.323438865962e-01
   outer loop
     vertex 1.083870114581e+01 6.234356112150e+00 -1.356172244361e+00
     vertex 1.059331005453e+01 6.539745406893e+00 -1.105139123453e+00
     vertex 1.073497062125e+01 6.306989007389e+00 -1.014359995879e+00
   endloop
 endfacet
 facet normal 7.107200257804e-01 7.014775267338e-01 5.297475287393e-02
   outer loop
     vertex 1.042167378436e+01 6.765781568552e+00 -1.203448496159e+00
     vertex 1.049362520321e+01 6.711501412991e+00 -1.450000000000e+00
     vertex 1.026576760636e+01 6.942361206695e+00 -1.450000000000e+00
   endloop
 endfacet
 facet normal 7.729371792199e-01 6.275619604285e-01 9.345642194484e-02
   outer loop
     vertex 1.042167378436e+01 6.765781568552e+00 -1.203448496159e+00
     vertex 1.009990145599e+01 6.991088978464e+00 -5.515463100913e-02
     vertex 1.059331005453e+01 6.539745406893e+00 -1.105139123453e+00
   endloop
 endfacet
 facet normal 7.110250085211e-01 7.004450875629e-01 6.180709155633e-02
   outer loop
     vertex 1.042167378436e+01 6.765781568552e+00 -1.203448496159e+00
     vertex 9.900473581535e+00 7.201567653409e+00 -1.462533646397e-01
     vertex 1.009990145599e+01 6.991088978464e+00 -5.515463100913e-02
   endloop
 endfacet
 facet normal 7.744919416566e-01 6.264174202533e-01 8.811043021261e-02
   outer loop
     vertex 1.042167378436e+01 6.765781568552e+00 -1.203448496159e+00
     vertex 1.059331005453e+01 6.539745406893e+00 -1.105139123453e+00
     vertex 1.049362520321e+01 6.711501412991e+00 -1.450000000000e+00
   endloop
 endfacet
 facet normal 7.152901452609e-01 6.972418423998e-01 4.705126246539e-02
   outer loop
     vertex 1.022529771415e+01 6.974123347162e+00 -1.305438060908e+00
     vertex 1.042167378436e+01 6.765781568552e+00 -1.203448496159e+00
     vertex 1.026576760636e+01 6.942361206695e+00 -1.450000000000e+00
   endloop
 endfacet
 facet normal 6.572379195049e-01 7.534573481291e-01 1.844835263846e-02
   outer loop
     vertex 1.022529771415e+01 6.974123347162e+00 -1.305438060908e+00
     vertex 1.026576760636e+01 6.942361206695e+00 -1.450000000000e+00
     vertex 1.009274854862e+01 7.093285059016e+00 -1.450000000000e+00
   endloop
 endfacet
 facet normal 6.010663849067e-01 7.926319728917e-01 1.022436134188e-01
   outer loop
     vertex 1.022529771415e+01 6.974123347162e+00 -1.305438060908e+00
     vertex 1.009274854862e+01 7.093285059016e+00 -1.450000000000e+00
     vertex 9.916954762706e+00 7.226592494249e+00 -1.450000000000e+00
   endloop
 endfacet
 facet normal 7.110250085211e-01 7.004450875629e-01 6.180709155633e-02
   outer loop
     vertex 1.022529771415e+01 6.974123347162e+00 -1.305438060908e+00
     vertex 9.900473581535e+00 7.201567653409e+00 -1.462533646397e-01
     vertex 1.042167378436e+01 6.765781568552e+00 -1.203448496159e+00
   endloop
 endfacet
 facet normal 6.269139069082e-01 7.787527107792e-01 2.287288305109e-02
   outer loop
     vertex 1.022529771415e+01 6.974123347162e+00 -1.305438060908e+00
     vertex 9.916954762706e+00 7.226592494249e+00 -1.450000000000e+00
     vertex 9.900473581535e+00 7.201567653409e+00 -1.462533646397e-01
   endloop
 endfacet
 facet normal 0.000000000000e+00 0.000000000000e+00 1.000000000000e+00
   outer loop
     vertex 4.303835708148e+00 -1.665647404574e-01 1.555000000000e+01
     vertex 3.966940939573e+00 -2.538600880126e-01 1.555000000000e+01
     vertex 4.137958851210e+00 -2.203962674331e-01 1.555000000000e+01
   endloop
 endfacet
 facet normal 0.000000000000e+00 0.000000000000e+00 1.000000000000e+00
   outer loop
     vertex 4.462444493449e+00 -9.327845230983e-02 1.555000000000e+01
     vertex 3.793031941289e+00 -2.671773108896e-01 1.555000000000e+01
     vertex 3.966940939573e+00 -2.538600880126e-01 1.555000000000e+01
   endloop
 endfacet
 facet normal 0.000000000000e+00 0.000000000000e+00 1.000000000000e+00
   outer loop
     vertex 4.462444493449e+00 -9.327845230983e-02 1.555000000000e+01
     vertex 3.966940939573e+00 -2.538600880126e-01 1.555000000000e+01
     vertex 4.303835708148e+00 -1.665647404574e-01 1.555000000000e+01
   endloop
 endfacet
 facet normal 0.000000000000e+00 0.000000000000e+00 1.000000000000e+00
   outer loop
     vertex 4.611713068154e+00 -1.956521647798e-03 1.555000000000e+01
     vertex 3.793031941289e+00 -2.671773108896e-01 1.555000000000e+01
     vertex 4.462444493449e+00 -9.327845230983e-02 1.555000000000e+01
   endloop
 endfacet
 facet normal 0.000000000000e+00 0.000000000000e+00 1.000000000000e+00
   outer loop
     vertex 4.749569547288e+00 1.059795901924e-01 1.555000000000e+01
     vertex 3.793031941289e+00 -2.671773108896e-01 1.555000000000e+01
     vertex 4.611713068154e+00 -1.956521647798e-03 1.555000000000e+01
   endloop
 endfacet
 facet normal -6.028451474782e-14 6.089342051809e-14 1.000000000000e+00
   outer loop
     vertex 4.982758678953e+00 3.660085120628e-01 1.555000000000e+01
     vertex 4.749569547288e+00 1.059795901924e-01 1.555000000000e+01
     vertex 4.873942045879e+00 2.291084218747e-01 1.555000000000e+01
   endloop
 endfacet
 facet normal 9.700226444768e-17 2.623164624925e-15 1.000000000000e+00
   outer loop
     vertex 4.982758678953e+00 3.660085120628e-01 1.555000000000e+01
     vertex 3.618498539997e+00 -2.607232229585e-01 1.555000000000e+01
     vertex 3.793031941289e+00 -2.671773108896e-01 1.555000000000e+01
   endloop
 endfacet
 facet normal 3.197199719267e-16 2.138356095893e-15 1.000000000000e+00
   outer loop
     vertex 4.982758678953e+00 3.660085120628e-01 1.555000000000e+01
     vertex 3.445607419339e+00 -2.348731111136e-01 1.555000000000e+01
     vertex 3.618498539997e+00 -2.607232229585e-01 1.555000000000e+01
   endloop
 endfacet
 facet normal 4.674559422822e-16 1.760423864047e-15 1.000000000000e+00
   outer loop
     vertex 4.982758678953e+00 3.660085120628e-01 1.555000000000e+01
     vertex 3.276625262955e+00 -1.900022622490e-01 1.555000000000e+01
     vertex 3.445607419339e+00 -2.348731111136e-01 1.555000000000e+01
   endloop
 endfacet
 facet normal 5.474305455264e-16 1.515019729217e-15 1.000000000000e+00
   outer loop
     vertex 4.982758678953e+00 3.660085120628e-01 1.555000000000e+01
     vertex 3.185239775179e+00 -1.569814332383e-01 1.555000000000e+01
     vertex 3.276625262955e+00 -1.900022622490e-01 1.555000000000e+01
   endloop
 endfacet
 facet normal -7.503133316433e-15 2.918484561771e-14 1.000000000000e+00
   outer loop
     vertex 4.982758678953e+00 3.660085120628e-01 1.555000000000e+01
     vertex 3.095745017682e+00 -1.191239178261e-01 1.555000000000e+01
     vertex 3.185239775179e+00 -1.569814332383e-01 1.555000000000e+01
   endloop
 endfacet
 facet normal -4.099031903366e-15 1.050731783973e-14 1.000000000000e+00
   outer loop
     vertex 4.982758678953e+00 3.660085120628e-01 1.555000000000e+01
     vertex 3.793031941289e+00 -2.671773108896e-01 1.555000000000e+01
     vertex 4.749569547288e+00 1.059795901924e-01 1.555000000000e+01
   endloop
 endfacet
 facet normal 0.000000000000e+00 0.000000000000e+00 1.000000000000e+00
   outer loop
     vertex 8.108750257067e+00 4.830387153438e+00 1.555000000000e+01
     vertex 3.095745017682e+00 -1.191239178261e-01 1.555000000000e+01
     vertex 4.982758678953e+00 3.660085120628e-01 1.555000000000e+01
   endloop
 endfacet
 facet normal 0.000000000000e+00 0.000000000000e+00 1.000000000000e+00
   outer loop
     vertex 7.919228938645e+00 6.769525029468e+00 1.555000000000e+01
     vertex 3.095745017682e+00 -1.191239178261e-01 1.555000000000e+01
     vertex 8.108750257067e+00 4.830387153438e+00 1.555000000000e+01
   endloop
 endfacet
 facet normal -1.030796238694e-13 5.066623593923e-14 1.000000000000e+00
   outer loop
     vertex 8.255898074755e+00 5.094696996331e+00 1.555000000000e+01
     vertex 8.108750257067e+00 4.830387153438e+00 1.555000000000e+01
     vertex 8.189092985565e+00 4.958783140908e+00 1.555000000000e+01
   endloop
 endfacet
 facet normal -1.641884579793e-14 -1.604693168568e-15 1.000000000000e+00
   outer loop
     vertex 8.040607416655e+00 6.634584793870e+00 1.555000000000e+01
     vertex 7.919228938645e+00 6.769525029468e+00 1.555000000000e+01
     vertex 8.108750257067e+00 4.830387153438e+00 1.555000000000e+01
   endloop
 endfacet
 facet normal -1.461980664440e-15 -1.039786502576e-15 1.000000000000e+00
   outer loop
     vertex 8.145792737942e+00 6.486690100563e+00 1.555000000000e+01
     vertex 8.040607416655e+00 6.634584793870e+00 1.555000000000e+01
     vertex 8.108750257067e+00 4.830387153438e+00 1.555000000000e+01
   endloop
 endfacet
 facet normal -1.881188822712e-15 -1.030411098027e-15 1.000000000000e+00
   outer loop
     vertex 8.232949066068e+00 6.327571559804e+00 1.555000000000e+01
     vertex 8.145792737942e+00 6.486690100563e+00 1.555000000000e+01
     vertex 8.108750257067e+00 4.830387153438e+00 1.555000000000e+01
   endloop
 endfacet
 facet normal 0.000000000000e+00 0.000000000000e+00 1.000000000000e+00
   outer loop
     vertex 8.376070311591e+00 5.622802872050e+00 1.555000000000e+01
     vertex 8.317353323281e+00 5.265391442792e+00 1.555000000000e+01
     vertex 8.357667671182e+00 5.442273245204e+00 1.555000000000e+01
   endloop
 endfacet
 facet normal 0.000000000000e+00 0.000000000000e+00 1.000000000000e+00
   outer loop
     vertex 8.376070311591e+00 5.622802872050e+00 1.555000000000e+01
     vertex 8.255898074755e+00 5.094696996331e+00 1.555000000000e+01
     vertex 8.317353323281e+00 5.265391442792e+00 1.555000000000e+01
   endloop
 endfacet
 facet normal -2.041713441846e-14 4.645986393384e-15 1.000000000000e+00
   outer loop
     vertex 8.376070311591e+00 5.622802872050e+00 1.555000000000e+01
     vertex 8.108750257067e+00 4.830387153438e+00 1.555000000000e+01
     vertex 8.255898074755e+00 5.094696996331e+00 1.555000000000e+01
   endloop
 endfacet
 facet normal -6.283661693901e-15 -1.219158713089e-16 1.000000000000e+00
   outer loop
     vertex 8.372548893359e+00 5.804300166976e+00 1.555000000000e+01
     vertex 8.108750257067e+00 4.830387153438e+00 1.555000000000e+01
     vertex 8.376070311591e+00 5.622802872050e+00 1.555000000000e+01
   endloop
 endfacet
 facet normal -3.392441743635e-15 -9.050452365601e-16 1.000000000000e+00
   outer loop
     vertex 8.372548893359e+00 5.804300166976e+00 1.555000000000e+01
     vertex 8.232949066068e+00 6.327571559804e+00 1.555000000000e+01
     vertex 8.108750257067e+00 4.830387153438e+00 1.555000000000e+01
   endloop
 endfacet
 facet normal 0.000000000000e+00 0.000000000000e+00 1.000000000000e+00
   outer loop
     vertex 8.347315922970e+00 5.984043282909e+00 1.555000000000e+01
     vertex 8.300586109372e+00 6.159311450986e+00 1.555000000000e+01
     vertex 8.232949066068e+00 6.327571559804e+00 1.555000000000e+01
   endloop
 endfacet
 facet normal 0.000000000000e+00 0.000000000000e+00 1.000000000000e+00
   outer loop
     vertex 8.347315922970e+00 5.984043282909e+00 1.555000000000e+01
     vertex 8.232949066068e+00 6.327571559804e+00 1.555000000000e+01
     vertex 8.372548893359e+00 5.804300166976e+00 1.555000000000e+01
   endloop
 endfacet
 facet normal 4.809074402292e-02 -3.822548867155e-02 9.981112625129e-01
   outer loop
     vertex 4.873942045879e+00 2.291084218747e-01 1.555000000000e+01
     vertex 5.133164594484e+00 2.606931562166e-01 1.553871983140e+01
     vertex 4.982758678953e+00 3.660085120628e-01 1.555000000000e+01
   endloop
 endfacet
 facet normal 6.888527549105e-02 -2.176467741684e-01 9.735937040237e-01
   outer loop
     vertex 5.281308371234e+00 1.569617669976e-01 1.550504898186e+01
     vertex 5.133164594484e+00 2.606931562166e-01 1.553871983140e+01
     vertex 4.873942045879e+00 2.291084218747e-01 1.555000000000e+01
   endloop
 endfacet
 facet normal 9.278328730470e-02 -9.372044802102e-02 9.912657258373e-01
   outer loop
     vertex 4.749569547288e+00 1.059795901924e-01 1.555000000000e+01
     vertex 5.281308371234e+00 1.569617669976e-01 1.550504898186e+01
     vertex 4.873942045879e+00 2.291084218747e-01 1.555000000000e+01
   endloop
 endfacet
 facet normal 7.410109282957e-01 -6.704970714401e-01 3.655791756448e-02
   outer loop
     vertex 5.998759833966e+00 -7.387052094838e-01 1.383136942793e+01
     vertex 6.211117805063e+00 -4.940978076681e-01 1.401324437375e+01
     vertex 6.205565915444e+00 -4.902103327053e-01 1.419707736825e+01
   endloop
 endfacet
 facet normal 7.829991395140e-01 -6.161010747894e-01 -8.562600751931e-02
   outer loop
     vertex 5.998759833966e+00 -7.387052094838e-01 1.383136942793e+01
     vertex 6.198194897287e+00 -4.850490902275e-01 1.382996419213e+01
     vertex 6.211117805063e+00 -4.940978076681e-01 1.401324437375e+01
   endloop
 endfacet
 facet normal -2.124781867636e-02 -5.880355921052e-02 9.980434217135e-01
   outer loop
     vertex 2.991057147344e+00 -2.651451976801e-01 1.553949307078e+01
     vertex 3.276625262955e+00 -1.900022622490e-01 1.555000000000e+01
     vertex 3.185239775179e+00 -1.569814332383e-01 1.555000000000e+01
   endloop
 endfacet
 facet normal -2.331307616161e-02 -5.511186021835e-02 9.982079860145e-01
   outer loop
     vertex 2.991057147344e+00 -2.651451976801e-01 1.553949307078e+01
     vertex 3.185239775179e+00 -1.569814332383e-01 1.555000000000e+01
     vertex 3.095745017682e+00 -1.191239178261e-01 1.555000000000e+01
   endloop
 endfacet
 facet normal 2.592045894122e-02 -2.343887968140e-01 9.717973151519e-01
   outer loop
     vertex 2.884836304644e+00 -4.065402106144e-01 1.550822305851e+01
     vertex 3.276625262955e+00 -1.900022622490e-01 1.555000000000e+01
     vertex 2.991057147344e+00 -2.651451976801e-01 1.553949307078e+01
   endloop
 endfacet
 facet normal -4.255169723995e-01 -8.859681746327e-01 1.843792280545e-01
   outer loop
     vertex 2.056885899756e+00 -1.226794741753e+00 1.427430117142e+01
     vertex 2.307691199772e+00 -1.398853997262e+00 1.402634963648e+01
     vertex 2.099989404019e+00 -1.211210172883e+00 1.444866302881e+01
   endloop
 endfacet
 facet normal -4.938470331014e-01 -8.637939492506e-01 9.987552820861e-02
   outer loop
     vertex 2.036134387381e+00 -1.227854897084e+00 1.416252375428e+01
     vertex 2.307691199772e+00 -1.398853997262e+00 1.402634963648e+01
     vertex 2.056885899756e+00 -1.226794741753e+00 1.427430117142e+01
   endloop
 endfacet
 facet normal -5.221394213840e-01 -8.523634942001e-01 2.910151872039e-02
   outer loop
     vertex 2.020500173717e+00 -1.222119518730e+00 1.405000000000e+01
     vertex 2.307691199772e+00 -1.398853997262e+00 1.402634963648e+01
     vertex 2.036134387381e+00 -1.227854897084e+00 1.416252375428e+01
   endloop
 endfacet
 facet normal 1.990596877069e-01 -2.404259900330e-01 9.500371487719e-01
   outer loop
     vertex 5.032825500273e+00 -5.644223867548e-01 1.537455242515e+01
     vertex 5.424961893497e+00 5.637448781881e-02 1.544949386854e+01
     vertex 5.281308371234e+00 1.569617669976e-01 1.550504898186e+01
   endloop
 endfacet
 facet normal 2.983827133976e-01 -2.979397168639e-01 9.067522712740e-01
   outer loop
     vertex 5.032825500273e+00 -5.644223867548e-01 1.537455242515e+01
     vertex 5.561964580004e+00 -3.955582602862e-02 1.537289005282e+01
     vertex 5.424961893497e+00 5.637448781881e-02 1.544949386854e+01
   endloop
 endfacet
 facet normal 1.024178023250e-01 -2.111246689943e-01 9.720786840112e-01
   outer loop
     vertex 5.032825500273e+00 -5.644223867548e-01 1.537455242515e+01
     vertex 5.281308371234e+00 1.569617669976e-01 1.550504898186e+01
     vertex 4.749569547288e+00 1.059795901924e-01 1.555000000000e+01
   endloop
 endfacet
 facet normal 5.448700574903e-01 -8.372844239836e-01 4.551278726869e-02
   outer loop
     vertex 5.470690852300e+00 -1.180790147546e+00 1.438874372074e+01
     vertex 5.224622075801e+00 -1.370082226896e+00 1.385228347096e+01
     vertex 5.509877989147e+00 -1.184978369280e+00 1.384255369765e+01
   endloop
 endfacet
 facet normal 6.340276677803e-01 -7.715998674615e-01 5.140584618969e-02
   outer loop
     vertex 5.470690852300e+00 -1.180790147546e+00 1.438874372074e+01
     vertex 5.509877989147e+00 -1.184978369280e+00 1.384255369765e+01
     vertex 5.773068389966e+00 -9.691851017318e-01 1.383547397032e+01
   endloop
 endfacet
 facet normal -8.778166042048e-03 -2.373818257164e-01 9.713767614167e-01
   outer loop
     vertex 3.877517431910e+00 -9.487896659916e-01 1.538419331817e+01
     vertex 3.793031941289e+00 -2.671773108896e-01 1.555000000000e+01
     vertex 3.618498539997e+00 -2.607232229585e-01 1.555000000000e+01
   endloop
 endfacet
 facet normal -3.417908394498e-02 -2.285970815815e-01 9.729209446369e-01
   outer loop
     vertex 3.391094875617e+00 -9.093477800187e-01 1.538961067898e+01
     vertex 3.618498539997e+00 -2.607232229585e-01 1.555000000000e+01
     vertex 3.445607419339e+00 -2.348731111136e-01 1.555000000000e+01
   endloop
 endfacet
 facet normal -6.009865284725e-02 -2.263295705534e-01 9.721949791164e-01
   outer loop
     vertex 3.391094875617e+00 -9.093477800187e-01 1.538961067898e+01
     vertex 3.445607419339e+00 -2.348731111136e-01 1.555000000000e+01
     vertex 3.276625262955e+00 -1.900022622490e-01 1.555000000000e+01
   endloop
 endfacet
 facet normal -8.419220333750e-03 -2.372549383048e-01 9.714109382640e-01
   outer loop
     vertex 3.391094875617e+00 -9.093477800187e-01 1.538961067898e+01
     vertex 3.877517431910e+00 -9.487896659916e-01 1.538419331817e+01
     vertex 3.618498539997e+00 -2.607232229585e-01 1.555000000000e+01
   endloop
 endfacet
 facet normal 2.317318661228e-01 -9.704630565311e-01 6.709544046785e-02
   outer loop
     vertex 4.570837243595e+00 -1.608204385828e+00 1.441718270772e+01
     vertex 4.271854506275e+00 -1.715611959630e+00 1.389626423002e+01
     vertex 4.601678584131e+00 -1.638028454667e+00 1.387929103955e+01
   endloop
 endfacet
 facet normal -5.735801098411e-02 -2.259500413532e-01 9.724487839411e-01
   outer loop
     vertex 2.926574468417e+00 -7.663833329936e-01 1.539542986061e+01
     vertex 3.391094875617e+00 -9.093477800187e-01 1.538961067898e+01
     vertex 3.276625262955e+00 -1.900022622490e-01 1.555000000000e+01
   endloop
 endfacet
 facet normal 5.974738604924e-02 -2.922506357124e-01 9.544735804547e-01
   outer loop
     vertex 2.926574468417e+00 -7.663833329936e-01 1.539542986061e+01
     vertex 3.276625262955e+00 -1.900022622490e-01 1.555000000000e+01
     vertex 2.884836304644e+00 -4.065402106144e-01 1.550822305851e+01
   endloop
 endfacet
 facet normal -7.175007478475e-02 -3.058990468378e-01 9.493564661981e-01
   outer loop
     vertex 2.926574468417e+00 -7.663833329936e-01 1.539542986061e+01
     vertex 2.884836304644e+00 -4.065402106144e-01 1.550822305851e+01
     vertex 2.778266072236e+00 -5.418607384091e-01 1.545656612630e+01
   endloop
 endfacet
 facet normal -1.770019415169e-01 -3.657242928753e-01 9.137374099270e-01
   outer loop
     vertex 2.926574468417e+00 -7.663833329936e-01 1.539542986061e+01
     vertex 2.778266072236e+00 -5.418607384091e-01 1.545656612630e+01
     vertex 2.672862991134e+00 -6.692828296091e-01 1.538514746325e+01
   endloop
 endfacet
 facet normal -2.143600758626e-01 -4.693894466286e-01 8.565765028705e-01
   outer loop
     vertex 2.926574468417e+00 -7.663833329936e-01 1.539542986061e+01
     vertex 2.672862991134e+00 -6.692828296091e-01 1.538514746325e+01
     vertex 2.570665177793e+00 -7.865756472088e-01 1.529529776330e+01
   endloop
 endfacet
 facet normal 9.248012227956e-03 -9.960570711992e-01 8.823142968264e-02
   outer loop
     vertex 3.919322520900e+00 -1.707961516282e+00 1.444426061887e+01
     vertex 3.597996647874e+00 -1.756005784915e+00 1.393556198323e+01
     vertex 3.935822732915e+00 -1.754677465368e+00 1.391514819537e+01
   endloop
 endfacet
 facet normal 1.200439679120e-01 -9.885866335362e-01 9.102699468538e-02
   outer loop
     vertex 3.919322520900e+00 -1.707961516282e+00 1.444426061887e+01
     vertex 3.935822732915e+00 -1.754677465368e+00 1.391514819537e+01
     vertex 4.271854506275e+00 -1.715611959630e+00 1.389626423002e+01
   endloop
 endfacet
 facet normal 1.549789564475e-01 -9.813877108364e-01 1.134005470786e-01
   outer loop
     vertex 3.919322520900e+00 -1.707961516282e+00 1.444426061887e+01
     vertex 4.271854506275e+00 -1.715611959630e+00 1.389626423002e+01
     vertex 4.570837243595e+00 -1.608204385828e+00 1.441718270772e+01
   endloop
 endfacet
 facet normal 1.546290511258e-01 -8.981722977780e-01 4.115536174694e-01
   outer loop
     vertex 3.919322520900e+00 -1.707961516282e+00 1.444426061887e+01
     vertex 4.570837243595e+00 -1.608204385828e+00 1.441718270772e+01
     vertex 4.509708597782e+00 -1.394167620390e+00 1.490726261314e+01
   endloop
 endfacet
 facet normal 1.410540414318e-01 -8.937299461309e-01 4.258527219411e-01
   outer loop
     vertex 3.919322520900e+00 -1.707961516282e+00 1.444426061887e+01
     vertex 4.509708597782e+00 -1.394167620390e+00 1.490726261314e+01
     vertex 3.907141421774e+00 -1.481350852243e+00 1.492387932107e+01
   endloop
 endfacet
 facet normal -5.964822392846e-02 -8.947055791003e-01 4.426556405481e-01
   outer loop
     vertex 3.263940099377e+00 -1.660123532706e+00 1.447586801624e+01
     vertex 3.907141421774e+00 -1.481350852243e+00 1.492387932107e+01
     vertex 3.303033561323e+00 -1.431522879705e+00 1.494318869681e+01
   endloop
 endfacet
 facet normal -4.542525052279e-02 -9.036701251059e-01 4.258131651393e-01
   outer loop
     vertex 3.263940099377e+00 -1.660123532706e+00 1.447586801624e+01
     vertex 3.919322520900e+00 -1.707961516282e+00 1.444426061887e+01
     vertex 3.907141421774e+00 -1.481350852243e+00 1.492387932107e+01
   endloop
 endfacet
 facet normal -2.040362468962e-01 -9.723451090738e-01 1.136406565129e-01
   outer loop
     vertex 3.263940099377e+00 -1.660123532706e+00 1.447586801624e+01
     vertex 2.932913099059e+00 -1.648654345770e+00 1.397965917097e+01
     vertex 3.262399520495e+00 -1.720422094665e+00 1.395716856882e+01
   endloop
 endfacet
 facet normal -9.740001293455e-02 -9.885546457202e-01 1.152082892215e-01
   outer loop
     vertex 3.263940099377e+00 -1.660123532706e+00 1.447586801624e+01
     vertex 3.262399520495e+00 -1.720422094665e+00 1.395716856882e+01
     vertex 3.597996647874e+00 -1.756005784915e+00 1.393556198323e+01
   endloop
 endfacet
 facet normal -6.566308231815e-02 -9.886874011072e-01 1.348539302814e-01
   outer loop
     vertex 3.263940099377e+00 -1.660123532706e+00 1.447586801624e+01
     vertex 3.597996647874e+00 -1.756005784915e+00 1.393556198323e+01
     vertex 3.919322520900e+00 -1.707961516282e+00 1.444426061887e+01
   endloop
 endfacet
 facet normal -2.920963072548e-01 -6.449351201467e-01 7.062141587999e-01
   outer loop
     vertex 2.726908945024e+00 -1.252956799491e+00 1.496401069407e+01
     vertex 2.472908300329e+00 -8.925892099129e-01 1.518805188944e+01
     vertex 2.380893294228e+00 -9.861235876796e-01 1.506457539499e+01
   endloop
 endfacet
 facet normal -3.568192631578e-01 -6.970856166478e-01 6.218936054521e-01
   outer loop
     vertex 2.726908945024e+00 -1.252956799491e+00 1.496401069407e+01
     vertex 2.380893294228e+00 -9.861235876796e-01 1.506457539499e+01
     vertex 2.296500281315e+00 -1.065514940056e+00 1.492716342972e+01
   endloop
 endfacet
 facet normal -3.779594463627e-01 -7.655218993485e-01 5.206946115749e-01
   outer loop
     vertex 2.726908945024e+00 -1.252956799491e+00 1.496401069407e+01
     vertex 2.296500281315e+00 -1.065514940056e+00 1.492716342972e+01
     vertex 2.220858766010e+00 -1.129951709975e+00 1.477752258073e+01
   endloop
 endfacet
 facet normal -3.667600397215e-01 -8.069195762547e-01 4.629987804741e-01
   outer loop
     vertex 2.636634547045e+00 -1.472363409196e+00 1.451011634449e+01
     vertex 2.726908945024e+00 -1.252956799491e+00 1.496401069407e+01
     vertex 2.220858766010e+00 -1.129951709975e+00 1.477752258073e+01
   endloop
 endfacet
 facet normal -4.092159704542e-01 -9.014339507517e-01 1.412767566070e-01
   outer loop
     vertex 2.636634547045e+00 -1.472363409196e+00 1.451011634449e+01
     vertex 2.307691199772e+00 -1.398853997262e+00 1.402634963648e+01
     vertex 2.613259660626e+00 -1.541259519288e+00 1.400280947205e+01
   endloop
 endfacet
 facet normal -3.060009388256e-01 -9.413896118884e-01 1.419472580449e-01
   outer loop
     vertex 2.636634547045e+00 -1.472363409196e+00 1.451011634449e+01
     vertex 2.613259660626e+00 -1.541259519288e+00 1.400280947205e+01
     vertex 2.932913099059e+00 -1.648654345770e+00 1.397965917097e+01
   endloop
 endfacet
 facet normal -2.348054266053e-01 -8.652726112437e-01 4.429105099998e-01
   outer loop
     vertex 2.636634547045e+00 -1.472363409196e+00 1.451011634449e+01
     vertex 3.263940099377e+00 -1.660123532706e+00 1.447586801624e+01
     vertex 3.303033561323e+00 -1.431522879705e+00 1.494318869681e+01
   endloop
 endfacet
 facet normal -4.046341761485e-01 -8.151008288552e-01 4.145863267067e-01
   outer loop
     vertex 2.636634547045e+00 -1.472363409196e+00 1.451011634449e+01
     vertex 2.220858766010e+00 -1.129951709975e+00 1.477752258073e+01
     vertex 2.154944421618e+00 -1.178781523438e+00 1.461718825810e+01
   endloop
 endfacet
 facet normal -4.446454343388e-01 -8.414815048835e-01 3.069190685844e-01
   outer loop
     vertex 2.636634547045e+00 -1.472363409196e+00 1.451011634449e+01
     vertex 2.154944421618e+00 -1.178781523438e+00 1.461718825810e+01
     vertex 2.099989404019e+00 -1.211210172883e+00 1.444866302881e+01
   endloop
 endfacet
 facet normal -2.474477864242e-01 -8.521344527771e-01 4.611252187682e-01
   outer loop
     vertex 2.636634547045e+00 -1.472363409196e+00 1.451011634449e+01
     vertex 3.303033561323e+00 -1.431522879705e+00 1.494318869681e+01
     vertex 2.726908945024e+00 -1.252956799491e+00 1.496401069407e+01
   endloop
 endfacet
 facet normal -4.468869532084e-01 -8.782077017185e-01 1.704209015773e-01
   outer loop
     vertex 2.636634547045e+00 -1.472363409196e+00 1.451011634449e+01
     vertex 2.099989404019e+00 -1.211210172883e+00 1.444866302881e+01
     vertex 2.307691199772e+00 -1.398853997262e+00 1.402634963648e+01
   endloop
 endfacet
 facet normal -2.748795249539e-01 -9.478234948262e-01 1.614678587726e-01
   outer loop
     vertex 2.636634547045e+00 -1.472363409196e+00 1.451011634449e+01
     vertex 2.932913099059e+00 -1.648654345770e+00 1.397965917097e+01
     vertex 3.263940099377e+00 -1.660123532706e+00 1.447586801624e+01
   endloop
 endfacet
 facet normal 7.743261327513e-02 -9.889727593737e-02 9.920803995713e-01
   outer loop
     vertex 4.735536770725e+00 -3.525534815862e-01 1.550538559457e+01
     vertex 4.749569547288e+00 1.059795901924e-01 1.555000000000e+01
     vertex 4.611713068154e+00 -1.956521647798e-03 1.555000000000e+01
   endloop
 endfacet
 facet normal 6.354337655487e-02 -1.038636522628e-01 9.925596108218e-01
   outer loop
     vertex 4.735536770725e+00 -3.525534815862e-01 1.550538559457e+01
     vertex 4.611713068154e+00 -1.956521647798e-03 1.555000000000e+01
     vertex 4.462444493449e+00 -9.327845230983e-02 1.555000000000e+01
   endloop
 endfacet
 facet normal 3.393187051624e-01 -1.013768830870e-01 9.351927843511e-01
   outer loop
     vertex 4.735536770725e+00 -3.525534815862e-01 1.550538559457e+01
     vertex 5.032825500273e+00 -5.644223867548e-01 1.537455242515e+01
     vertex 4.749569547288e+00 1.059795901924e-01 1.555000000000e+01
   endloop
 endfacet
 facet normal 3.824177081916e-01 -3.828672360236e-01 8.409336335533e-01
   outer loop
     vertex 5.429303223821e+00 -6.332393345241e-01 1.516292115025e+01
     vertex 5.561964580004e+00 -3.955582602862e-02 1.537289005282e+01
     vertex 5.032825500273e+00 -5.644223867548e-01 1.537455242515e+01
   endloop
 endfacet
 facet normal 3.695387572986e-01 -3.821357830174e-01 8.470025679960e-01
   outer loop
     vertex 5.429303223821e+00 -6.332393345241e-01 1.516292115025e+01
     vertex 5.690255879552e+00 -1.293863610590e-01 1.527638967332e+01
     vertex 5.561964580004e+00 -3.955582602862e-02 1.537289005282e+01
   endloop
 endfacet
 facet normal 4.681637622533e-01 -4.178157355394e-01 7.786223107827e-01
   outer loop
     vertex 5.429303223821e+00 -6.332393345241e-01 1.516292115025e+01
     vertex 5.807906262156e+00 -2.117660458311e-01 1.516144411744e+01
     vertex 5.690255879552e+00 -1.293863610590e-01 1.527638967332e+01
   endloop
 endfacet
 facet normal 4.649411732204e-01 -5.916976785092e-01 6.585769223798e-01
   outer loop
     vertex 5.624273849157e+00 -6.269685933180e-01 1.503091001333e+01
     vertex 5.429303223821e+00 -6.332393345241e-01 1.516292115025e+01
     vertex 5.344998121720e+00 -1.003574834499e+00 1.488971123898e+01
   endloop
 endfacet
 facet normal 5.486316182520e-01 -4.617645304501e-01 6.969769478773e-01
   outer loop
     vertex 5.624273849157e+00 -6.269685933180e-01 1.503091001333e+01
     vertex 5.913146239612e+00 -2.854558713670e-01 1.502978219217e+01
     vertex 5.807906262156e+00 -2.117660458311e-01 1.516144411744e+01
   endloop
 endfacet
 facet normal 6.094791321940e-01 -5.135401483104e-01 6.039964432787e-01
   outer loop
     vertex 5.624273849157e+00 -6.269685933180e-01 1.503091001333e+01
     vertex 6.004392979002e+00 -3.493475261247e-01 1.488338412248e+01
     vertex 5.913146239612e+00 -2.854558713670e-01 1.502978219217e+01
   endloop
 endfacet
 facet normal 5.092714314138e-01 -4.549106064210e-01 7.305470206027e-01
   outer loop
     vertex 5.624273849157e+00 -6.269685933180e-01 1.503091001333e+01
     vertex 5.807906262156e+00 -2.117660458311e-01 1.516144411744e+01
     vertex 5.429303223821e+00 -6.332393345241e-01 1.516292115025e+01
   endloop
 endfacet
 facet normal 5.095217173188e-02 -1.102724980501e-01 9.925945055105e-01
   outer loop
     vertex 4.454118416827e+00 -4.930555972138e-01 1.550601406969e+01
     vertex 4.462444493449e+00 -9.327845230983e-02 1.555000000000e+01
     vertex 4.303835708148e+00 -1.665647404574e-01 1.555000000000e+01
   endloop
 endfacet
 facet normal 3.775353782683e-02 -1.163340247777e-01 9.924923501270e-01
   outer loop
     vertex 4.454118416827e+00 -4.930555972138e-01 1.550601406969e+01
     vertex 4.303835708148e+00 -1.665647404574e-01 1.555000000000e+01
     vertex 4.137958851210e+00 -2.203962674331e-01 1.555000000000e+01
   endloop
 endfacet
 facet normal 5.731756238959e-02 -1.103657248991e-01 9.922369191928e-01
   outer loop
     vertex 4.454118416827e+00 -4.930555972138e-01 1.550601406969e+01
     vertex 4.735536770725e+00 -3.525534815862e-01 1.550538559457e+01
     vertex 4.462444493449e+00 -9.327845230983e-02 1.555000000000e+01
   endloop
 endfacet
 facet normal 3.706518993896e-02 -1.171214375852e-01 9.924256851537e-01
   outer loop
     vertex 4.143870934660e+00 -5.843279975184e-01 1.550682967446e+01
     vertex 4.454118416827e+00 -4.930555972138e-01 1.550601406969e+01
     vertex 4.137958851210e+00 -2.203962674331e-01 1.555000000000e+01
   endloop
 endfacet
 facet normal 1.001133071162e-01 -3.319172018553e-01 9.379809682775e-01
   outer loop
     vertex 4.143870934660e+00 -5.843279975184e-01 1.550682967446e+01
     vertex 4.362088332585e+00 -8.782935608210e-01 1.537951505227e+01
     vertex 4.454118416827e+00 -4.930555972138e-01 1.550601406969e+01
   endloop
 endfacet
 facet normal -1.050590642577e-01 -2.473312380062e-01 9.632184859748e-01
   outer loop
     vertex 4.143870934660e+00 -5.843279975184e-01 1.550682967446e+01
     vertex 3.793031941289e+00 -2.671773108896e-01 1.555000000000e+01
     vertex 3.877517431910e+00 -9.487896659916e-01 1.538419331817e+01
   endloop
 endfacet
 facet normal 2.297159937557e-02 -1.173970838993e-01 9.928193341762e-01
   outer loop
     vertex 4.143870934660e+00 -5.843279975184e-01 1.550682967446e+01
     vertex 4.137958851210e+00 -2.203962674331e-01 1.555000000000e+01
     vertex 3.966940939573e+00 -2.538600880126e-01 1.555000000000e+01
   endloop
 endfacet
 facet normal 9.534218062606e-03 -1.245069131909e-01 9.921729321311e-01
   outer loop
     vertex 4.143870934660e+00 -5.843279975184e-01 1.550682967446e+01
     vertex 3.966940939573e+00 -2.538600880126e-01 1.555000000000e+01
     vertex 3.793031941289e+00 -2.671773108896e-01 1.555000000000e+01
   endloop
 endfacet
 facet normal 6.109801933787e-02 -3.581438251266e-01 9.316651933805e-01
   outer loop
     vertex 4.143870934660e+00 -5.843279975184e-01 1.550682967446e+01
     vertex 3.877517431910e+00 -9.487896659916e-01 1.538419331817e+01
     vertex 4.362088332585e+00 -8.782935608210e-01 1.537951505227e+01
   endloop
 endfacet
 facet normal 6.958940124232e-01 -7.124126361768e-01 9.055252226771e-02
   outer loop
     vertex 5.819752989399e+00 -8.212692443087e-01 1.455746880062e+01
     vertex 5.998759833966e+00 -7.387052094838e-01 1.383136942793e+01
     vertex 6.205565915444e+00 -4.902103327053e-01 1.419707736825e+01
   endloop
 endfacet
 facet normal 6.319328434572e-01 -5.923779143785e-01 4.997492250286e-01
   outer loop
     vertex 5.819752989399e+00 -8.212692443087e-01 1.455746880062e+01
     vertex 6.080274108852e+00 -4.024800652536e-01 1.472445176823e+01
     vertex 6.004392979002e+00 -3.493475261247e-01 1.488338412248e+01
   endloop
 endfacet
 facet normal 7.024967809948e-01 -5.935702744899e-01 3.926481910489e-01
   outer loop
     vertex 5.819752989399e+00 -8.212692443087e-01 1.455746880062e+01
     vertex 6.139648359911e+00 -4.440543634210e-01 1.455537550777e+01
     vertex 6.080274108852e+00 -4.024800652536e-01 1.472445176823e+01
   endloop
 endfacet
 facet normal 7.334845646484e-01 -6.204884378018e-01 2.774788135638e-01
   outer loop
     vertex 5.819752989399e+00 -8.212692443087e-01 1.455746880062e+01
     vertex 6.181622730096e+00 -4.734451338363e-01 1.437869828607e+01
     vertex 6.139648359911e+00 -4.440543634210e-01 1.455537550777e+01
   endloop
 endfacet
 facet normal 7.236564239128e-01 -6.719655527773e-01 1.574283202300e-01
   outer loop
     vertex 5.819752989399e+00 -8.212692443087e-01 1.455746880062e+01
     vertex 6.205565915444e+00 -4.902103327053e-01 1.419707736825e+01
     vertex 6.181622730096e+00 -4.734451338363e-01 1.437869828607e+01
   endloop
 endfacet
 facet normal 7.120169823262e-01 -6.955064813029e-01 9.644973480941e-02
   outer loop
     vertex 5.819752989399e+00 -8.212692443087e-01 1.455746880062e+01
     vertex 5.773068389966e+00 -9.691851017318e-01 1.383547397032e+01
     vertex 5.998759833966e+00 -7.387052094838e-01 1.383136942793e+01
   endloop
 endfacet
 facet normal 6.892548787421e-01 -7.172495060919e-01 1.023760623441e-01
   outer loop
     vertex 5.819752989399e+00 -8.212692443087e-01 1.455746880062e+01
     vertex 5.470690852300e+00 -1.180790147546e+00 1.438874372074e+01
     vertex 5.773068389966e+00 -9.691851017318e-01 1.383547397032e+01
   endloop
 endfacet
 facet normal 6.285122082730e-01 -5.932758258883e-01 5.029872746586e-01
   outer loop
     vertex 5.819752989399e+00 -8.212692443087e-01 1.455746880062e+01
     vertex 6.004392979002e+00 -3.493475261247e-01 1.488338412248e+01
     vertex 5.624273849157e+00 -6.269685933180e-01 1.503091001333e+01
   endloop
 endfacet
 facet normal 5.107278904467e-01 -7.621942842029e-01 3.977648740754e-01
   outer loop
     vertex 5.668737183711e+00 -8.999322253890e-01 1.467263132683e+01
     vertex 5.344998121720e+00 -1.003574834499e+00 1.488971123898e+01
     vertex 5.470690852300e+00 -1.180790147546e+00 1.438874372074e+01
   endloop
 endfacet
 facet normal 6.684900637863e-01 -5.492618820219e-01 5.014303736081e-01
   outer loop
     vertex 5.668737183711e+00 -8.999322253890e-01 1.467263132683e+01
     vertex 5.819752989399e+00 -8.212692443087e-01 1.455746880062e+01
     vertex 5.624273849157e+00 -6.269685933180e-01 1.503091001333e+01
   endloop
 endfacet
 facet normal 5.636534669790e-01 -6.218319953946e-01 5.437092409240e-01
   outer loop
     vertex 5.668737183711e+00 -8.999322253890e-01 1.467263132683e+01
     vertex 5.624273849157e+00 -6.269685933180e-01 1.503091001333e+01
     vertex 5.344998121720e+00 -1.003574834499e+00 1.488971123898e+01
   endloop
 endfacet
 facet normal 6.104054700399e-01 -7.332471465879e-01 2.995893592336e-01
   outer loop
     vertex 5.668737183711e+00 -8.999322253890e-01 1.467263132683e+01
     vertex 5.470690852300e+00 -1.180790147546e+00 1.438874372074e+01
     vertex 5.819752989399e+00 -8.212692443087e-01 1.455746880062e+01
   endloop
 endfacet
 facet normal 3.341085886877e-01 -5.108932835654e-01 7.920602904911e-01
   outer loop
     vertex 5.007228790857e+00 -1.032672326478e+00 1.508331996274e+01
     vertex 5.429303223821e+00 -6.332393345241e-01 1.516292115025e+01
     vertex 5.032825500273e+00 -5.644223867548e-01 1.537455242515e+01
   endloop
 endfacet
 facet normal 4.372786776865e-01 -5.962376260370e-01 6.732667014924e-01
   outer loop
     vertex 5.007228790857e+00 -1.032672326478e+00 1.508331996274e+01
     vertex 5.344998121720e+00 -1.003574834499e+00 1.488971123898e+01
     vertex 5.429303223821e+00 -6.332393345241e-01 1.516292115025e+01
   endloop
 endfacet
 facet normal 3.619176716438e-01 -5.065240617521e-01 7.825911920141e-01
   outer loop
     vertex 4.838946280037e+00 -1.019603189404e+00 1.516960287466e+01
     vertex 5.007228790857e+00 -1.032672326478e+00 1.508331996274e+01
     vertex 5.032825500273e+00 -5.644223867548e-01 1.537455242515e+01
   endloop
 endfacet
 facet normal 2.801694518149e-01 -7.036238260400e-01 6.530073427600e-01
   outer loop
     vertex 4.838946280037e+00 -1.019603189404e+00 1.516960287466e+01
     vertex 4.509708597782e+00 -1.394167620390e+00 1.490726261314e+01
     vertex 5.007228790857e+00 -1.032672326478e+00 1.508331996274e+01
   endloop
 endfacet
 facet normal 2.528992213066e-01 -3.558390780293e-01 8.996780170760e-01
   outer loop
     vertex 4.674023962597e+00 -9.888980126243e-01 1.524808396044e+01
     vertex 4.454118416827e+00 -4.930555972138e-01 1.550601406969e+01
     vertex 4.362088332585e+00 -8.782935608210e-01 1.537951505227e+01
   endloop
 endfacet
 facet normal 1.300202599792e-01 -3.824539471506e-01 9.147806897305e-01
   outer loop
     vertex 4.674023962597e+00 -9.888980126243e-01 1.524808396044e+01
     vertex 5.032825500273e+00 -5.644223867548e-01 1.537455242515e+01
     vertex 4.735536770725e+00 -3.525534815862e-01 1.550538559457e+01
   endloop
 endfacet
 facet normal 2.967830999539e-01 -4.943005479026e-01 8.170598264050e-01
   outer loop
     vertex 4.674023962597e+00 -9.888980126243e-01 1.524808396044e+01
     vertex 4.838946280037e+00 -1.019603189404e+00 1.516960287466e+01
     vertex 5.032825500273e+00 -5.644223867548e-01 1.537455242515e+01
   endloop
 endfacet
 facet normal 2.092849090588e-01 -6.776888043412e-01 7.049380904100e-01
   outer loop
     vertex 4.674023962597e+00 -9.888980126243e-01 1.524808396044e+01
     vertex 4.509708597782e+00 -1.394167620390e+00 1.490726261314e+01
     vertex 4.838946280037e+00 -1.019603189404e+00 1.516960287466e+01
   endloop
 endfacet
 facet normal 1.936313061733e-01 -3.837946490718e-01 9.028890212055e-01
   outer loop
     vertex 4.674023962597e+00 -9.888980126243e-01 1.524808396044e+01
     vertex 4.735536770725e+00 -3.525534815862e-01 1.550538559457e+01
     vertex 4.454118416827e+00 -4.930555972138e-01 1.550601406969e+01
   endloop
 endfacet
 facet normal 5.450757275815e-01 -7.379911393568e-01 3.978209766117e-01
   outer loop
     vertex 5.125673768207e+00 -1.247475475373e+00 1.473776316728e+01
     vertex 5.470690852300e+00 -1.180790147546e+00 1.438874372074e+01
     vertex 5.344998121720e+00 -1.003574834499e+00 1.488971123898e+01
   endloop
 endfacet
 facet normal 3.933263421200e-01 -7.143076432574e-01 5.788427933201e-01
   outer loop
     vertex 5.125673768207e+00 -1.247475475373e+00 1.473776316728e+01
     vertex 5.344998121720e+00 -1.003574834499e+00 1.488971123898e+01
     vertex 5.007228790857e+00 -1.032672326478e+00 1.508331996274e+01
   endloop
 endfacet
 facet normal 3.361077944905e-01 -7.438969945614e-01 5.776234170853e-01
   outer loop
     vertex 5.125673768207e+00 -1.247475475373e+00 1.473776316728e+01
     vertex 5.007228790857e+00 -1.032672326478e+00 1.508331996274e+01
     vertex 4.509708597782e+00 -1.394167620390e+00 1.490726261314e+01
   endloop
 endfacet
 facet normal 4.874116547245e-01 -8.095729647304e-01 3.271413969775e-01
   outer loop
     vertex 4.999869021852e+00 -1.354996847464e+00 1.465911920286e+01
     vertex 5.470690852300e+00 -1.180790147546e+00 1.438874372074e+01
     vertex 5.125673768207e+00 -1.247475475373e+00 1.473776316728e+01
   endloop
 endfacet
 facet normal 3.320066164346e-01 -7.782834482875e-01 5.329601117958e-01
   outer loop
     vertex 4.999869021852e+00 -1.354996847464e+00 1.465911920286e+01
     vertex 5.125673768207e+00 -1.247475475373e+00 1.473776316728e+01
     vertex 4.509708597782e+00 -1.394167620390e+00 1.490726261314e+01
   endloop
 endfacet
 facet normal 1.270853872995e-01 -7.559571305856e-01 6.421667392911e-01
   outer loop
     vertex 4.170673869537e+00 -1.219111783185e+00 1.518043320482e+01
     vertex 3.907141421774e+00 -1.481350852243e+00 1.492387932107e+01
     vertex 4.509708597782e+00 -1.394167620390e+00 1.490726261314e+01
   endloop
 endfacet
 facet normal 1.458451525937e-01 -5.587864435025e-01 8.163864905930e-01
   outer loop
     vertex 4.170673869537e+00 -1.219111783185e+00 1.518043320482e+01
     vertex 4.674023962597e+00 -9.888980126243e-01 1.524808396044e+01
     vertex 4.362088332585e+00 -8.782935608210e-01 1.537951505227e+01
   endloop
 endfacet
 facet normal 2.157888222655e-01 -6.782329366917e-01 7.024494770243e-01
   outer loop
     vertex 4.170673869537e+00 -1.219111783185e+00 1.518043320482e+01
     vertex 4.509708597782e+00 -1.394167620390e+00 1.490726261314e+01
     vertex 4.674023962597e+00 -9.888980126243e-01 1.524808396044e+01
   endloop
 endfacet
 facet normal 8.639664396835e-02 -5.382317690354e-01 8.383568349528e-01
   outer loop
     vertex 4.170673869537e+00 -1.219111783185e+00 1.518043320482e+01
     vertex 4.362088332585e+00 -8.782935608210e-01 1.537951505227e+01
     vertex 3.877517431910e+00 -9.487896659916e-01 1.538419331817e+01
   endloop
 endfacet
 facet normal 3.069985312684e-01 -8.239142389962e-01 4.763582985300e-01
   outer loop
     vertex 4.864708233527e+00 -1.451551217656e+00 1.457922481023e+01
     vertex 4.999869021852e+00 -1.354996847464e+00 1.465911920286e+01
     vertex 4.509708597782e+00 -1.394167620390e+00 1.490726261314e+01
   endloop
 endfacet
 facet normal 2.401503802890e-01 -8.782527944501e-01 4.135212496203e-01
   outer loop
     vertex 4.864708233527e+00 -1.451551217656e+00 1.457922481023e+01
     vertex 4.509708597782e+00 -1.394167620390e+00 1.490726261314e+01
     vertex 4.570837243595e+00 -1.608204385828e+00 1.441718270772e+01
   endloop
 endfacet
 facet normal 3.424039451781e-01 -9.393899618591e-01 1.749393851570e-02
   outer loop
     vertex 5.007742552978e+00 -1.483609931077e+00 1.422348489001e+01
     vertex 4.601678584131e+00 -1.638028454667e+00 1.387929103955e+01
     vertex 4.920611602803e+00 -1.522052704520e+00 1.386457346559e+01
   endloop
 endfacet
 facet normal 3.021604889227e-01 -9.506807496739e-01 7.003678414618e-02
   outer loop
     vertex 5.007742552978e+00 -1.483609931077e+00 1.422348489001e+01
     vertex 4.570837243595e+00 -1.608204385828e+00 1.441718270772e+01
     vertex 4.601678584131e+00 -1.638028454667e+00 1.387929103955e+01
   endloop
 endfacet
 facet normal 4.466879498938e-01 -8.946008130727e-01 -1.261985219423e-02
   outer loop
     vertex 5.007742552978e+00 -1.483609931077e+00 1.422348489001e+01
     vertex 4.920611602803e+00 -1.522052704520e+00 1.386457346559e+01
     vertex 5.224622075801e+00 -1.370082226896e+00 1.385228347096e+01
   endloop
 endfacet
 facet normal 5.332245094172e-01 -8.442913387095e-01 5.332689693673e-02
   outer loop
     vertex 5.007742552978e+00 -1.483609931077e+00 1.422348489001e+01
     vertex 5.224622075801e+00 -1.370082226896e+00 1.385228347096e+01
     vertex 5.470690852300e+00 -1.180790147546e+00 1.438874372074e+01
   endloop
 endfacet
 facet normal 4.623826134981e-01 -8.480895917543e-01 2.587399526409e-01
   outer loop
     vertex 5.007742552978e+00 -1.483609931077e+00 1.422348489001e+01
     vertex 5.470690852300e+00 -1.180790147546e+00 1.438874372074e+01
     vertex 4.999869021852e+00 -1.354996847464e+00 1.465911920286e+01
   endloop
 endfacet
 facet normal 4.549815546652e-01 -8.517911759649e-01 2.596990132111e-01
   outer loop
     vertex 5.007742552978e+00 -1.483609931077e+00 1.422348489001e+01
     vertex 4.999869021852e+00 -1.354996847464e+00 1.465911920286e+01
     vertex 4.864708233527e+00 -1.451551217656e+00 1.457922481023e+01
   endloop
 endfacet
 facet normal 3.584094344075e-01 -9.058604004045e-01 2.257423582464e-01
   outer loop
     vertex 5.007742552978e+00 -1.483609931077e+00 1.422348489001e+01
     vertex 4.864708233527e+00 -1.451551217656e+00 1.457922481023e+01
     vertex 4.570837243595e+00 -1.608204385828e+00 1.441718270772e+01
   endloop
 endfacet
 facet normal 3.355322022659e-02 -7.159477534753e-01 6.973471127825e-01
   outer loop
     vertex 3.616841902182e+00 -1.234428462878e+00 1.519135589083e+01
     vertex 3.907141421774e+00 -1.481350852243e+00 1.492387932107e+01
     vertex 4.170673869537e+00 -1.219111783185e+00 1.518043320482e+01
   endloop
 endfacet
 facet normal -4.149836953760e-02 -7.561868522002e-01 6.530385362942e-01
   outer loop
     vertex 3.616841902182e+00 -1.234428462878e+00 1.519135589083e+01
     vertex 3.303033561323e+00 -1.431522879705e+00 1.494318869681e+01
     vertex 3.907141421774e+00 -1.481350852243e+00 1.492387932107e+01
   endloop
 endfacet
 facet normal -3.420646910430e-02 -5.375766560783e-01 8.425207750026e-01
   outer loop
     vertex 3.616841902182e+00 -1.234428462878e+00 1.519135589083e+01
     vertex 3.877517431910e+00 -9.487896659916e-01 1.538419331817e+01
     vertex 3.391094875617e+00 -9.093477800187e-01 1.538961067898e+01
   endloop
 endfacet
 facet normal 3.208282877532e-02 -5.791945483443e-01 8.145577740504e-01
   outer loop
     vertex 3.616841902182e+00 -1.234428462878e+00 1.519135589083e+01
     vertex 4.170673869537e+00 -1.219111783185e+00 1.518043320482e+01
     vertex 3.877517431910e+00 -9.487896659916e-01 1.538419331817e+01
   endloop
 endfacet
 facet normal -1.461341107523e-01 -5.093387772615e-01 8.480677046395e-01
   outer loop
     vertex 3.075207690969e+00 -1.128562454552e+00 1.520352125917e+01
     vertex 3.391094875617e+00 -9.093477800187e-01 1.538961067898e+01
     vertex 2.926574468417e+00 -7.663833329936e-01 1.539542986061e+01
   endloop
 endfacet
 facet normal -2.033668859360e-01 -5.222822890945e-01 8.281685336952e-01
   outer loop
     vertex 3.075207690969e+00 -1.128562454552e+00 1.520352125917e+01
     vertex 2.926574468417e+00 -7.663833329936e-01 1.539542986061e+01
     vertex 2.570665177793e+00 -7.865756472088e-01 1.529529776330e+01
   endloop
 endfacet
 facet normal -2.684793382798e-01 -6.379528153803e-01 7.217583046043e-01
   outer loop
     vertex 3.075207690969e+00 -1.128562454552e+00 1.520352125917e+01
     vertex 2.472908300329e+00 -8.925892099129e-01 1.518805188944e+01
     vertex 2.726908945024e+00 -1.252956799491e+00 1.496401069407e+01
   endloop
 endfacet
 facet normal -2.433646552722e-01 -5.697047339029e-01 7.849905481806e-01
   outer loop
     vertex 3.075207690969e+00 -1.128562454552e+00 1.520352125917e+01
     vertex 2.570665177793e+00 -7.865756472088e-01 1.529529776330e+01
     vertex 2.472908300329e+00 -8.925892099129e-01 1.518805188944e+01
   endloop
 endfacet
 facet normal -1.993334920142e-01 -7.205685777385e-01 6.641137581298e-01
   outer loop
     vertex 3.075207690969e+00 -1.128562454552e+00 1.520352125917e+01
     vertex 2.726908945024e+00 -1.252956799491e+00 1.496401069407e+01
     vertex 3.303033561323e+00 -1.431522879705e+00 1.494318869681e+01
   endloop
 endfacet
 facet normal -1.204759867524e-01 -6.975492437742e-01 7.063360313095e-01
   outer loop
     vertex 3.075207690969e+00 -1.128562454552e+00 1.520352125917e+01
     vertex 3.303033561323e+00 -1.431522879705e+00 1.494318869681e+01
     vertex 3.616841902182e+00 -1.234428462878e+00 1.519135589083e+01
   endloop
 endfacet
 facet normal -9.184473422603e-02 -5.641868770419e-01 8.205228287919e-01
   outer loop
     vertex 3.075207690969e+00 -1.128562454552e+00 1.520352125917e+01
     vertex 3.616841902182e+00 -1.234428462878e+00 1.519135589083e+01
     vertex 3.391094875617e+00 -9.093477800187e-01 1.538961067898e+01
   endloop
 endfacet
 facet normal 5.022982760045e-02 -3.517130392881e-02 9.981182013164e-01
   outer loop
     vertex 8.259156172598e+00 4.725071797592e+00 1.553871983140e+01
     vertex 4.982758678953e+00 3.660085120628e-01 1.555000000000e+01
     vertex 5.133164594484e+00 2.606931562166e-01 1.553871983140e+01
   endloop
 endfacet
 facet normal 1.499340149024e-01 -1.049849274687e-01 9.831062791884e-01
   outer loop
     vertex 8.259156172598e+00 4.725071797592e+00 1.553871983140e+01
     vertex 5.133164594484e+00 2.606931562166e-01 1.553871983140e+01
     vertex 5.281308371234e+00 1.569617669976e-01 1.550504898186e+01
   endloop
 endfacet
 facet normal 5.022982760045e-02 -3.517130392881e-02 9.981182013164e-01
   outer loop
     vertex 8.259156172598e+00 4.725071797592e+00 1.553871983140e+01
     vertex 8.108750257067e+00 4.830387153438e+00 1.555000000000e+01
     vertex 4.982758678953e+00 3.660085120628e-01 1.555000000000e+01
   endloop
 endfacet
 facet normal 2.473831609146e-01 -1.732195540986e-01 9.533082176158e-01
   outer loop
     vertex 8.407299949347e+00 4.621340408373e+00 1.550504898186e+01
     vertex 5.281308371234e+00 1.569617669976e-01 1.550504898186e+01
     vertex 5.424961893497e+00 5.637448781881e-02 1.544949386854e+01
   endloop
 endfacet
 facet normal 1.499340149024e-01 -1.049849274687e-01 9.831062791884e-01
   outer loop
     vertex 8.407299949347e+00 4.621340408373e+00 1.550504898186e+01
     vertex 8.259156172598e+00 4.725071797592e+00 1.553871983140e+01
     vertex 5.281308371234e+00 1.569617669976e-01 1.550504898186e+01
   endloop
 endfacet
 facet normal 3.411116085741e-01 -2.388489196944e-01 9.091721861434e-01
   outer loop
     vertex 8.550953471610e+00 4.520753129194e+00 1.544949386854e+01
     vertex 5.424961893497e+00 5.637448781881e-02 1.544949386854e+01
     vertex 5.561964580004e+00 -3.955582602862e-02 1.537289005282e+01
   endloop
 endfacet
 facet normal 2.473831609146e-01 -1.732195540986e-01 9.533082176158e-01
   outer loop
     vertex 8.550953471610e+00 4.520753129194e+00 1.544949386854e+01
     vertex 8.407299949347e+00 4.621340408373e+00 1.550504898186e+01
     vertex 5.424961893497e+00 5.637448781881e-02 1.544949386854e+01
   endloop
 endfacet
 facet normal 4.297096609576e-01 -3.008859438441e-01 8.513620006065e-01
   outer loop
     vertex 8.687956158117e+00 4.424822815346e+00 1.537289005282e+01
     vertex 5.561964580004e+00 -3.955582602862e-02 1.537289005282e+01
     vertex 5.690255879552e+00 -1.293863610590e-01 1.527638967332e+01
   endloop
 endfacet
 facet normal 3.411116085741e-01 -2.388489196944e-01 9.091721861434e-01
   outer loop
     vertex 8.687956158117e+00 4.424822815346e+00 1.537289005282e+01
     vertex 8.550953471610e+00 4.520753129194e+00 1.544949386854e+01
     vertex 5.561964580004e+00 -3.955582602862e-02 1.537289005282e+01
   endloop
 endfacet
 facet normal 5.118447834402e-01 -3.583975757581e-01 7.807471391916e-01
   outer loop
     vertex 8.816247457666e+00 4.334992280316e+00 1.527638967332e+01
     vertex 5.690255879552e+00 -1.293863610590e-01 1.527638967332e+01
     vertex 5.807906262156e+00 -2.117660458311e-01 1.516144411744e+01
   endloop
 endfacet
 facet normal 4.297096609576e-01 -3.008859438441e-01 8.513620006065e-01
   outer loop
     vertex 8.816247457666e+00 4.334992280316e+00 1.527638967332e+01
     vertex 8.687956158117e+00 4.424822815346e+00 1.537289005282e+01
     vertex 5.690255879552e+00 -1.293863610590e-01 1.527638967332e+01
   endloop
 endfacet
 facet normal 5.862816453154e-01 -4.105188275638e-01 6.983896652886e-01
   outer loop
     vertex 8.933897840269e+00 4.252612595544e+00 1.516144411744e+01
     vertex 5.807906262156e+00 -2.117660458311e-01 1.516144411744e+01
     vertex 5.913146239612e+00 -2.854558713670e-01 1.502978219217e+01
   endloop
 endfacet
 facet normal 5.118447834402e-01 -3.583975757581e-01 7.807471391916e-01
   outer loop
     vertex 8.933897840269e+00 4.252612595544e+00 1.516144411744e+01
     vertex 8.816247457666e+00 4.334992280316e+00 1.527638967332e+01
     vertex 5.807906262156e+00 -2.117660458311e-01 1.516144411744e+01
   endloop
 endfacet
 facet normal 6.519006994470e-01 -4.564657839170e-01 6.055282538194e-01
   outer loop
     vertex 9.039137817725e+00 4.178922770008e+00 1.502978219217e+01
     vertex 5.913146239612e+00 -2.854558713670e-01 1.502978219217e+01
     vertex 6.004392979002e+00 -3.493475261247e-01 1.488338412248e+01
   endloop
 endfacet
 facet normal 5.862816453154e-01 -4.105188275638e-01 6.983896652886e-01
   outer loop
     vertex 9.039137817725e+00 4.178922770008e+00 1.502978219217e+01
     vertex 8.933897840269e+00 4.252612595544e+00 1.516144411744e+01
     vertex 5.913146239612e+00 -2.854558713670e-01 1.502978219217e+01
   endloop
 endfacet
 facet normal 7.077150205095e-01 -4.955473922650e-01 5.035595612880e-01
   outer loop
     vertex 9.130384557115e+00 4.115031115250e+00 1.488338412248e+01
     vertex 6.004392979002e+00 -3.493475261247e-01 1.488338412248e+01
     vertex 6.080274108852e+00 -4.024800652536e-01 1.472445176823e+01
   endloop
 endfacet
 facet normal 6.519006994470e-01 -4.564657839170e-01 6.055282538194e-01
   outer loop
     vertex 9.130384557115e+00 4.115031115250e+00 1.488338412248e+01
     vertex 9.039137817725e+00 4.178922770008e+00 1.502978219217e+01
     vertex 6.004392979002e+00 -3.493475261247e-01 1.488338412248e+01
   endloop
 endfacet
 facet normal 7.077150205095e-01 -4.955473922650e-01 5.035595612880e-01
   outer loop
     vertex 9.206265686965e+00 4.061898576121e+00 1.472445176823e+01
     vertex 9.130384557115e+00 4.115031115250e+00 1.488338412248e+01
     vertex 6.080274108852e+00 -4.024800652536e-01 1.472445176823e+01
   endloop
 endfacet
 facet normal 7.528851485669e-01 -5.271758564327e-01 3.940172197530e-01
   outer loop
     vertex 9.265639938024e+00 4.020324277954e+00 1.455537550777e+01
     vertex 6.080274108852e+00 -4.024800652536e-01 1.472445176823e+01
     vertex 6.139648359911e+00 -4.440543634210e-01 1.455537550777e+01
   endloop
 endfacet
 facet normal 7.867317147388e-01 -5.508754772087e-01 2.785487706565e-01
   outer loop
     vertex 9.265639938024e+00 4.020324277954e+00 1.455537550777e+01
     vertex 6.139648359911e+00 -4.440543634210e-01 1.455537550777e+01
     vertex 6.181622730096e+00 -4.734451338363e-01 1.437869828607e+01
   endloop
 endfacet
 facet normal 7.528851485669e-01 -5.271758564327e-01 3.940172197530e-01
   outer loop
     vertex 9.265639938024e+00 4.020324277954e+00 1.455537550777e+01
     vertex 9.206265686965e+00 4.061898576121e+00 1.472445176823e+01
     vertex 6.080274108852e+00 -4.024800652536e-01 1.472445176823e+01
   endloop
 endfacet
 facet normal 7.867317147388e-01 -5.508754772087e-01 2.785487706565e-01
   outer loop
     vertex 9.307614308210e+00 3.990933507539e+00 1.437869828607e+01
     vertex 9.265639938024e+00 4.020324277954e+00 1.455537550777e+01
     vertex 6.181622730096e+00 -4.734451338363e-01 1.437869828607e+01
   endloop
 endfacet
 facet normal 8.087456590611e-01 -5.662898069689e-01 1.588908854307e-01
   outer loop
     vertex 9.331557493557e+00 3.974168308670e+00 1.419707736825e+01
     vertex 6.181622730096e+00 -4.734451338363e-01 1.437869828607e+01
     vertex 6.205565915444e+00 -4.902103327053e-01 1.419707736825e+01
   endloop
 endfacet
 facet normal 8.185958868624e-01 -5.731870107285e-01 3.684324556876e-02
   outer loop
     vertex 9.331557493557e+00 3.974168308670e+00 1.419707736825e+01
     vertex 6.205565915444e+00 -4.902103327053e-01 1.419707736825e+01
     vertex 6.211117805063e+00 -4.940978076681e-01 1.401324437375e+01
   endloop
 endfacet
 facet normal 8.087456590611e-01 -5.662898069689e-01 1.588908854307e-01
   outer loop
     vertex 9.331557493557e+00 3.974168308670e+00 1.419707736825e+01
     vertex 9.307614308210e+00 3.990933507539e+00 1.437869828607e+01
     vertex 6.181622730096e+00 -4.734451338363e-01 1.437869828607e+01
   endloop
 endfacet
 facet normal 8.185958868624e-01 -5.731870107285e-01 3.684324556876e-02
   outer loop
     vertex 9.337109383176e+00 3.970280833707e+00 1.401324437375e+01
     vertex 9.331557493557e+00 3.974168308670e+00 1.419707736825e+01
     vertex 6.211117805063e+00 -4.940978076681e-01 1.401324437375e+01
   endloop
 endfacet
 facet normal 8.161342485023e-01 -5.714633529924e-01 -8.575852498883e-02
   outer loop
     vertex 9.324186475400e+00 3.979329551147e+00 1.382996419213e+01
     vertex 6.211117805063e+00 -4.940978076681e-01 1.401324437375e+01
     vertex 6.198194897287e+00 -4.850490902275e-01 1.382996419213e+01
   endloop
 endfacet
 facet normal 8.161342485023e-01 -5.714633529924e-01 -8.575852498883e-02
   outer loop
     vertex 9.324186475400e+00 3.979329551147e+00 1.382996419213e+01
     vertex 9.337109383176e+00 3.970280833707e+00 1.401324437375e+01
     vertex 6.211117805063e+00 -4.940978076681e-01 1.401324437375e+01
   endloop
 endfacet
 facet normal 2.824526496742e-02 2.540656059739e-02 9.992780952695e-01
   outer loop
     vertex 8.040607416655e+00 6.634584793870e+00 1.555000000000e+01
     vertex 7.983854548574e+00 6.863213520029e+00 1.554579129192e+01
     vertex 7.919228938645e+00 6.769525029468e+00 1.555000000000e+01
   endloop
 endfacet
 facet normal 6.052338759895e-01 7.942037866929e-01 5.415072074603e-02
   outer loop
     vertex 8.757137561512e+00 8.029253734298e+00 1.403513160199e+01
     vertex 8.587950369937e+00 8.157171388379e+00 1.405000000000e+01
     vertex 8.602815492426e+00 8.133720275993e+00 1.422780163266e+01
   endloop
 endfacet
 facet normal 5.205069719722e-02 -3.257029378754e-02 9.981131703789e-01
   outer loop
     vertex 8.259156172598e+00 4.725071797592e+00 1.553871983140e+01
     vertex 8.189092985565e+00 4.958783140908e+00 1.555000000000e+01
     vertex 8.108750257067e+00 4.830387153438e+00 1.555000000000e+01
   endloop
 endfacet
 facet normal 2.377956608127e-01 2.442152021761e-02 9.710081426275e-01
   outer loop
     vertex 8.407299949347e+00 4.621340408373e+00 1.550504898186e+01
     vertex 8.189092985565e+00 4.958783140908e+00 1.555000000000e+01
     vertex 8.259156172598e+00 4.725071797592e+00 1.553871983140e+01
   endloop
 endfacet
 facet normal 1.160562838404e-01 -5.704459172976e-02 9.916031734195e-01
   outer loop
     vertex 8.407299949347e+00 4.621340408373e+00 1.550504898186e+01
     vertex 8.255898074755e+00 5.094696996331e+00 1.555000000000e+01
     vertex 8.189092985565e+00 4.958783140908e+00 1.555000000000e+01
   endloop
 endfacet
 facet normal 8.827099592649e-01 -4.684934197308e-01 3.656560519805e-02
   outer loop
     vertex 9.337109383176e+00 3.970280833707e+00 1.401324437375e+01
     vertex 9.505005168962e+00 4.272437035934e+00 1.383151376320e+01
     vertex 9.331557493557e+00 3.974168308670e+00 1.419707736825e+01
   endloop
 endfacet
 facet normal 8.481586621267e-01 -5.227784545772e-01 -8.561291543472e-02
   outer loop
     vertex 9.324186475400e+00 3.979329551147e+00 1.382996419213e+01
     vertex 9.505005168962e+00 4.272437035934e+00 1.383151376320e+01
     vertex 9.337109383176e+00 3.970280833707e+00 1.401324437375e+01
   endloop
 endfacet
 facet normal 2.268894117568e-01 6.049301499042e-02 9.720400145930e-01
   outer loop
     vertex 8.967987331081e+00 6.320572856250e+00 1.538418227976e+01
     vertex 8.300586109372e+00 6.159311450986e+00 1.555000000000e+01
     vertex 8.347315922970e+00 5.984043282909e+00 1.555000000000e+01
   endloop
 endfacet
 facet normal 2.381881484842e-01 3.886655759572e-02 9.704410320171e-01
   outer loop
     vertex 9.065800263231e+00 5.838393254472e+00 1.537948625002e+01
     vertex 8.967987331081e+00 6.320572856250e+00 1.538418227976e+01
     vertex 8.347315922970e+00 5.984043282909e+00 1.555000000000e+01
   endloop
 endfacet
 facet normal 2.371670504463e-01 3.329434415404e-02 9.708981804649e-01
   outer loop
     vertex 9.065800263231e+00 5.838393254472e+00 1.537948625002e+01
     vertex 8.347315922970e+00 5.984043282909e+00 1.555000000000e+01
     vertex 8.372548893359e+00 5.804300166976e+00 1.555000000000e+01
   endloop
 endfacet
 facet normal 2.386264655847e-01 4.629840829490e-03 9.711003936239e-01
   outer loop
     vertex 9.065800263231e+00 5.838393254472e+00 1.537948625002e+01
     vertex 8.372548893359e+00 5.804300166976e+00 1.555000000000e+01
     vertex 8.376070311591e+00 5.622802872050e+00 1.555000000000e+01
   endloop
 endfacet
 facet normal 2.441187883842e-01 -1.409428263368e-02 9.696429076494e-01
   outer loop
     vertex 9.051732877708e+00 5.343731820481e+00 1.537583770588e+01
     vertex 9.065800263231e+00 5.838393254472e+00 1.537948625002e+01
     vertex 8.376070311591e+00 5.622802872050e+00 1.555000000000e+01
   endloop
 endfacet
 facet normal 9.747408575073e-01 1.968446622262e-01 1.055103770200e-01
   outer loop
     vertex 9.696327897888e+00 6.541556597416e+00 1.444427239585e+01
     vertex 9.823554056386e+00 6.205513999878e+00 1.389584915200e+01
     vertex 9.779421372400e+00 6.417734938745e+00 1.390763350193e+01
   endloop
 endfacet
 facet normal 9.592569546952e-01 2.689780446160e-01 8.646910652623e-02
   outer loop
     vertex 9.696327897888e+00 6.541556597416e+00 1.444427239585e+01
     vertex 9.779421372400e+00 6.417734938745e+00 1.390763350193e+01
     vertex 9.719903657625e+00 6.625975727631e+00 1.392013023822e+01
   endloop
 endfacet
 facet normal 8.887194158799e-01 1.691804904379e-01 4.260936064920e-01
   outer loop
     vertex 9.601096808234e+00 5.875892140776e+00 1.490720156120e+01
     vertex 9.696327897888e+00 6.541556597416e+00 1.444427239585e+01
     vertex 9.478971608898e+00 6.475416992280e+00 1.492388129378e+01
   endloop
 endfacet
 facet normal 2.924668085907e-01 -1.071465965428e-01 9.502540569353e-01
   outer loop
     vertex 8.923432020801e+00 4.863737895501e+00 1.537352685567e+01
     vertex 8.407299949347e+00 4.621340408373e+00 1.550504898186e+01
     vertex 8.550953471610e+00 4.520753129194e+00 1.544949386854e+01
   endloop
 endfacet
 facet normal 3.684337377928e-01 -1.989804932178e-01 9.081097643869e-01
   outer loop
     vertex 8.923432020801e+00 4.863737895501e+00 1.537352685567e+01
     vertex 8.550953471610e+00 4.520753129194e+00 1.544949386854e+01
     vertex 8.687956158117e+00 4.424822815346e+00 1.537289005282e+01
   endloop
 endfacet
 facet normal 2.519055929570e-01 -1.132227399443e-02 9.676855782477e-01
   outer loop
     vertex 8.923432020801e+00 4.863737895501e+00 1.537352685567e+01
     vertex 8.255898074755e+00 5.094696996331e+00 1.555000000000e+01
     vertex 8.407299949347e+00 4.621340408373e+00 1.550504898186e+01
   endloop
 endfacet
 facet normal 4.640164224445e-01 -2.501755015199e-01 8.497652488429e-01
   outer loop
     vertex 8.923432020801e+00 4.863737895501e+00 1.537352685567e+01
     vertex 8.687956158117e+00 4.424822815346e+00 1.537289005282e+01
     vertex 8.816247457666e+00 4.334992280316e+00 1.527638967332e+01
   endloop
 endfacet
 facet normal 5.759773478567e-01 -2.591891863109e-01 7.752877275280e-01
   outer loop
     vertex 8.923432020801e+00 4.863737895501e+00 1.537352685567e+01
     vertex 8.816247457666e+00 4.334992280316e+00 1.527638967332e+01
     vertex 8.933897840269e+00 4.252612595544e+00 1.516144411744e+01
   endloop
 endfacet
 facet normal 9.761444402157e-01 1.855463617532e-01 1.127589441066e-01
   outer loop
     vertex 9.822990399924e+00 5.891700473899e+00 1.441711306238e+01
     vertex 9.823554056386e+00 6.205513999878e+00 1.389584915200e+01
     vertex 9.696327897888e+00 6.541556597416e+00 1.444427239585e+01
   endloop
 endfacet
 facet normal 9.963225767206e-01 -2.384628702851e-02 8.229628006098e-02
   outer loop
     vertex 9.822990399924e+00 5.891700473899e+00 1.441711306238e+01
     vertex 9.859227699918e+00 5.492882464219e+00 1.386284294470e+01
     vertex 9.865150230686e+00 5.782475930532e+00 1.387505464860e+01
   endloop
 endfacet
 facet normal 9.961107521722e-01 5.878987417959e-02 6.562865304724e-02
   outer loop
     vertex 9.822990399924e+00 5.891700473899e+00 1.441711306238e+01
     vertex 9.865150230686e+00 5.782475930532e+00 1.387505464860e+01
     vertex 9.852228450100e+00 5.990491042516e+00 1.388484217717e+01
   endloop
 endfacet
 facet normal 9.887176120221e-01 1.278555558634e-01 7.804127441416e-02
   outer loop
     vertex 9.822990399924e+00 5.891700473899e+00 1.441711306238e+01
     vertex 9.852228450100e+00 5.990491042516e+00 1.388484217717e+01
     vertex 9.823554056386e+00 6.205513999878e+00 1.389584915200e+01
   endloop
 endfacet
 facet normal 8.976475937409e-01 1.577610126250e-01 4.115097329915e-01
   outer loop
     vertex 9.822990399924e+00 5.891700473899e+00 1.441711306238e+01
     vertex 9.696327897888e+00 6.541556597416e+00 1.444427239585e+01
     vertex 9.601096808234e+00 5.875892140776e+00 1.490720156120e+01
   endloop
 endfacet
 facet normal 9.950435973059e-01 -3.755385638697e-02 9.207576951100e-02
   outer loop
     vertex 9.799816304584e+00 5.226306780526e+00 1.439616440216e+01
     vertex 9.859227699918e+00 5.492882464219e+00 1.386284294470e+01
     vertex 9.822990399924e+00 5.891700473899e+00 1.441711306238e+01
   endloop
 endfacet
 facet normal 9.752725860609e-01 -2.142538358524e-01 5.420956281441e-02
   outer loop
     vertex 9.799816304584e+00 5.226306780526e+00 1.439616440216e+01
     vertex 9.763559820431e+00 4.921523966968e+00 1.384384613412e+01
     vertex 9.825359798817e+00 5.204996326337e+00 1.385239104003e+01
   endloop
 endfacet
 facet normal 9.916296002892e-01 -1.185184649257e-01 5.122606076954e-02
   outer loop
     vertex 9.799816304584e+00 5.226306780526e+00 1.439616440216e+01
     vertex 9.825359798817e+00 5.204996326337e+00 1.385239104003e+01
     vertex 9.859227699918e+00 5.492882464219e+00 1.386284294470e+01
   endloop
 endfacet
 facet normal 9.160973301550e-01 -3.404772003880e-02 3.995077401541e-01
   outer loop
     vertex 9.799816304584e+00 5.226306780526e+00 1.439616440216e+01
     vertex 9.601096808234e+00 5.875892140776e+00 1.490720156120e+01
     vertex 9.583844331985e+00 5.260092684579e+00 1.489428161113e+01
   endloop
 endfacet
 facet normal 9.106092853825e-01 -4.464919024059e-02 4.108493387923e-01
   outer loop
     vertex 9.799816304584e+00 5.226306780526e+00 1.439616440216e+01
     vertex 9.822990399924e+00 5.891700473899e+00 1.441711306238e+01
     vertex 9.601096808234e+00 5.875892140776e+00 1.490720156120e+01
   endloop
 endfacet
 facet normal 6.496334520935e-01 -3.113940862755e-01 6.935489174916e-01
   outer loop
     vertex 9.424073846286e+00 4.662024621186e+00 1.488612648306e+01
     vertex 8.933897840269e+00 4.252612595544e+00 1.516144411744e+01
     vertex 9.039137817725e+00 4.178922770008e+00 1.502978219217e+01
   endloop
 endfacet
 facet normal 7.015802988889e-01 -3.797124609735e-01 6.029954653166e-01
   outer loop
     vertex 9.424073846286e+00 4.662024621186e+00 1.488612648306e+01
     vertex 9.039137817725e+00 4.178922770008e+00 1.502978219217e+01
     vertex 9.130384557115e+00 4.115031115250e+00 1.488338412248e+01
   endloop
 endfacet
 facet normal 7.614199658998e-01 -4.113301802913e-01 5.010460241441e-01
   outer loop
     vertex 9.424073846286e+00 4.662024621186e+00 1.488612648306e+01
     vertex 9.130384557115e+00 4.115031115250e+00 1.488338412248e+01
     vertex 9.206265686965e+00 4.061898576121e+00 1.472445176823e+01
   endloop
 endfacet
 facet normal 6.230717097542e-01 -2.468918895943e-01 7.421765553806e-01
   outer loop
     vertex 9.424073846286e+00 4.662024621186e+00 1.488612648306e+01
     vertex 8.923432020801e+00 4.863737895501e+00 1.537352685567e+01
     vertex 8.933897840269e+00 4.252612595544e+00 1.516144411744e+01
   endloop
 endfacet
 facet normal 9.613094920616e-01 -2.629787171917e-01 8.201374748454e-02
   outer loop
     vertex 9.624517103168e+00 4.581396408350e+00 1.438298470803e+01
     vertex 9.763559820431e+00 4.921523966968e+00 1.384384613412e+01
     vertex 9.799816304584e+00 5.226306780526e+00 1.439616440216e+01
   endloop
 endfacet
 facet normal 8.952052964999e-01 -4.423894732797e-01 5.384265084274e-02
   outer loop
     vertex 9.624517103168e+00 4.581396408350e+00 1.438298470803e+01
     vertex 9.505005168962e+00 4.272437035934e+00 1.383151376320e+01
     vertex 9.602791666387e+00 4.470630135378e+00 1.383410558302e+01
   endloop
 endfacet
 facet normal 9.257559997222e-01 -3.760786381217e-01 3.925158502388e-02
   outer loop
     vertex 9.624517103168e+00 4.581396408350e+00 1.438298470803e+01
     vertex 9.602791666387e+00 4.470630135378e+00 1.383410558302e+01
     vertex 9.685811341488e+00 4.675388470236e+00 1.383790857335e+01
   endloop
 endfacet
 facet normal 9.517362836727e-01 -3.019570321279e-01 5.495450017488e-02
   outer loop
     vertex 9.624517103168e+00 4.581396408350e+00 1.438298470803e+01
     vertex 9.685811341488e+00 4.675388470236e+00 1.383790857335e+01
     vertex 9.763559820431e+00 4.921523966968e+00 1.384384613412e+01
   endloop
 endfacet
 facet normal 8.253796720097e-01 -4.080507701326e-01 3.901832467282e-01
   outer loop
     vertex 9.624517103168e+00 4.581396408350e+00 1.438298470803e+01
     vertex 9.206265686965e+00 4.061898576121e+00 1.472445176823e+01
     vertex 9.265639938024e+00 4.020324277954e+00 1.455537550777e+01
   endloop
 endfacet
 facet normal 8.458493179508e-01 -4.559787343646e-01 2.768073791096e-01
   outer loop
     vertex 9.624517103168e+00 4.581396408350e+00 1.438298470803e+01
     vertex 9.265639938024e+00 4.020324277954e+00 1.455537550777e+01
     vertex 9.307614308210e+00 3.990933507539e+00 1.437869828607e+01
   endloop
 endfacet
 facet normal 8.695962541012e-01 -4.678600396841e-01 1.578269245723e-01
   outer loop
     vertex 9.624517103168e+00 4.581396408350e+00 1.438298470803e+01
     vertex 9.307614308210e+00 3.990933507539e+00 1.437869828607e+01
     vertex 9.331557493557e+00 3.974168308670e+00 1.419707736825e+01
   endloop
 endfacet
 facet normal 8.873116228330e-01 -2.423900278664e-01 3.923329687604e-01
   outer loop
     vertex 9.624517103168e+00 4.581396408350e+00 1.438298470803e+01
     vertex 9.583844331985e+00 5.260092684579e+00 1.489428161113e+01
     vertex 9.424073846286e+00 4.662024621186e+00 1.488612648306e+01
   endloop
 endfacet
 facet normal 8.921317604720e-01 -4.480761613266e-01 5.769467573280e-02
   outer loop
     vertex 9.624517103168e+00 4.581396408350e+00 1.438298470803e+01
     vertex 9.331557493557e+00 3.974168308670e+00 1.419707736825e+01
     vertex 9.505005168962e+00 4.272437035934e+00 1.383151376320e+01
   endloop
 endfacet
 facet normal 8.250055824607e-01 -4.054739105026e-01 3.936453947532e-01
   outer loop
     vertex 9.624517103168e+00 4.581396408350e+00 1.438298470803e+01
     vertex 9.424073846286e+00 4.662024621186e+00 1.488612648306e+01
     vertex 9.206265686965e+00 4.061898576121e+00 1.472445176823e+01
   endloop
 endfacet
 facet normal 8.825455172226e-01 -2.480569459127e-01 3.994761089411e-01
   outer loop
     vertex 9.624517103168e+00 4.581396408350e+00 1.438298470803e+01
     vertex 9.799816304584e+00 5.226306780526e+00 1.439616440216e+01
     vertex 9.583844331985e+00 5.260092684579e+00 1.489428161113e+01
   endloop
 endfacet
 facet normal 2.784981132196e-01 1.981998730634e-01 9.397635932780e-01
   outer loop
     vertex 8.236597014622e+00 6.855839537115e+00 1.552102546177e+01
     vertex 8.231284055871e+00 7.251515768381e+00 1.543915026425e+01
     vertex 8.142213011759e+00 7.105665269495e+00 1.549630683903e+01
   endloop
 endfacet
 facet normal 1.433746985720e-01 1.509424810309e-01 9.780900077343e-01
   outer loop
     vertex 8.236597014622e+00 6.855839537115e+00 1.552102546177e+01
     vertex 8.142213011759e+00 7.105665269495e+00 1.549630683903e+01
     vertex 8.046782022071e+00 6.957241375517e+00 1.553320105111e+01
   endloop
 endfacet
 facet normal 9.922775369177e-02 6.653259779058e-02 9.928379859416e-01
   outer loop
     vertex 8.236597014622e+00 6.855839537115e+00 1.552102546177e+01
     vertex 8.046782022071e+00 6.957241375517e+00 1.553320105111e+01
     vertex 7.983854548574e+00 6.863213520029e+00 1.554579129192e+01
   endloop
 endfacet
 facet normal 8.158756825397e-02 5.802652135691e-02 9.949755733311e-01
   outer loop
     vertex 8.236597014622e+00 6.855839537115e+00 1.552102546177e+01
     vertex 8.040607416655e+00 6.634584793870e+00 1.555000000000e+01
     vertex 8.145792737942e+00 6.486690100563e+00 1.555000000000e+01
   endloop
 endfacet
 facet normal 9.866860749458e-02 4.279437302210e-02 9.941997523298e-01
   outer loop
     vertex 8.236597014622e+00 6.855839537115e+00 1.552102546177e+01
     vertex 7.983854548574e+00 6.863213520029e+00 1.554579129192e+01
     vertex 8.040607416655e+00 6.634584793870e+00 1.555000000000e+01
   endloop
 endfacet
 facet normal 3.870886371337e-01 3.819541831921e-01 8.392099790541e-01
   outer loop
     vertex 8.634417903777e+00 7.117812941834e+00 1.533933680392e+01
     vertex 8.385669304078e+00 7.526739366233e+00 1.526795609651e+01
     vertex 8.312805872525e+00 7.392624180911e+00 1.536260518846e+01
   endloop
 endfacet
 facet normal 3.220402279021e-01 3.008804679518e-01 8.976419306259e-01
   outer loop
     vertex 8.634417903777e+00 7.117812941834e+00 1.533933680392e+01
     vertex 8.312805872525e+00 7.392624180911e+00 1.536260518846e+01
     vertex 8.231284055871e+00 7.251515768381e+00 1.543915026425e+01
   endloop
 endfacet
 facet normal 2.967797870449e-01 1.973224522283e-01 9.343369883763e-01
   outer loop
     vertex 8.634417903777e+00 7.117812941834e+00 1.533933680392e+01
     vertex 8.231284055871e+00 7.251515768381e+00 1.543915026425e+01
     vertex 8.236597014622e+00 6.855839537115e+00 1.552102546177e+01
   endloop
 endfacet
 facet normal 2.451366331034e-01 2.729303020863e-01 9.302779591680e-01
   outer loop
     vertex 8.659555210766e+00 6.844200230952e+00 1.541298696875e+01
     vertex 8.634417903777e+00 7.117812941834e+00 1.533933680392e+01
     vertex 8.236597014622e+00 6.855839537115e+00 1.552102546177e+01
   endloop
 endfacet
 facet normal 2.478500517300e-01 1.506503105013e-02 9.686812668246e-01
   outer loop
     vertex 8.659555210766e+00 6.844200230952e+00 1.541298696875e+01
     vertex 8.236597014622e+00 6.855839537115e+00 1.552102546177e+01
     vertex 8.145792737942e+00 6.486690100563e+00 1.555000000000e+01
   endloop
 endfacet
 facet normal 3.303322069318e-01 1.432551175212e-01 9.329301176227e-01
   outer loop
     vertex 8.558848382290e+00 6.454151461772e+00 1.550853881072e+01
     vertex 8.967987331081e+00 6.320572856250e+00 1.538418227976e+01
     vertex 8.659555210766e+00 6.844200230952e+00 1.541298696875e+01
   endloop
 endfacet
 facet normal 2.613553565590e-01 -9.383968543678e-02 9.606703342120e-01
   outer loop
     vertex 8.558848382290e+00 6.454151461772e+00 1.550853881072e+01
     vertex 8.300586109372e+00 6.159311450986e+00 1.555000000000e+01
     vertex 8.967987331081e+00 6.320572856250e+00 1.538418227976e+01
   endloop
 endfacet
 facet normal 1.041607804791e-01 5.705350940270e-02 9.929226701384e-01
   outer loop
     vertex 8.558848382290e+00 6.454151461772e+00 1.550853881072e+01
     vertex 8.145792737942e+00 6.486690100563e+00 1.555000000000e+01
     vertex 8.232949066068e+00 6.327571559804e+00 1.555000000000e+01
   endloop
 endfacet
 facet normal 1.092745045033e-01 4.392606450234e-02 9.930405749630e-01
   outer loop
     vertex 8.558848382290e+00 6.454151461772e+00 1.550853881072e+01
     vertex 8.232949066068e+00 6.327571559804e+00 1.555000000000e+01
     vertex 8.300586109372e+00 6.159311450986e+00 1.555000000000e+01
   endloop
 endfacet
 facet normal 1.139294107825e-01 2.085413398320e-01 9.713550323851e-01
   outer loop
     vertex 8.558848382290e+00 6.454151461772e+00 1.550853881072e+01
     vertex 8.659555210766e+00 6.844200230952e+00 1.541298696875e+01
     vertex 8.145792737942e+00 6.486690100563e+00 1.555000000000e+01
   endloop
 endfacet
 facet normal 3.450043665585e-01 2.733907080291e-01 8.979028387409e-01
   outer loop
     vertex 8.719372190459e+00 6.901504580298e+00 1.537255542732e+01
     vertex 8.634417903777e+00 7.117812941834e+00 1.533933680392e+01
     vertex 8.659555210766e+00 6.844200230952e+00 1.541298696875e+01
   endloop
 endfacet
 facet normal 4.016047675082e-01 2.910779185421e-01 8.683243956333e-01
   outer loop
     vertex 8.776805844243e+00 6.957273720260e+00 1.532729723285e+01
     vertex 8.634417903777e+00 7.117812941834e+00 1.533933680392e+01
     vertex 8.719372190459e+00 6.901504580298e+00 1.537255542732e+01
   endloop
 endfacet
 facet normal 4.570781135044e-01 4.505724310989e-01 7.668533643982e-01
   outer loop
     vertex 8.836418106949e+00 7.309074195653e+00 1.512718148115e+01
     vertex 8.449260206737e+00 7.652367242841e+00 1.515623921349e+01
     vertex 8.385669304078e+00 7.526739366233e+00 1.526795609651e+01
   endloop
 endfacet
 facet normal 4.465047937044e-01 4.103995382127e-01 7.951136322777e-01
   outer loop
     vertex 8.836418106949e+00 7.309074195653e+00 1.512718148115e+01
     vertex 8.385669304078e+00 7.526739366233e+00 1.526795609651e+01
     vertex 8.634417903777e+00 7.117812941834e+00 1.533933680392e+01
   endloop
 endfacet
 facet normal 4.836109282757e-01 3.694233010987e-01 7.935029266850e-01
   outer loop
     vertex 8.836418106949e+00 7.309074195653e+00 1.512718148115e+01
     vertex 8.634417903777e+00 7.117812941834e+00 1.533933680392e+01
     vertex 8.776805844243e+00 6.957273720260e+00 1.532729723285e+01
   endloop
 endfacet
 facet normal 5.082897304583e-01 5.211192411875e-01 6.856210953398e-01
   outer loop
     vertex 8.887019795361e+00 7.378095315287e+00 1.504016879926e+01
     vertex 8.502877527856e+00 7.767803841571e+00 1.502874989464e+01
     vertex 8.449260206737e+00 7.652367242841e+00 1.515623921349e+01
   endloop
 endfacet
 facet normal 5.041193852629e-01 5.095095563208e-01 6.973260768248e-01
   outer loop
     vertex 8.887019795361e+00 7.378095315287e+00 1.504016879926e+01
     vertex 8.449260206737e+00 7.652367242841e+00 1.515623921349e+01
     vertex 8.836418106949e+00 7.309074195653e+00 1.512718148115e+01
   endloop
 endfacet
 facet normal 5.552416968092e-01 5.820555098170e-01 5.940690545854e-01
   outer loop
     vertex 8.931919889137e+00 7.442368320499e+00 1.494660343343e+01
     vertex 8.545661819475e+00 7.870779923958e+00 1.488786826116e+01
     vertex 8.502877527856e+00 7.767803841571e+00 1.502874989464e+01
   endloop
 endfacet
 facet normal 5.395365077735e-01 5.504970041939e-01 6.370662486376e-01
   outer loop
     vertex 8.931919889137e+00 7.442368320499e+00 1.494660343343e+01
     vertex 8.502877527856e+00 7.767803841571e+00 1.502874989464e+01
     vertex 8.887019795361e+00 7.378095315287e+00 1.504016879926e+01
   endloop
 endfacet
 facet normal 5.030677525113e-01 3.613377509653e-01 7.850846235347e-01
   outer loop
     vertex 9.003728611745e+00 7.108152744548e+00 1.511244674554e+01
     vertex 8.836418106949e+00 7.309074195653e+00 1.512718148115e+01
     vertex 8.776805844243e+00 6.957273720260e+00 1.532729723285e+01
   endloop
 endfacet
 facet normal 4.604673915223e-01 2.239779826813e-01 8.589549724047e-01
   outer loop
     vertex 9.033228770332e+00 6.839591462502e+00 1.521387033041e+01
     vertex 8.659555210766e+00 6.844200230952e+00 1.541298696875e+01
     vertex 8.967987331081e+00 6.320572856250e+00 1.538418227976e+01
   endloop
 endfacet
 facet normal 4.736433914229e-01 2.069365292877e-01 8.560602844472e-01
   outer loop
     vertex 9.033228770332e+00 6.839591462502e+00 1.521387033041e+01
     vertex 8.776805844243e+00 6.957273720260e+00 1.532729723285e+01
     vertex 8.719372190459e+00 6.901504580298e+00 1.537255542732e+01
   endloop
 endfacet
 facet normal 4.675778037876e-01 1.289298487382e-01 8.744987658708e-01
   outer loop
     vertex 9.033228770332e+00 6.839591462502e+00 1.521387033041e+01
     vertex 8.719372190459e+00 6.901504580298e+00 1.537255542732e+01
     vertex 8.659555210766e+00 6.844200230952e+00 1.541298696875e+01
   endloop
 endfacet
 facet normal 5.091009510732e-01 3.524677084830e-01 7.852278243243e-01
   outer loop
     vertex 9.033228770332e+00 6.839591462502e+00 1.521387033041e+01
     vertex 9.003728611745e+00 7.108152744548e+00 1.511244674554e+01
     vertex 8.776805844243e+00 6.957273720260e+00 1.532729723285e+01
   endloop
 endfacet
 facet normal 5.793780786609e-01 4.317598858917e-01 6.913063307261e-01
   outer loop
     vertex 9.046577343545e+00 7.156235147473e+00 1.504650540134e+01
     vertex 8.836418106949e+00 7.309074195653e+00 1.512718148115e+01
     vertex 9.003728611745e+00 7.108152744548e+00 1.511244674554e+01
   endloop
 endfacet
 facet normal 5.816146104615e-01 4.378665418074e-01 6.855635174536e-01
   outer loop
     vertex 9.046577343545e+00 7.156235147473e+00 1.504650540134e+01
     vertex 8.887019795361e+00 7.378095315287e+00 1.504016879926e+01
     vertex 8.836418106949e+00 7.309074195653e+00 1.512718148115e+01
   endloop
 endfacet
 facet normal 6.659354352497e-01 3.264732299459e-01 6.707795660331e-01
   outer loop
     vertex 9.046577343545e+00 7.156235147473e+00 1.504650540134e+01
     vertex 9.003728611745e+00 7.108152744548e+00 1.511244674554e+01
     vertex 9.033228770332e+00 6.839591462502e+00 1.521387033041e+01
   endloop
 endfacet
 facet normal 6.198871155677e-01 4.755719449074e-01 6.241564620912e-01
   outer loop
     vertex 9.086201332039e+00 7.201908862935e+00 1.497659381952e+01
     vertex 8.931919889137e+00 7.442368320499e+00 1.494660343343e+01
     vertex 8.887019795361e+00 7.378095315287e+00 1.504016879926e+01
   endloop
 endfacet
 facet normal 6.111486273841e-01 4.579646842070e-01 6.455739332297e-01
   outer loop
     vertex 9.086201332039e+00 7.201908862935e+00 1.497659381952e+01
     vertex 8.887019795361e+00 7.378095315287e+00 1.504016879926e+01
     vertex 9.046577343545e+00 7.156235147473e+00 1.504650540134e+01
   endloop
 endfacet
 facet normal 5.963846491867e-01 6.993394952951e-01 3.940172845636e-01
   outer loop
     vertex 8.868989184935e+00 7.813947880831e+00 1.455308395161e+01
     vertex 8.597511160930e+00 8.034527011398e+00 1.457248824824e+01
     vertex 8.577295739092e+00 7.960067585388e+00 1.473524401348e+01
   endloop
 endfacet
 facet normal 6.151963794351e-01 6.182431661477e-01 4.891919891430e-01
   outer loop
     vertex 8.868989184935e+00 7.813947880831e+00 1.455308395161e+01
     vertex 8.577295739092e+00 7.960067585388e+00 1.473524401348e+01
     vertex 8.545661819475e+00 7.870779923958e+00 1.488786826116e+01
   endloop
 endfacet
 facet normal 6.140730985509e-01 6.205178952455e-01 4.877209974116e-01
   outer loop
     vertex 8.868989184935e+00 7.813947880831e+00 1.455308395161e+01
     vertex 8.545661819475e+00 7.870779923958e+00 1.488786826116e+01
     vertex 8.931919889137e+00 7.442368320499e+00 1.494660343343e+01
   endloop
 endfacet
 facet normal 5.999960031324e-01 7.472357544074e-01 2.857333084545e-01
   outer loop
     vertex 8.825982460598e+00 7.900517956110e+00 1.444318757515e+01
     vertex 8.606021411770e+00 8.092666394637e+00 1.440257476266e+01
     vertex 8.597511160930e+00 8.034527011398e+00 1.457248824824e+01
   endloop
 endfacet
 facet normal 6.094512510920e-01 7.210937728109e-01 3.295344342489e-01
   outer loop
     vertex 8.825982460598e+00 7.900517956110e+00 1.444318757515e+01
     vertex 8.597511160930e+00 8.034527011398e+00 1.457248824824e+01
     vertex 8.868989184935e+00 7.813947880831e+00 1.455308395161e+01
   endloop
 endfacet
 facet normal 6.393342702596e-01 4.846572495214e-01 5.969581571249e-01
   outer loop
     vertex 9.122199552289e+00 7.244765832170e+00 1.490324556858e+01
     vertex 8.931919889137e+00 7.442368320499e+00 1.494660343343e+01
     vertex 9.086201332039e+00 7.201908862935e+00 1.497659381952e+01
   endloop
 endfacet
 facet normal 6.697541312075e-01 6.878680680781e-01 2.797622645194e-01
   outer loop
     vertex 8.933907439314e+00 7.822443882749e+00 1.437677926817e+01
     vertex 8.825982460598e+00 7.900517956110e+00 1.444318757515e+01
     vertex 8.868989184935e+00 7.813947880831e+00 1.455308395161e+01
   endloop
 endfacet
 facet normal 6.680909717382e-01 6.896960348081e-01 2.792379505940e-01
   outer loop
     vertex 9.004671392621e+00 7.721208189320e+00 1.445751721214e+01
     vertex 8.933907439314e+00 7.822443882749e+00 1.437677926817e+01
     vertex 8.868989184935e+00 7.813947880831e+00 1.455308395161e+01
   endloop
 endfacet
 facet normal 6.288423832541e-01 7.594194807657e-01 1.668511589919e-01
   outer loop
     vertex 8.935259228541e+00 7.845064337680e+00 1.428867164122e+01
     vertex 8.602815492426e+00 8.133720275993e+00 1.422780163266e+01
     vertex 8.606021411770e+00 8.092666394637e+00 1.440257476266e+01
   endloop
 endfacet
 facet normal 6.415599954993e-01 7.603114376502e-01 1.016232746633e-01
   outer loop
     vertex 8.935259228541e+00 7.845064337680e+00 1.428867164122e+01
     vertex 8.757137561512e+00 8.029253734298e+00 1.403513160199e+01
     vertex 8.602815492426e+00 8.133720275993e+00 1.422780163266e+01
   endloop
 endfacet
 facet normal 6.295612270183e-01 7.573454030467e-01 1.734376023798e-01
   outer loop
     vertex 8.935259228541e+00 7.845064337680e+00 1.428867164122e+01
     vertex 8.606021411770e+00 8.092666394637e+00 1.440257476266e+01
     vertex 8.825982460598e+00 7.900517956110e+00 1.444318757515e+01
   endloop
 endfacet
 facet normal 7.127967041717e-01 6.982443023699e-01 6.614947263548e-02
   outer loop
     vertex 8.935259228541e+00 7.845064337680e+00 1.428867164122e+01
     vertex 9.068389863799e+00 7.736017308227e+00 1.400516808053e+01
     vertex 8.916631900536e+00 7.889509154238e+00 1.402025163401e+01
   endloop
 endfacet
 facet normal 6.611027121967e-01 7.462625738743e-01 7.768767444477e-02
   outer loop
     vertex 8.935259228541e+00 7.845064337680e+00 1.428867164122e+01
     vertex 8.916631900536e+00 7.889509154238e+00 1.402025163401e+01
     vertex 8.757137561512e+00 8.029253734298e+00 1.403513160199e+01
   endloop
 endfacet
 facet normal 6.515773272653e-01 7.322857622227e-01 1.980013864590e-01
   outer loop
     vertex 8.935259228541e+00 7.845064337680e+00 1.428867164122e+01
     vertex 8.825982460598e+00 7.900517956110e+00 1.444318757515e+01
     vertex 8.933907439314e+00 7.822443882749e+00 1.437677926817e+01
   endloop
 endfacet
 facet normal 6.970183409638e-01 6.918808244453e-01 1.883251367315e-01
   outer loop
     vertex 9.009936891988e+00 7.747553752910e+00 1.437051946551e+01
     vertex 8.935259228541e+00 7.845064337680e+00 1.428867164122e+01
     vertex 8.933907439314e+00 7.822443882749e+00 1.437677926817e+01
   endloop
 endfacet
 facet normal 6.901569712253e-01 6.799536327884e-01 2.476820791398e-01
   outer loop
     vertex 9.009936891988e+00 7.747553752910e+00 1.437051946551e+01
     vertex 8.933907439314e+00 7.822443882749e+00 1.437677926817e+01
     vertex 9.004671392621e+00 7.721208189320e+00 1.445751721214e+01
   endloop
 endfacet
 facet normal 6.923138260420e-01 6.003877069202e-01 4.002951007072e-01
   outer loop
     vertex 9.227637232074e+00 7.317702889001e+00 1.467709843720e+01
     vertex 9.004671392621e+00 7.721208189320e+00 1.445751721214e+01
     vertex 8.868989184935e+00 7.813947880831e+00 1.455308395161e+01
   endloop
 endfacet
 facet normal 6.642668242670e-01 5.936102865764e-01 4.542867088622e-01
   outer loop
     vertex 9.227637232074e+00 7.317702889001e+00 1.467709843720e+01
     vertex 8.868989184935e+00 7.813947880831e+00 1.455308395161e+01
     vertex 8.931919889137e+00 7.442368320499e+00 1.494660343343e+01
   endloop
 endfacet
 facet normal 6.784802110496e-01 5.453356507005e-01 4.922129938240e-01
   outer loop
     vertex 9.227637232074e+00 7.317702889001e+00 1.467709843720e+01
     vertex 8.931919889137e+00 7.442368320499e+00 1.494660343343e+01
     vertex 9.122199552289e+00 7.244765832170e+00 1.490324556858e+01
   endloop
 endfacet
 facet normal 7.305133514212e-01 4.725499261065e-01 4.929977796422e-01
   outer loop
     vertex 9.347968637472e+00 7.044901356051e+00 1.476028064956e+01
     vertex 9.227637232074e+00 7.317702889001e+00 1.467709843720e+01
     vertex 9.122199552289e+00 7.244765832170e+00 1.490324556858e+01
   endloop
 endfacet
 facet normal 8.464738235199e-01 3.175046071772e-01 4.274024924083e-01
   outer loop
     vertex 9.347968637472e+00 7.044901356051e+00 1.476028064956e+01
     vertex 9.478971608898e+00 6.475416992280e+00 1.492388129378e+01
     vertex 9.696327897888e+00 6.541556597416e+00 1.444427239585e+01
   endloop
 endfacet
 facet normal 6.925417473284e-01 3.418070826341e-01 6.352588814558e-01
   outer loop
     vertex 9.347968637472e+00 7.044901356051e+00 1.476028064956e+01
     vertex 9.033228770332e+00 6.839591462502e+00 1.521387033041e+01
     vertex 9.478971608898e+00 6.475416992280e+00 1.492388129378e+01
   endloop
 endfacet
 facet normal 7.126761660943e-01 3.040886269406e-01 6.321572504104e-01
   outer loop
     vertex 9.347968637472e+00 7.044901356051e+00 1.476028064956e+01
     vertex 9.046577343545e+00 7.156235147473e+00 1.504650540134e+01
     vertex 9.033228770332e+00 6.839591462502e+00 1.521387033041e+01
   endloop
 endfacet
 facet normal 7.111741428076e-01 3.317570393784e-01 6.198133633803e-01
   outer loop
     vertex 9.347968637472e+00 7.044901356051e+00 1.476028064956e+01
     vertex 9.086201332039e+00 7.201908862935e+00 1.497659381952e+01
     vertex 9.046577343545e+00 7.156235147473e+00 1.504650540134e+01
   endloop
 endfacet
 facet normal 7.142550156639e-01 3.921726500361e-01 5.796899043132e-01
   outer loop
     vertex 9.347968637472e+00 7.044901356051e+00 1.476028064956e+01
     vertex 9.122199552289e+00 7.244765832170e+00 1.490324556858e+01
     vertex 9.086201332039e+00 7.201908862935e+00 1.497659381952e+01
   endloop
 endfacet
 facet normal 7.052984745713e-01 7.064101531805e-01 5.948745456685e-02
   outer loop
     vertex 9.085738240801e+00 7.698462681437e+00 1.424544035190e+01
     vertex 9.068389863799e+00 7.736017308227e+00 1.400516808053e+01
     vertex 8.935259228541e+00 7.845064337680e+00 1.428867164122e+01
   endloop
 endfacet
 facet normal 7.659788122773e-01 6.009451135998e-01 2.283449793246e-01
   outer loop
     vertex 9.085738240801e+00 7.698462681437e+00 1.424544035190e+01
     vertex 9.009936891988e+00 7.747553752910e+00 1.437051946551e+01
     vertex 9.004671392621e+00 7.721208189320e+00 1.445751721214e+01
   endloop
 endfacet
 facet normal 8.037016147146e-01 5.870854933650e-01 9.692439314035e-02
   outer loop
     vertex 9.085738240801e+00 7.698462681437e+00 1.424544035190e+01
     vertex 9.337395350628e+00 7.398521053032e+00 1.397547893372e+01
     vertex 9.208854453926e+00 7.572055950610e+00 1.399021934352e+01
   endloop
 endfacet
 facet normal 7.606923459373e-01 6.474610898991e-01 4.627409533452e-02
   outer loop
     vertex 9.085738240801e+00 7.698462681437e+00 1.424544035190e+01
     vertex 9.208854453926e+00 7.572055950610e+00 1.399021934352e+01
     vertex 9.068389863799e+00 7.736017308227e+00 1.400516808053e+01
   endloop
 endfacet
 facet normal 7.121299111656e-01 6.827152925351e-01 1.636179053832e-01
   outer loop
     vertex 9.085738240801e+00 7.698462681437e+00 1.424544035190e+01
     vertex 8.935259228541e+00 7.845064337680e+00 1.428867164122e+01
     vertex 9.009936891988e+00 7.747553752910e+00 1.437051946551e+01
   endloop
 endfacet
 facet normal 7.305596394602e-01 5.903953185715e-01 3.430976260493e-01
   outer loop
     vertex 9.294857104500e+00 7.365713004158e+00 1.445135198163e+01
     vertex 9.004671392621e+00 7.721208189320e+00 1.445751721214e+01
     vertex 9.227637232074e+00 7.317702889001e+00 1.467709843720e+01
   endloop
 endfacet
 facet normal 8.086199555323e-01 5.775527878193e-01 1.121006012345e-01
   outer loop
     vertex 9.294857104500e+00 7.365713004158e+00 1.445135198163e+01
     vertex 9.337395350628e+00 7.398521053032e+00 1.397547893372e+01
     vertex 9.085738240801e+00 7.698462681437e+00 1.424544035190e+01
   endloop
 endfacet
 facet normal 8.423072171735e-01 5.273076030552e-01 1.116478555888e-01
   outer loop
     vertex 9.294857104500e+00 7.365713004158e+00 1.445135198163e+01
     vertex 9.453385280887e+00 7.216303211875e+00 1.396102005931e+01
     vertex 9.337395350628e+00 7.398521053032e+00 1.397547893372e+01
   endloop
 endfacet
 facet normal 7.569755709300e-01 6.140324144943e-01 2.234998410859e-01
   outer loop
     vertex 9.294857104500e+00 7.365713004158e+00 1.445135198163e+01
     vertex 9.085738240801e+00 7.698462681437e+00 1.424544035190e+01
     vertex 9.004671392621e+00 7.721208189320e+00 1.445751721214e+01
   endloop
 endfacet
 facet normal 8.168130684339e-01 4.645815909124e-01 3.420239123525e-01
   outer loop
     vertex 9.294857104500e+00 7.365713004158e+00 1.445135198163e+01
     vertex 9.227637232074e+00 7.317702889001e+00 1.467709843720e+01
     vertex 9.347968637472e+00 7.044901356051e+00 1.476028064956e+01
   endloop
 endfacet
 facet normal 5.636592561757e-01 1.927149161153e-01 8.032118052134e-01
   outer loop
     vertex 9.321352228334e+00 6.136324807136e+00 1.518041280482e+01
     vertex 9.033228770332e+00 6.839591462502e+00 1.521387033041e+01
     vertex 8.967987331081e+00 6.320572856250e+00 1.538418227976e+01
   endloop
 endfacet
 facet normal 5.358370640529e-01 1.005331684079e-01 8.383148112953e-01
   outer loop
     vertex 9.321352228334e+00 6.136324807136e+00 1.518041280482e+01
     vertex 8.967987331081e+00 6.320572856250e+00 1.538418227976e+01
     vertex 9.065800263231e+00 5.838393254472e+00 1.537948625002e+01
   endloop
 endfacet
 facet normal 7.540177118800e-01 1.357155079345e-01 6.426807847426e-01
   outer loop
     vertex 9.321352228334e+00 6.136324807136e+00 1.518041280482e+01
     vertex 9.601096808234e+00 5.875892140776e+00 1.490720156120e+01
     vertex 9.478971608898e+00 6.475416992280e+00 1.492388129378e+01
   endloop
 endfacet
 facet normal 6.578155100366e-01 2.354664418199e-01 7.154259636971e-01
   outer loop
     vertex 9.321352228334e+00 6.136324807136e+00 1.518041280482e+01
     vertex 9.478971608898e+00 6.475416992280e+00 1.492388129378e+01
     vertex 9.033228770332e+00 6.839591462502e+00 1.521387033041e+01
   endloop
 endfacet
 facet normal 3.549306715502e-01 -9.934724362451e-02 9.295990230078e-01
   outer loop
     vertex 8.694494942081e+00 5.279266071249e+00 1.550534537846e+01
     vertex 8.923432020801e+00 4.863737895501e+00 1.537352685567e+01
     vertex 9.051732877708e+00 5.343731820481e+00 1.537583770588e+01
   endloop
 endfacet
 facet normal 3.096344005208e-01 1.652851408039e-01 9.363799230246e-01
   outer loop
     vertex 8.694494942081e+00 5.279266071249e+00 1.550534537846e+01
     vertex 9.051732877708e+00 5.343731820481e+00 1.537583770588e+01
     vertex 8.376070311591e+00 5.622802872050e+00 1.555000000000e+01
   endloop
 endfacet
 facet normal 1.836881901211e-01 -2.038505438502e-01 9.616151020975e-01
   outer loop
     vertex 8.694494942081e+00 5.279266071249e+00 1.550534537846e+01
     vertex 8.255898074755e+00 5.094696996331e+00 1.555000000000e+01
     vertex 8.923432020801e+00 4.863737895501e+00 1.537352685567e+01
   endloop
 endfacet
 facet normal 1.253348705178e-01 -1.277625502884e-02 9.920322260591e-01
   outer loop
     vertex 8.694494942081e+00 5.279266071249e+00 1.550534537846e+01
     vertex 8.376070311591e+00 5.622802872050e+00 1.555000000000e+01
     vertex 8.357667671182e+00 5.442273245204e+00 1.555000000000e+01
   endloop
 endfacet
 facet normal 1.185185163752e-01 -2.701237004962e-02 9.925843506426e-01
   outer loop
     vertex 8.694494942081e+00 5.279266071249e+00 1.550534537846e+01
     vertex 8.357667671182e+00 5.442273245204e+00 1.555000000000e+01
     vertex 8.317353323281e+00 5.265391442792e+00 1.555000000000e+01
   endloop
 endfacet
 facet normal 1.190280495103e-01 -4.285375720185e-02 9.919656641857e-01
   outer loop
     vertex 8.694494942081e+00 5.279266071249e+00 1.550534537846e+01
     vertex 8.317353323281e+00 5.265391442792e+00 1.555000000000e+01
     vertex 8.255898074755e+00 5.094696996331e+00 1.555000000000e+01
   endloop
 endfacet
 facet normal 8.350183086265e-01 5.400297819782e-01 1.054146993309e-01
   outer loop
     vertex 9.568194306864e+00 6.990632658533e+00 1.420767618221e+01
     vertex 9.453385280887e+00 7.216303211875e+00 1.396102005931e+01
     vertex 9.294857104500e+00 7.365713004158e+00 1.445135198163e+01
   endloop
 endfacet
 facet normal 8.531669444006e-01 4.281668993544e-01 2.979585059691e-01
   outer loop
     vertex 9.568194306864e+00 6.990632658533e+00 1.420767618221e+01
     vertex 9.294857104500e+00 7.365713004158e+00 1.445135198163e+01
     vertex 9.347968637472e+00 7.044901356051e+00 1.476028064956e+01
   endloop
 endfacet
 facet normal 9.381356430980e-01 3.404490257419e-01 6.321373284735e-02
   outer loop
     vertex 9.568194306864e+00 6.990632658533e+00 1.420767618221e+01
     vertex 9.719903657625e+00 6.625975727631e+00 1.392013023822e+01
     vertex 9.645299041719e+00 6.829117996950e+00 1.393325494400e+01
   endloop
 endfacet
 facet normal 9.115550583099e-01 4.109306034310e-01 1.426235722366e-02
   outer loop
     vertex 9.568194306864e+00 6.990632658533e+00 1.420767618221e+01
     vertex 9.645299041719e+00 6.829117996950e+00 1.393325494400e+01
     vertex 9.556237570035e+00 7.026206261817e+00 1.394691575757e+01
   endloop
 endfacet
 facet normal 8.800126781680e-01 4.743252219333e-01 2.435713656328e-02
   outer loop
     vertex 9.568194306864e+00 6.990632658533e+00 1.420767618221e+01
     vertex 9.556237570035e+00 7.026206261817e+00 1.394691575757e+01
     vertex 9.453385280887e+00 7.216303211875e+00 1.396102005931e+01
   endloop
 endfacet
 facet normal 8.619831942258e-01 4.059286479104e-01 3.036559001203e-01
   outer loop
     vertex 9.568194306864e+00 6.990632658533e+00 1.420767618221e+01
     vertex 9.347968637472e+00 7.044901356051e+00 1.476028064956e+01
     vertex 9.696327897888e+00 6.541556597416e+00 1.444427239585e+01
   endloop
 endfacet
 facet normal 9.432700577108e-01 3.185221309322e-01 9.372966623587e-02
   outer loop
     vertex 9.568194306864e+00 6.990632658533e+00 1.420767618221e+01
     vertex 9.696327897888e+00 6.541556597416e+00 1.444427239585e+01
     vertex 9.719903657625e+00 6.625975727631e+00 1.392013023822e+01
   endloop
 endfacet
 facet normal 5.856886470124e-01 3.859707195881e-02 8.096166221101e-01
   outer loop
     vertex 9.370620033853e+00 5.578136275529e+00 1.517138241780e+01
     vertex 9.321352228334e+00 6.136324807136e+00 1.518041280482e+01
     vertex 9.065800263231e+00 5.838393254472e+00 1.537948625002e+01
   endloop
 endfacet
 facet normal 7.223713870331e-01 5.260442614211e-02 6.895015254125e-01
   outer loop
     vertex 9.370620033853e+00 5.578136275529e+00 1.517138241780e+01
     vertex 9.601096808234e+00 5.875892140776e+00 1.490720156120e+01
     vertex 9.321352228334e+00 6.136324807136e+00 1.518041280482e+01
   endloop
 endfacet
 facet normal 5.509312450915e-01 -2.182101794368e-02 8.342653093338e-01
   outer loop
     vertex 9.370620033853e+00 5.578136275529e+00 1.517138241780e+01
     vertex 9.065800263231e+00 5.838393254472e+00 1.537948625002e+01
     vertex 9.051732877708e+00 5.343731820481e+00 1.537583770588e+01
   endloop
 endfacet
 facet normal 7.722578876531e-01 -3.494497628285e-02 6.343473840019e-01
   outer loop
     vertex 9.370620033853e+00 5.578136275529e+00 1.517138241780e+01
     vertex 9.583844331985e+00 5.260092684579e+00 1.489428161113e+01
     vertex 9.601096808234e+00 5.875892140776e+00 1.490720156120e+01
   endloop
 endfacet
 facet normal 5.358384302344e-01 -1.472304780941e-01 8.313846059461e-01
   outer loop
     vertex 9.290153320262e+00 5.020561110265e+00 1.516494203546e+01
     vertex 9.051732877708e+00 5.343731820481e+00 1.537583770588e+01
     vertex 8.923432020801e+00 4.863737895501e+00 1.537352685567e+01
   endloop
 endfacet
 facet normal 5.852977558265e-01 -9.377018964471e-02 8.053779786898e-01
   outer loop
     vertex 9.290153320262e+00 5.020561110265e+00 1.516494203546e+01
     vertex 9.370620033853e+00 5.578136275529e+00 1.517138241780e+01
     vertex 9.051732877708e+00 5.343731820481e+00 1.537583770588e+01
   endloop
 endfacet
 facet normal 7.212721796153e-01 -1.119860751961e-01 6.835389980646e-01
   outer loop
     vertex 9.290153320262e+00 5.020561110265e+00 1.516494203546e+01
     vertex 9.583844331985e+00 5.260092684579e+00 1.489428161113e+01
     vertex 9.370620033853e+00 5.578136275529e+00 1.517138241780e+01
   endloop
 endfacet
 facet normal 5.727141268739e-01 -3.591305638713e-01 7.369014635435e-01
   outer loop
     vertex 9.290153320262e+00 5.020561110265e+00 1.516494203546e+01
     vertex 8.923432020801e+00 4.863737895501e+00 1.537352685567e+01
     vertex 9.424073846286e+00 4.662024621186e+00 1.488612648306e+01
   endloop
 endfacet
 facet normal 7.493687322873e-01 -2.087581107063e-01 6.283840818198e-01
   outer loop
     vertex 9.290153320262e+00 5.020561110265e+00 1.516494203546e+01
     vertex 9.424073846286e+00 4.662024621186e+00 1.488612648306e+01
     vertex 9.583844331985e+00 5.260092684579e+00 1.489428161113e+01
   endloop
 endfacet
endsolid
